#ifdef __has_include
    #if __has_include("lvgl.h")
        #ifndef LV_LVGL_H_INCLUDE_SIMPLE
            #define LV_LVGL_H_INCLUDE_SIMPLE
        #endif
    #endif
#endif

#if defined(LV_LVGL_H_INCLUDE_SIMPLE)
    #include "lvgl.h"
#else
    #include "lvgl/lvgl.h"
#endif

#ifndef LV_ATTRIBUTE_MEM_ALIGN
#define LV_ATTRIBUTE_MEM_ALIGN
#endif
#ifndef LV_ATTRIBUTE_IMG_UPDATE_IMG
#define LV_ATTRIBUTE_IMG_UPDATE_IMG
#endif

const LV_ATTRIBUTE_MEM_ALIGN LV_ATTRIBUTE_LARGE_CONST LV_ATTRIBUTE_IMG_UPDATE_IMG uint8_t update_img_map[] = {
#if LV_COLOR_DEPTH == 1 || LV_COLOR_DEPTH == 8
  /*Pixel format: Alpha 8 bit, Red: 3 bit, Green: 3 bit, Blue: 2 bit*/
  0x00, 0x00, 0x00, 0x00, 0x00, 0x00, 0x00, 0x00, 0x00, 0x00, 0x00, 0x00, 0x00, 0x00, 0x00, 0x00,
  0x00, 0x00, 0x00, 0x00, 0x00, 0x00, 0x00, 0x00, 0x00, 0x00, 0x00, 0x00, 0x00, 0x00, 0x00, 0x00,
  0x00, 0x00, 0x00, 0x00, 0x00, 0x00, 0x00, 0x00, 0x00, 0x00, 0x00, 0x00, 0x00, 0x00, 0x00, 0x00,
  0x00, 0x00, 0x00, 0x00, 0x00, 0x00, 0x00, 0x00, 0x00, 0x00, 0x00, 0x00, 0x00, 0x00, 0x00, 0x00,
  0x00, 0x00, 0x00, 0x00, 0x00, 0x00, 0x00, 0x00, 0x00, 0x00, 0x00, 0x00, 0x00, 0x00, 0x00, 0x00,
  0x00, 0x00, 0x00, 0x00, 0x00, 0x00, 0x00, 0x00, 0x00, 0x00, 0x00, 0x00, 0x00, 0x00, 0x00, 0x00,
  0x00, 0x00, 0x00, 0x00, 0x00, 0x00, 0x00, 0x00, 0x00, 0x00, 0x00, 0x00, 0x00, 0x00, 0x00, 0x00,
  0x00, 0x00, 0x00, 0x00, 0x00, 0x00, 0x00, 0x00, 0x00, 0x00, 0x00, 0x00, 0x00, 0x00, 0x00, 0x00,
  0x00, 0x00, 0x00, 0x00, 0x00, 0x00, 0x00, 0x00, 0x00, 0x00, 0x00, 0x00, 0x00, 0x00, 0x00, 0x00,
  0x00, 0x00, 0x00, 0x00, 0x00, 0x00, 0x00, 0x00, 0x00, 0x00, 0x00, 0x00, 0x00, 0x00, 0x00, 0x00,
  0x00, 0x00, 0x00, 0x00, 0x00, 0x00, 0x00, 0x00, 0x00, 0x00, 0x00, 0x00, 0x00, 0x00, 0x00, 0x00,
  0x00, 0x00, 0x00, 0x00, 0x00, 0x00, 0x00, 0x00, 0x00, 0x00, 0x00, 0x00, 0x00, 0x00, 0x00, 0x00,
  0x00, 0x00, 0x00, 0x00, 0x00, 0x00, 0x00, 0x00, 0x00, 0x00, 0x00, 0x00, 0x00, 0x00, 0x00, 0x00,
  0x00, 0x00, 0x00, 0x00, 0x00, 0x00, 0x00, 0x00, 0x00, 0x00, 0x00, 0x00, 0x00, 0x00, 0x00, 0x00,
  0x00, 0x00, 0x00, 0x00, 0x00, 0x00, 0x00, 0x00, 0x00, 0x00, 0x00, 0x00, 0x00, 0x00, 0x00, 0x00,
  0x00, 0x00, 0x00, 0x00, 0x00, 0x00, 0x00, 0x00, 0x00, 0x00, 0x00, 0x00, 0x00, 0x00, 0x00, 0x00,
  0x00, 0x00, 0x00, 0x00, 0x00, 0x00, 0x00, 0x00, 0x00, 0x00, 0x00, 0x00, 0x00, 0x00, 0x00, 0x00,
  0x00, 0x00, 0x00, 0x00, 0x00, 0x00, 0x00, 0x00, 0x00, 0x00, 0x00, 0x00, 0x00, 0x00, 0x00, 0x00,
  0x00, 0x00, 0x00, 0x00, 0x00, 0x00, 0x00, 0x00, 0x00, 0x00, 0x00, 0x00, 0x00, 0x00, 0x00, 0x00,
  0x00, 0x00, 0x00, 0x00, 0x00, 0x00, 0x00, 0x00, 0x00, 0x00, 0x00, 0x00, 0x00, 0x00, 0x00, 0x00,
  0x00, 0x00, 0x00, 0x00, 0x00, 0x00, 0x00, 0x00, 0x00, 0x00, 0x00, 0x00, 0x00, 0x00, 0x00, 0x00,
  0x00, 0x00, 0x00, 0x00, 0x00, 0x00, 0x00, 0x00, 0x00, 0x00, 0x00, 0x00, 0x00, 0x00, 0x00, 0x00,
  0x00, 0x00, 0x00, 0x00, 0x00, 0x00, 0x00, 0x00, 0x00, 0x00, 0x00, 0x00, 0x00, 0x00, 0x00, 0x00,
  0x00, 0x00, 0x00, 0x00, 0x00, 0x00, 0x00, 0x00, 0x00, 0x00, 0x00, 0x00, 0x00, 0x00, 0x00, 0x00,
  0x00, 0x00, 0x00, 0x00, 0x00, 0x00, 0x00, 0x00, 0x00, 0x00, 0x00, 0x00, 0x00, 0x00, 0x00, 0x00,
  0x00, 0x00, 0x00, 0x00, 0x00, 0x00, 0x00, 0x00, 0x00, 0x00, 0x00, 0x00, 0x00, 0x00, 0x00, 0x00,
  0x00, 0x00, 0x00, 0x00, 0x00, 0x00, 0x00, 0x00, 0x00, 0x00, 0x00, 0x00, 0x00, 0x00, 0x00, 0x00,
  0x00, 0x00, 0x00, 0x00, 0x00, 0x00, 0x00, 0x00, 0x00, 0x00, 0x00, 0x00, 0x00, 0x00, 0x00, 0x00,
  0x00, 0x00, 0x00, 0x00, 0x00, 0x00, 0x00, 0x00, 0x00, 0x00, 0x00, 0x00, 0x00, 0x00, 0x00, 0x00,
  0x00, 0x00, 0x00, 0x00, 0x00, 0x00, 0x00, 0x00, 0x00, 0x00, 0x00, 0x00, 0x00, 0x00, 0x00, 0x00,
  0x00, 0x00, 0x00, 0x00, 0x00, 0x00, 0x00, 0x00, 0x00, 0x00, 0x00, 0x00, 0x00, 0x00, 0x00, 0x00,
  0x00, 0x00, 0x00, 0x00, 0x00, 0x00, 0x00, 0x00, 0x00, 0x00, 0x00, 0x00, 0x00, 0x00, 0x00, 0x00,
  0x00, 0x00, 0x00, 0x00, 0x00, 0x00, 0x00, 0x00, 0x00, 0x00, 0x00, 0x00, 0x00, 0x00, 0x00, 0x00,
  0x00, 0x00, 0x00, 0x00, 0x00, 0x00, 0x00, 0x00, 0x00, 0x00, 0x00, 0x00, 0x00, 0x00, 0x00, 0x00,
  0x00, 0x00, 0x00, 0x00, 0x00, 0x00, 0x00, 0x00, 0x00, 0x00, 0x00, 0x00, 0x00, 0x00, 0x00, 0x00,
  0x00, 0x00, 0x00, 0x00, 0x00, 0x00, 0x00, 0x00, 0x00, 0x00, 0x00, 0x00, 0x00, 0x00, 0x00, 0x00,
  0x00, 0x00, 0x00, 0x00, 0x00, 0x00, 0x00, 0x00, 0x00, 0x00, 0x00, 0x00, 0x00, 0x00, 0x00, 0x00,
  0x00, 0x00, 0x00, 0x00, 0x00, 0x00, 0x00, 0x00, 0x00, 0x00, 0x00, 0x00, 0x00, 0x00, 0x00, 0x00,
  0x00, 0x00, 0x00, 0x00, 0x00, 0x00, 0x00, 0x00, 0x00, 0x00, 0x00, 0x00, 0x00, 0x00, 0x00, 0x00,
  0x00, 0x00, 0x00, 0x00, 0x00, 0x00, 0x00, 0x00, 0x00, 0x00, 0x00, 0x00, 0x00, 0x00, 0x00, 0x00,
  0x00, 0x00, 0x00, 0x00, 0x00, 0x00, 0x00, 0x00, 0x00, 0x00, 0x00, 0x00, 0x00, 0x00, 0x00, 0x00,
  0x00, 0x00, 0x00, 0x00, 0x00, 0x00, 0x00, 0x00, 0x00, 0x00, 0x00, 0x00, 0x00, 0x00, 0x00, 0x00,
  0x00, 0x00, 0x00, 0x00, 0x00, 0x00, 0x00, 0x00, 0x00, 0x00, 0x00, 0x00, 0x00, 0x00, 0x00, 0x00,
  0x00, 0x00, 0x00, 0x00, 0x00, 0x00, 0x00, 0x00, 0x00, 0x00, 0x00, 0x00, 0x00, 0x00, 0x00, 0x00,
  0x00, 0x00, 0x00, 0x00, 0x00, 0x00, 0x00, 0x00, 0x00, 0x00, 0x00, 0x00, 0x00, 0x00, 0x00, 0x00,
  0x00, 0x00, 0x00, 0x00, 0x00, 0x00, 0x00, 0x00, 0x00, 0x00, 0x00, 0x00, 0x00, 0x00, 0x00, 0x00,
  0x00, 0x00, 0x00, 0x00, 0x00, 0x00, 0x00, 0x00, 0x00, 0x00, 0x00, 0x00, 0x00, 0x00, 0x00, 0x00,
  0x00, 0x00, 0x00, 0x00, 0x00, 0x00, 0x00, 0x00, 0x00, 0x00, 0x00, 0x00, 0x00, 0x00, 0x00, 0x00,
  0x00, 0x00, 0x00, 0x00, 0x00, 0x00, 0x00, 0x00, 0x00, 0x00, 0x00, 0x00, 0x00, 0x00, 0x00, 0x00,
  0x00, 0x00, 0x00, 0x00, 0x00, 0x00, 0x00, 0x00, 0x00, 0x00, 0x00, 0x00, 0x00, 0x00, 0x00, 0x00,
  0x00, 0x00, 0x00, 0x00, 0x00, 0x00, 0x00, 0x00, 0x00, 0x00, 0x00, 0x00, 0x00, 0x00, 0x00, 0x00,
  0x00, 0x00, 0x00, 0x00, 0x00, 0x00, 0x00, 0x00, 0x00, 0x00, 0x00, 0x00, 0x00, 0x00, 0x00, 0x00,
  0x00, 0x00, 0x00, 0x00, 0x00, 0x00, 0x00, 0x00, 0x00, 0x00, 0x00, 0x00, 0x00, 0x00, 0x00, 0x00,
  0x00, 0x00, 0x00, 0x00, 0x00, 0x00, 0x00, 0x00, 0x00, 0x00, 0x00, 0x00, 0x00, 0x00, 0x00, 0x00,
  0x00, 0x00, 0x00, 0x00, 0x00, 0x00, 0x00, 0x00, 0x00, 0x00, 0x00, 0x00, 0x00, 0x00, 0x00, 0x00,
  0x00, 0x00, 0x00, 0x00, 0x00, 0x00, 0x00, 0x00, 0x00, 0x00, 0x00, 0x00, 0x00, 0x00, 0x00, 0x00,
  0x00, 0x00, 0x00, 0x00, 0x00, 0x00, 0x00, 0x00, 0x00, 0x00, 0x00, 0x00, 0x00, 0x00, 0x00, 0x00,
  0x00, 0x00, 0x00, 0x00, 0x00, 0x00, 0x00, 0x00, 0x00, 0x00, 0x00, 0x00, 0x00, 0x00, 0x00, 0x00,
  0x00, 0x00, 0x00, 0x00, 0x00, 0x00, 0x00, 0x00, 0x00, 0x00, 0x00, 0x00, 0x00, 0x00, 0x00, 0x00,
  0x00, 0x00, 0x00, 0x00, 0x00, 0x00, 0x00, 0x00, 0x00, 0x00, 0x00, 0x00, 0x00, 0x00, 0x00, 0x00,
  0x00, 0x00, 0x00, 0x00, 0x00, 0x00, 0x00, 0x00, 0x00, 0x00, 0x00, 0x00, 0x00, 0x00, 0x00, 0x00,
  0x00, 0x00, 0x00, 0x00, 0x00, 0x00, 0x00, 0x00, 0x00, 0x00, 0x00, 0x00, 0x00, 0x00, 0x00, 0x00,
  0x00, 0x00, 0x00, 0x00, 0x00, 0x00, 0x00, 0x00, 0x00, 0x00, 0x00, 0x00, 0x00, 0x00, 0x00, 0x00,
  0x00, 0x00, 0x00, 0x00, 0x00, 0x00, 0x00, 0x00, 0x00, 0x00, 0x00, 0x00, 0x00, 0x00, 0x00, 0x00,
  0x00, 0x00, 0x00, 0x00, 0x00, 0x00, 0x00, 0x00, 0x00, 0x00, 0x00, 0x00, 0x00, 0x00, 0x00, 0x00,
  0x00, 0x00, 0x00, 0x00, 0x00, 0x00, 0x00, 0x00, 0x00, 0x00, 0xe5, 0x27, 0xc5, 0xaf, 0xc5, 0xf2,
  0xc5, 0xff, 0xc5, 0xff, 0xc5, 0xff, 0xc5, 0xff, 0xc5, 0xff, 0xc5, 0xff, 0xc5, 0xff, 0xc5, 0xff,
  0xc5, 0xff, 0xc5, 0xff, 0xc5, 0xff, 0xc5, 0xff, 0xc5, 0xff, 0xc5, 0xff, 0xc5, 0xff, 0xc5, 0xff,
  0xc5, 0xff, 0xc5, 0xff, 0xc5, 0xff, 0xc5, 0xff, 0xc5, 0xff, 0xc5, 0xff, 0xc5, 0xff, 0xc5, 0xff,
  0xc5, 0xff, 0xc5, 0xff, 0xc5, 0xff, 0xc5, 0xff, 0xc5, 0xff, 0xc5, 0xff, 0xc5, 0xff, 0xc5, 0xff,
  0xc5, 0xf2, 0xc5, 0xae, 0xc5, 0x25, 0x00, 0x00, 0x00, 0x00, 0x00, 0x00, 0x00, 0x00, 0x00, 0x00,
  0x00, 0x00, 0x00, 0x00, 0x00, 0x00, 0x00, 0x00, 0x00, 0x00, 0x00, 0x00, 0x00, 0x00, 0x00, 0x00,
  0x00, 0x00, 0x00, 0x00, 0x00, 0x00, 0x00, 0x00, 0x00, 0x00, 0x00, 0x00, 0x00, 0x00, 0x00, 0x00,
  0x00, 0x00, 0x00, 0x00, 0x00, 0x00, 0x00, 0x00, 0xe5, 0x2c, 0xc5, 0xed, 0xc5, 0xff, 0xc5, 0xff,
  0xc5, 0xff, 0xc5, 0xff, 0xc5, 0xff, 0xc5, 0xff, 0xc5, 0xff, 0xc5, 0xff, 0xc5, 0xff, 0xc5, 0xff,
  0xc5, 0xff, 0xc5, 0xff, 0xc5, 0xff, 0xc5, 0xff, 0xc5, 0xff, 0xc5, 0xff, 0xc5, 0xff, 0xc5, 0xff,
  0xc5, 0xff, 0xc5, 0xff, 0xc5, 0xff, 0xc5, 0xff, 0xc5, 0xff, 0xc5, 0xff, 0xc5, 0xff, 0xc5, 0xff,
  0xc5, 0xff, 0xc5, 0xff, 0xc5, 0xff, 0xc5, 0xff, 0xc5, 0xff, 0xc5, 0xff, 0xc5, 0xff, 0xc5, 0xff,
  0xc5, 0xff, 0xc5, 0xff, 0xc5, 0xeb, 0xc5, 0x28, 0x00, 0x00, 0x00, 0x00, 0x00, 0x00, 0x00, 0x00,
  0x00, 0x00, 0x00, 0x00, 0x00, 0x00, 0x00, 0x00, 0x00, 0x00, 0x00, 0x00, 0x00, 0x00, 0x00, 0x00,
  0x00, 0x00, 0x00, 0x00, 0x00, 0x00, 0x00, 0x00, 0x00, 0x00, 0x00, 0x00, 0x00, 0x00, 0x00, 0x00,
  0x00, 0x00, 0x00, 0x00, 0x00, 0x00, 0xc5, 0x14, 0xc5, 0xde, 0xc5, 0xff, 0xc5, 0xff, 0xc5, 0xe4,
  0xc5, 0xaa, 0xc5, 0xaa, 0xc5, 0xaa, 0xc5, 0xaa, 0xc5, 0xaa, 0xc5, 0xaa, 0xc5, 0xaa, 0xc5, 0xaa,
  0xc5, 0xaa, 0xc5, 0xaa, 0xc5, 0xaa, 0xc5, 0xaa, 0xc5, 0xaa, 0xc5, 0xaa, 0xc5, 0xaa, 0xc5, 0xaa,
  0xc5, 0xaa, 0xc5, 0xaa, 0xc5, 0xaa, 0xc5, 0xaa, 0xc5, 0xaa, 0xc5, 0xaa, 0xc5, 0xaa, 0xc5, 0xaa,
  0xc5, 0xaa, 0xc5, 0xaa, 0xc5, 0xaa, 0xc5, 0xaa, 0xc5, 0xaa, 0xc5, 0xaa, 0xc5, 0xaa, 0xc5, 0xaf,
  0xc5, 0xfd, 0xc5, 0xff, 0xc5, 0xff, 0xc5, 0xda, 0xe5, 0x11, 0x00, 0x00, 0x00, 0x00, 0x00, 0x00,
  0x00, 0x00, 0x00, 0x00, 0x00, 0x00, 0x00, 0x00, 0x00, 0x00, 0x00, 0x00, 0x00, 0x00, 0x00, 0x00,
  0x00, 0x00, 0x00, 0x00, 0x00, 0x00, 0x00, 0x00, 0x00, 0x00, 0x00, 0x00, 0x00, 0x00, 0x00, 0x00,
  0x00, 0x00, 0x00, 0x00, 0xc9, 0x05, 0xc5, 0xbd, 0xc5, 0xff, 0xc5, 0xff, 0xc5, 0xf6, 0xe5, 0x32,
  0x00, 0x00, 0x00, 0x00, 0x00, 0x00, 0x00, 0x00, 0x00, 0x00, 0x00, 0x00, 0x00, 0x00, 0x00, 0x00,
  0x00, 0x00, 0x00, 0x00, 0x00, 0x00, 0x00, 0x00, 0x00, 0x00, 0x00, 0x00, 0x00, 0x00, 0x00, 0x00,
  0x00, 0x00, 0x00, 0x00, 0x00, 0x00, 0x00, 0x00, 0x00, 0x00, 0x00, 0x00, 0x00, 0x00, 0x00, 0x00,
  0x00, 0x00, 0x00, 0x00, 0x00, 0x00, 0x00, 0x00, 0x00, 0x00, 0x00, 0x00, 0x00, 0x00, 0x00, 0x00,
  0xe5, 0x61, 0xc5, 0xfe, 0xc5, 0xff, 0xc5, 0xff, 0xc5, 0xbb, 0xc9, 0x04, 0x00, 0x00, 0x00, 0x00,
  0x00, 0x00, 0x00, 0x00, 0x00, 0x00, 0x00, 0x00, 0x00, 0x00, 0x00, 0x00, 0x00, 0x00, 0x00, 0x00,
  0x00, 0x00, 0x00, 0x00, 0x00, 0x00, 0x00, 0x00, 0x00, 0x00, 0x00, 0x00, 0x00, 0x00, 0x00, 0x00,
  0x00, 0x00, 0x00, 0x00, 0xc5, 0x96, 0xc5, 0xff, 0xc5, 0xff, 0xc5, 0xfe, 0xe5, 0x57, 0x00, 0x00,
  0x00, 0x00, 0x00, 0x00, 0x00, 0x00, 0x00, 0x00, 0x00, 0x00, 0x00, 0x00, 0x00, 0x00, 0x00, 0x00,
  0x00, 0x00, 0x00, 0x00, 0x00, 0x00, 0x00, 0x00, 0x00, 0x00, 0x00, 0x00, 0x00, 0x00, 0x00, 0x00,
  0x00, 0x00, 0x00, 0x00, 0x00, 0x00, 0x00, 0x00, 0x00, 0x00, 0x00, 0x00, 0x00, 0x00, 0x00, 0x00,
  0x00, 0x00, 0x00, 0x00, 0x00, 0x00, 0x00, 0x00, 0x00, 0x00, 0x00, 0x00, 0x00, 0x00, 0x00, 0x00,
  0x00, 0x00, 0xc5, 0x6f, 0xc5, 0xff, 0xc5, 0xff, 0xc5, 0xff, 0xe5, 0x92, 0x00, 0x00, 0x00, 0x00,
  0x00, 0x00, 0x00, 0x00, 0x00, 0x00, 0x00, 0x00, 0x00, 0x00, 0x00, 0x00, 0x00, 0x00, 0x00, 0x00,
  0x00, 0x00, 0x00, 0x00, 0x00, 0x00, 0x00, 0x00, 0x00, 0x00, 0x00, 0x00, 0x00, 0x00, 0x00, 0x00,
  0x00, 0x00, 0xc5, 0x68, 0xc5, 0xff, 0xc5, 0xff, 0xc5, 0xff, 0xc5, 0xed, 0xc5, 0xaa, 0xc5, 0xaa,
  0xc5, 0xaa, 0xc5, 0xaa, 0xc5, 0xaa, 0xc5, 0xaa, 0xc5, 0xaa, 0xc5, 0xaa, 0xc5, 0xaa, 0xc5, 0xaa,
  0xc5, 0xaa, 0xc5, 0xaa, 0xc5, 0xaa, 0xc5, 0xaa, 0xc5, 0xaa, 0xc5, 0xaa, 0xc5, 0xaa, 0xc5, 0xaa,
  0xc5, 0xaa, 0xc5, 0xaa, 0xc5, 0xaa, 0xc5, 0xaa, 0xc5, 0xaa, 0xc5, 0xaa, 0xc5, 0xaa, 0xc5, 0xaa,
  0xc5, 0xaa, 0xc5, 0xaa, 0xc5, 0xaa, 0xc5, 0xaa, 0xc5, 0xaa, 0xc5, 0xaa, 0xc5, 0xaa, 0xc5, 0xaa,
  0xc5, 0xaa, 0xc5, 0xaa, 0xc5, 0xf1, 0xc5, 0xff, 0xc5, 0xff, 0xc5, 0xff, 0xe5, 0x67, 0x00, 0x00,
  0x00, 0x00, 0x00, 0x00, 0x00, 0x00, 0x00, 0x00, 0x00, 0x00, 0x00, 0x00, 0x00, 0x00, 0x00, 0x00,
  0x00, 0x00, 0x00, 0x00, 0x00, 0x00, 0x00, 0x00, 0x00, 0x00, 0x00, 0x00, 0x00, 0x00, 0x00, 0x00,
  0xc5, 0x2f, 0xc5, 0xf9, 0xc5, 0xff, 0xc5, 0xff, 0xc5, 0xff, 0xc5, 0xff, 0xc5, 0xff, 0xc5, 0xff,
  0xc5, 0xff, 0xc5, 0xff, 0xc5, 0xff, 0xc5, 0xff, 0xc5, 0xff, 0xc5, 0xff, 0xc5, 0xff, 0xc5, 0xff,
  0xc5, 0xff, 0xc5, 0xff, 0xc5, 0xff, 0xc5, 0xff, 0xc5, 0xff, 0xc5, 0xff, 0xc5, 0xff, 0xc5, 0xff,
  0xc5, 0xff, 0xc5, 0xff, 0xc5, 0xff, 0xc5, 0xff, 0xc5, 0xff, 0xc5, 0xff, 0xc5, 0xff, 0xc5, 0xff,
  0xc5, 0xff, 0xc5, 0xff, 0xc5, 0xff, 0xc5, 0xff, 0xc5, 0xff, 0xc5, 0xff, 0xc5, 0xff, 0xc5, 0xff,
  0xc5, 0xff, 0xc5, 0xff, 0xc5, 0xff, 0xc5, 0xff, 0xc5, 0xff, 0xc5, 0xff, 0xc5, 0xf9, 0xc5, 0x2e,
  0x00, 0x00, 0x00, 0x00, 0x00, 0x00, 0x00, 0x00, 0x00, 0x00, 0x00, 0x00, 0x00, 0x00, 0x00, 0x00,
  0x00, 0x00, 0x00, 0x00, 0x00, 0x00, 0x00, 0x00, 0x00, 0x00, 0x00, 0x00, 0x00, 0x00, 0x00, 0x00,
  0xc5, 0xa9, 0xc5, 0xff, 0xc5, 0xff, 0xc5, 0xff, 0xc5, 0xff, 0xc5, 0xff, 0xc5, 0xff, 0xc5, 0xff,
  0xc5, 0xff, 0xc5, 0xff, 0xc5, 0xff, 0xc5, 0xff, 0xc5, 0xff, 0xc5, 0xff, 0xc5, 0xff, 0xc5, 0xff,
  0xc5, 0xff, 0xc5, 0xff, 0xc5, 0xff, 0xc5, 0xff, 0xc5, 0xff, 0xc5, 0xff, 0xc5, 0xff, 0xc5, 0xff,
  0xc5, 0xff, 0xc5, 0xff, 0xc5, 0xff, 0xc5, 0xff, 0xc5, 0xff, 0xc5, 0xff, 0xc5, 0xff, 0xc5, 0xff,
  0xc5, 0xff, 0xc5, 0xff, 0xc5, 0xff, 0xc5, 0xff, 0xc5, 0xff, 0xc5, 0xff, 0xc5, 0xff, 0xc5, 0xff,
  0xc5, 0xff, 0xc5, 0xff, 0xc5, 0xff, 0xc5, 0xff, 0xc5, 0xff, 0xc5, 0xff, 0xc5, 0xff, 0xc5, 0xa8,
  0x00, 0x00, 0x00, 0x00, 0x00, 0x00, 0x00, 0x00, 0x00, 0x00, 0x00, 0x00, 0x00, 0x00, 0x00, 0x00,
  0x00, 0x00, 0x00, 0x00, 0x00, 0x00, 0x00, 0x00, 0x00, 0x00, 0x00, 0x00, 0x00, 0x00, 0x00, 0x00,
  0xc5, 0xeb, 0xc5, 0xff, 0xc5, 0xff, 0xc5, 0xff, 0xc5, 0xff, 0xc5, 0xff, 0xc5, 0xff, 0xc5, 0xff,
  0xc5, 0xff, 0xc5, 0xff, 0xc5, 0xff, 0xc5, 0xff, 0xc5, 0xff, 0xc5, 0xff, 0xc5, 0xff, 0xc5, 0xff,
  0xc5, 0xff, 0xc5, 0xff, 0xc5, 0xff, 0xc5, 0xff, 0xc5, 0xff, 0xc5, 0xff, 0xc5, 0xff, 0xc5, 0xff,
  0xc5, 0xff, 0xc5, 0xff, 0xc5, 0xff, 0xc5, 0xff, 0xc5, 0xff, 0xc5, 0xff, 0xc5, 0xff, 0xc5, 0xff,
  0xc5, 0xff, 0xc5, 0xff, 0xc5, 0xff, 0xc5, 0xff, 0xc5, 0xff, 0xc5, 0xff, 0xc5, 0xff, 0xc5, 0xff,
  0xc5, 0xff, 0xc5, 0xff, 0xc5, 0xff, 0xc5, 0xff, 0xc5, 0xff, 0xc5, 0xff, 0xc5, 0xff, 0xc5, 0xe9,
  0x00, 0x00, 0x00, 0x00, 0x00, 0x00, 0x00, 0x00, 0x00, 0x00, 0x00, 0x00, 0x00, 0x00, 0x00, 0x00,
  0x00, 0x00, 0x00, 0x00, 0x00, 0x00, 0x00, 0x00, 0x00, 0x00, 0x00, 0x00, 0x00, 0x00, 0x00, 0x00,
  0xc5, 0xfe, 0xc5, 0xff, 0xc5, 0xff, 0xc5, 0xff, 0xc5, 0xff, 0xc5, 0xff, 0xc5, 0xff, 0xc5, 0xff,
  0xc5, 0xff, 0xc5, 0xff, 0xc5, 0xff, 0xc5, 0xff, 0xc5, 0xff, 0xc5, 0xff, 0xc5, 0xff, 0xc5, 0xff,
  0xc5, 0xff, 0xc5, 0xff, 0xc5, 0xff, 0xc5, 0xff, 0xc5, 0xff, 0xc5, 0xff, 0xc5, 0xff, 0xc5, 0xff,
  0xc5, 0xff, 0xc5, 0xff, 0xc5, 0xff, 0xc5, 0xff, 0xc5, 0xff, 0xc5, 0xff, 0xc5, 0xff, 0xc5, 0xff,
  0xc5, 0xff, 0xc5, 0xff, 0xc5, 0xff, 0xc5, 0xff, 0xc5, 0xff, 0xc5, 0xff, 0xc5, 0xff, 0xc5, 0xff,
  0xc5, 0xff, 0xc5, 0xff, 0xc5, 0xff, 0xc5, 0xff, 0xc5, 0xff, 0xc5, 0xff, 0xc5, 0xff, 0xc5, 0xfe,
  0x00, 0x00, 0x00, 0x00, 0x00, 0x00, 0x00, 0x00, 0x00, 0x00, 0x00, 0x00, 0x00, 0x00, 0x00, 0x00,
  0x00, 0x00, 0x00, 0x00, 0x00, 0x00, 0x00, 0x00, 0x00, 0x00, 0x00, 0x00, 0x00, 0x00, 0x00, 0x00,
  0xc5, 0xff, 0xc5, 0xff, 0xc5, 0xff, 0xc5, 0xff, 0xc5, 0xff, 0xc5, 0xff, 0xc5, 0xff, 0xc5, 0xff,
  0xc5, 0xff, 0xc5, 0xff, 0xc5, 0xff, 0xc5, 0xff, 0xc5, 0xff, 0xc5, 0xff, 0xc5, 0xff, 0xc5, 0xff,
  0xc5, 0xff, 0xc5, 0xff, 0xc5, 0xff, 0xc5, 0xff, 0xc5, 0xff, 0xc5, 0xff, 0xc5, 0xff, 0xc5, 0xff,
  0xc5, 0xff, 0xc5, 0xff, 0xc5, 0xff, 0xc5, 0xff, 0xc5, 0xff, 0xc5, 0xff, 0xc5, 0xff, 0xc5, 0xff,
  0xc5, 0xff, 0xc5, 0xff, 0xc5, 0xff, 0xc5, 0xff, 0xc5, 0xff, 0xc5, 0xff, 0xc5, 0xff, 0xc5, 0xff,
  0xc5, 0xff, 0xc5, 0xff, 0xc5, 0xff, 0xc5, 0xff, 0xc5, 0xff, 0xc5, 0xff, 0xc5, 0xff, 0xc5, 0xff,
  0x00, 0x00, 0x00, 0x00, 0x00, 0x00, 0x00, 0x00, 0x00, 0x00, 0x00, 0x00, 0x00, 0x00, 0x00, 0x00,
  0x00, 0x00, 0x00, 0x00, 0x00, 0x00, 0x00, 0x00, 0x00, 0x00, 0x00, 0x00, 0x00, 0x00, 0x00, 0x00,
  0xc5, 0xff, 0xc5, 0xff, 0xc5, 0xff, 0xc5, 0xff, 0xc5, 0xff, 0xc5, 0xff, 0xc5, 0xff, 0xc5, 0xff,
  0xc5, 0xff, 0xc5, 0xff, 0xc5, 0xff, 0xc5, 0xff, 0xc5, 0xff, 0xc5, 0xff, 0xc5, 0xff, 0xc5, 0xff,
  0xc5, 0xff, 0xc5, 0xff, 0xc5, 0xff, 0xc5, 0xff, 0xc5, 0xff, 0xc5, 0xff, 0xc5, 0xff, 0xc5, 0xff,
  0xc5, 0xff, 0xc5, 0xff, 0xc5, 0xff, 0xc5, 0xff, 0xc5, 0xff, 0xc5, 0xff, 0xc5, 0xff, 0xc5, 0xff,
  0xc5, 0xff, 0xc5, 0xff, 0xc5, 0xff, 0xc5, 0xff, 0xc5, 0xff, 0xc5, 0xff, 0xc5, 0xff, 0xc5, 0xff,
  0xc5, 0xff, 0xc5, 0xff, 0xc5, 0xff, 0xc5, 0xff, 0xc5, 0xff, 0xc5, 0xff, 0xc5, 0xff, 0xc5, 0xff,
  0x00, 0x00, 0x00, 0x00, 0x00, 0x00, 0x00, 0x00, 0x00, 0x00, 0x00, 0x00, 0x00, 0x00, 0x00, 0x00,
  0x00, 0x00, 0x00, 0x00, 0x00, 0x00, 0x00, 0x00, 0x00, 0x00, 0x00, 0x00, 0x00, 0x00, 0x00, 0x00,
  0xc5, 0xff, 0xc5, 0xff, 0xc5, 0xff, 0xc5, 0xff, 0xc5, 0xff, 0xc5, 0xff, 0xc5, 0xff, 0xc5, 0xff,
  0xc5, 0xff, 0xc5, 0xff, 0xc5, 0xff, 0xc5, 0xff, 0xc5, 0xff, 0xc5, 0xff, 0xc5, 0xff, 0xc5, 0xff,
  0xc5, 0xff, 0xc5, 0xff, 0xc5, 0xff, 0xc5, 0xff, 0xc5, 0xff, 0xc5, 0xff, 0xc5, 0xff, 0xc5, 0xff,
  0xc5, 0xff, 0xc5, 0xff, 0xc5, 0xff, 0xc5, 0xff, 0xc5, 0xff, 0xc5, 0xff, 0xc5, 0xff, 0xc5, 0xff,
  0xc5, 0xff, 0xc5, 0xff, 0xc5, 0xff, 0xc5, 0xff, 0xc5, 0xff, 0xc5, 0xff, 0xc5, 0xff, 0xc5, 0xff,
  0xc5, 0xff, 0xc5, 0xff, 0xc5, 0xff, 0xc5, 0xff, 0xc5, 0xff, 0xc5, 0xff, 0xc5, 0xff, 0xc5, 0xff,
  0x00, 0x00, 0x00, 0x00, 0x00, 0x00, 0x00, 0x00, 0x00, 0x00, 0x00, 0x00, 0x00, 0x00, 0x00, 0x00,
  0x00, 0x00, 0x00, 0x00, 0x00, 0x00, 0x00, 0x00, 0x00, 0x00, 0x00, 0x00, 0x00, 0x00, 0x00, 0x00,
  0xc5, 0xff, 0xc5, 0xff, 0xc5, 0xff, 0xc5, 0xff, 0xc5, 0xff, 0xc5, 0xff, 0xc5, 0xff, 0xc5, 0xff,
  0xc5, 0xff, 0xc5, 0xff, 0xc5, 0xff, 0xc5, 0xff, 0xc5, 0xff, 0xc5, 0xff, 0xc5, 0xff, 0xc5, 0xff,
  0xc5, 0xff, 0xc5, 0xff, 0xc5, 0xff, 0xc5, 0xff, 0xc5, 0xff, 0xc5, 0xff, 0xc5, 0xff, 0xc5, 0xff,
  0xc5, 0xff, 0xc5, 0xff, 0xc5, 0xff, 0xc5, 0xff, 0xc5, 0xff, 0xc5, 0xff, 0xc5, 0xff, 0xc5, 0xff,
  0xc5, 0xff, 0xc5, 0xff, 0xc5, 0xff, 0xc5, 0xff, 0xc5, 0xff, 0xc5, 0xff, 0xc5, 0xff, 0xc5, 0xff,
  0xc5, 0xff, 0xc5, 0xff, 0xc5, 0xff, 0xc5, 0xff, 0xc5, 0xff, 0xc5, 0xff, 0xc5, 0xff, 0xc5, 0xff,
  0x00, 0x00, 0x00, 0x00, 0x00, 0x00, 0x00, 0x00, 0x00, 0x00, 0x00, 0x00, 0x00, 0x00, 0x00, 0x00,
  0x00, 0x00, 0x00, 0x00, 0x00, 0x00, 0x00, 0x00, 0x00, 0x00, 0x00, 0x00, 0x00, 0x00, 0x00, 0x00,
  0xc5, 0xff, 0xc5, 0xff, 0xc5, 0xff, 0xc5, 0xff, 0xc5, 0xff, 0xc5, 0xff, 0xc5, 0xff, 0xc5, 0xff,
  0xc5, 0xff, 0xc5, 0xff, 0xc5, 0xff, 0xc5, 0xff, 0xc5, 0xff, 0xc5, 0xff, 0xc5, 0xff, 0xc5, 0xff,
  0xc5, 0xff, 0xc5, 0xff, 0xc5, 0xff, 0xc5, 0xff, 0xc5, 0xff, 0xc5, 0xff, 0xc5, 0xff, 0xc5, 0xff,
  0xc5, 0xff, 0xc5, 0xff, 0xc5, 0xff, 0xc5, 0xff, 0xc5, 0xff, 0xc5, 0xff, 0xc5, 0xff, 0xc5, 0xff,
  0xc5, 0xff, 0xc5, 0xff, 0xc5, 0xff, 0xc5, 0xff, 0xc5, 0xff, 0xc5, 0xff, 0xc5, 0xff, 0xc5, 0xff,
  0xc5, 0xff, 0xc5, 0xff, 0xc5, 0xff, 0xc5, 0xff, 0xc5, 0xff, 0xc5, 0xff, 0xc5, 0xff, 0xc5, 0xff,
  0x00, 0x00, 0x00, 0x00, 0x00, 0x00, 0x00, 0x00, 0x00, 0x00, 0x00, 0x00, 0x00, 0x00, 0x00, 0x00,
  0x00, 0x00, 0x00, 0x00, 0x00, 0x00, 0x00, 0x00, 0x00, 0x00, 0x00, 0x00, 0x00, 0x00, 0x00, 0x00,
  0xc5, 0xff, 0xc5, 0xff, 0xc5, 0xff, 0xc5, 0xff, 0xc5, 0xff, 0xc5, 0xff, 0xc5, 0xff, 0xc5, 0xff,
  0xc5, 0xff, 0xc5, 0xff, 0xc5, 0xff, 0xc5, 0xff, 0xc5, 0xff, 0xc5, 0xff, 0xc5, 0xff, 0xc5, 0xff,
  0xc5, 0xff, 0xc5, 0xff, 0xc5, 0xff, 0xc5, 0xff, 0xc5, 0xff, 0xc5, 0xff, 0xc5, 0xff, 0xc5, 0xff,
  0xc5, 0xff, 0xc5, 0xff, 0xc5, 0xff, 0xc5, 0xff, 0xc5, 0xff, 0xc5, 0xff, 0xc5, 0xff, 0xc5, 0xff,
  0xc5, 0xff, 0xc5, 0xff, 0xc5, 0xff, 0xc5, 0xff, 0xc5, 0xff, 0xc5, 0xff, 0xc5, 0xff, 0xc5, 0xff,
  0xc5, 0xff, 0xc5, 0xff, 0xc5, 0xff, 0xc5, 0xff, 0xc5, 0xff, 0xc5, 0xff, 0xc5, 0xff, 0xc5, 0xff,
  0x00, 0x00, 0x00, 0x00, 0x00, 0x00, 0x00, 0x00, 0x00, 0x00, 0x00, 0x00, 0x00, 0x00, 0x00, 0x00,
  0x00, 0x00, 0x00, 0x00, 0x00, 0x00, 0x00, 0x00, 0x00, 0x00, 0x00, 0x00, 0x00, 0x00, 0x00, 0x00,
  0xc5, 0xff, 0xc5, 0xff, 0xc5, 0xff, 0xc5, 0xff, 0xc5, 0xff, 0xc5, 0xff, 0xc5, 0xff, 0xc5, 0xff,
  0xc5, 0xff, 0xc5, 0xff, 0xc5, 0xff, 0xc5, 0xff, 0xc5, 0xff, 0xc5, 0xff, 0xc5, 0xff, 0xc5, 0xff,
  0xc5, 0xff, 0xc5, 0xff, 0xc5, 0xff, 0xc5, 0xff, 0xc5, 0xff, 0xc5, 0xff, 0xc5, 0xff, 0xc5, 0xff,
  0xc5, 0xff, 0xc5, 0xff, 0xc5, 0xff, 0xc5, 0xff, 0xc5, 0xff, 0xc5, 0xff, 0xc5, 0xff, 0xc5, 0xff,
  0xc5, 0xff, 0xc5, 0xff, 0xc5, 0xff, 0xc5, 0xff, 0xc5, 0xff, 0xc5, 0xff, 0xc5, 0xff, 0xc5, 0xff,
  0xc5, 0xff, 0xc5, 0xff, 0xc5, 0xff, 0xc5, 0xff, 0xc5, 0xff, 0xc5, 0xff, 0xc5, 0xff, 0xc5, 0xff,
  0x00, 0x00, 0x00, 0x00, 0x00, 0x00, 0x00, 0x00, 0x00, 0x00, 0x00, 0x00, 0x00, 0x00, 0x00, 0x00,
  0x00, 0x00, 0x00, 0x00, 0x00, 0x00, 0x00, 0x00, 0x00, 0x00, 0x00, 0x00, 0x00, 0x00, 0x00, 0x00,
  0xc5, 0xff, 0xc5, 0xff, 0xc5, 0xff, 0xc5, 0xff, 0xc5, 0xff, 0xc5, 0xff, 0xc5, 0xff, 0xc5, 0xff,
  0xc5, 0xff, 0xc5, 0xff, 0xc5, 0xff, 0xc5, 0xff, 0xc5, 0xff, 0xc5, 0xff, 0xc5, 0xff, 0xc5, 0xff,
  0xc5, 0xff, 0xc5, 0xff, 0xc5, 0xff, 0xc5, 0xff, 0xc5, 0xff, 0xc5, 0xff, 0xc5, 0xff, 0xc5, 0xff,
  0xc5, 0xff, 0xc5, 0xff, 0xc5, 0xff, 0xc5, 0xff, 0xc5, 0xff, 0xc5, 0xff, 0xc5, 0xff, 0xc5, 0xff,
  0xc5, 0xff, 0xc5, 0xff, 0xc5, 0xff, 0xc5, 0xff, 0xc5, 0xff, 0xc5, 0xff, 0xc5, 0xff, 0xc5, 0xff,
  0xc5, 0xff, 0xc5, 0xff, 0xc5, 0xff, 0xc5, 0xff, 0xc5, 0xff, 0xc5, 0xff, 0xc5, 0xff, 0xc5, 0xff,
  0x00, 0x00, 0x00, 0x00, 0x00, 0x00, 0x00, 0x00, 0x00, 0x00, 0x00, 0x00, 0x00, 0x00, 0x00, 0x00,
  0x00, 0x00, 0x00, 0x00, 0x00, 0x00, 0x00, 0x00, 0x00, 0x00, 0x00, 0x00, 0x00, 0x00, 0x00, 0x00,
  0xc5, 0xff, 0xc5, 0xff, 0xc5, 0xff, 0xc5, 0xff, 0xc5, 0xff, 0xc5, 0xff, 0xc5, 0xff, 0xc5, 0xff,
  0xc5, 0xff, 0xc5, 0xff, 0xc5, 0xff, 0xc5, 0xff, 0xc5, 0xff, 0xc5, 0xff, 0xc5, 0xff, 0xc5, 0xff,
  0xc5, 0xff, 0xc5, 0xff, 0xc5, 0xe3, 0xc5, 0xaa, 0xc5, 0xaa, 0xc5, 0xaa, 0xc5, 0xaa, 0xc5, 0xaa,
  0xc5, 0xaa, 0xc5, 0xaa, 0xc5, 0xaa, 0xc5, 0xaa, 0xc5, 0xaa, 0xc5, 0xe3, 0xc5, 0xff, 0xc5, 0xff,
  0xc5, 0xff, 0xc5, 0xff, 0xc5, 0xff, 0xc5, 0xff, 0xc5, 0xff, 0xc5, 0xff, 0xc5, 0xff, 0xc5, 0xff,
  0xc5, 0xff, 0xc5, 0xff, 0xc5, 0xff, 0xc5, 0xff, 0xc5, 0xff, 0xc5, 0xff, 0xc5, 0xff, 0xc5, 0xff,
  0x00, 0x00, 0x00, 0x00, 0x00, 0x00, 0x00, 0x00, 0x00, 0x00, 0x00, 0x00, 0x00, 0x00, 0x00, 0x00,
  0x00, 0x00, 0x00, 0x00, 0x00, 0x00, 0x00, 0x00, 0x00, 0x00, 0x00, 0x00, 0x00, 0x00, 0x00, 0x00,
  0xc5, 0xff, 0xc5, 0xff, 0xc5, 0xff, 0xc5, 0xff, 0xc5, 0xff, 0xc5, 0xff, 0xc5, 0xff, 0xc5, 0xff,
  0xc5, 0xff, 0xc5, 0xff, 0xc5, 0xff, 0xc5, 0xff, 0xc5, 0xff, 0xc5, 0xff, 0xc5, 0xff, 0xc5, 0xff,
  0xc5, 0xff, 0xc5, 0xff, 0xc5, 0xaa, 0x00, 0x00, 0x00, 0x00, 0x00, 0x00, 0x00, 0x00, 0x00, 0x00,
  0x00, 0x00, 0x00, 0x00, 0x00, 0x00, 0x00, 0x00, 0x00, 0x00, 0xc5, 0xaa, 0xc5, 0xff, 0xc5, 0xff,
  0xc5, 0xff, 0xc5, 0xff, 0xc5, 0xff, 0xc5, 0xff, 0xc5, 0xff, 0xc5, 0xff, 0xc5, 0xff, 0xc5, 0xff,
  0xc5, 0xff, 0xc5, 0xff, 0xc5, 0xff, 0xc5, 0xff, 0xc5, 0xff, 0xc5, 0xff, 0xc5, 0xff, 0xc5, 0xff,
  0x00, 0x00, 0x00, 0x00, 0x00, 0x00, 0x00, 0x00, 0x00, 0x00, 0x00, 0x00, 0x00, 0x00, 0x00, 0x00,
  0x00, 0x00, 0x00, 0x00, 0x00, 0x00, 0x00, 0x00, 0x00, 0x00, 0x00, 0x00, 0x00, 0x00, 0x00, 0x00,
  0xc5, 0xff, 0xc5, 0xff, 0xc5, 0xff, 0xc5, 0xff, 0xc5, 0xff, 0xc5, 0xff, 0xc5, 0xff, 0xc5, 0xff,
  0xc5, 0xff, 0xc5, 0xff, 0xc5, 0xff, 0xc5, 0xff, 0xc5, 0xff, 0xc5, 0xff, 0xc5, 0xff, 0xc5, 0xff,
  0xc5, 0xff, 0xc5, 0xff, 0xc5, 0xaa, 0x00, 0x00, 0x00, 0x00, 0x00, 0x00, 0x00, 0x00, 0x00, 0x00,
  0x00, 0x00, 0x00, 0x00, 0x00, 0x00, 0x00, 0x00, 0x00, 0x00, 0xc5, 0xaa, 0xc5, 0xff, 0xc5, 0xff,
  0xc5, 0xff, 0xc5, 0xff, 0xc5, 0xff, 0xc5, 0xff, 0xc5, 0xff, 0xc5, 0xff, 0xc5, 0xff, 0xc5, 0xff,
  0xc5, 0xff, 0xc5, 0xff, 0xc5, 0xff, 0xc5, 0xff, 0xc5, 0xff, 0xc5, 0xff, 0xc5, 0xff, 0xc5, 0xff,
  0x00, 0x00, 0x00, 0x00, 0x00, 0x00, 0x00, 0x00, 0x00, 0x00, 0x00, 0x00, 0x00, 0x00, 0x00, 0x00,
  0x00, 0x00, 0x00, 0x00, 0x00, 0x00, 0x00, 0x00, 0x00, 0x00, 0x00, 0x00, 0x00, 0x00, 0x00, 0x00,
  0xc5, 0xff, 0xc5, 0xff, 0xc5, 0xff, 0xc5, 0xff, 0xc5, 0xff, 0xc5, 0xff, 0xc5, 0xff, 0xc5, 0xff,
  0xc5, 0xff, 0xc5, 0xff, 0xc5, 0xff, 0xc5, 0xff, 0xc5, 0xff, 0xc5, 0xff, 0xc5, 0xff, 0xc5, 0xff,
  0xc5, 0xff, 0xc5, 0xff, 0xc5, 0xaa, 0x00, 0x00, 0x00, 0x00, 0x00, 0x00, 0x00, 0x00, 0x00, 0x00,
  0x00, 0x00, 0x00, 0x00, 0x00, 0x00, 0x00, 0x00, 0x00, 0x00, 0xc5, 0xaa, 0xc5, 0xff, 0xc5, 0xff,
  0xc5, 0xff, 0xc5, 0xff, 0xc5, 0xff, 0xc5, 0xff, 0xc5, 0xff, 0xc5, 0xff, 0xc5, 0xff, 0xc5, 0xff,
  0xc5, 0xff, 0xc5, 0xff, 0xc5, 0xff, 0xc5, 0xff, 0xc5, 0xff, 0xc5, 0xff, 0xc5, 0xff, 0xc5, 0xff,
  0x00, 0x00, 0x00, 0x00, 0x00, 0x00, 0x00, 0x00, 0x00, 0x00, 0x00, 0x00, 0x00, 0x00, 0x00, 0x00,
  0x00, 0x00, 0x00, 0x00, 0x00, 0x00, 0x00, 0x00, 0x00, 0x00, 0x00, 0x00, 0x00, 0x00, 0x00, 0x00,
  0xc5, 0xff, 0xc5, 0xff, 0xc5, 0xff, 0xc5, 0xff, 0xc5, 0xff, 0xc5, 0xff, 0xc5, 0xff, 0xc5, 0xff,
  0xc5, 0xff, 0xc5, 0xff, 0xc5, 0xff, 0xc5, 0xff, 0xc5, 0xff, 0xc5, 0xff, 0xc5, 0xff, 0xc5, 0xff,
  0xc5, 0xff, 0xc5, 0xff, 0xc5, 0xaa, 0x00, 0x00, 0x00, 0x00, 0x00, 0x00, 0x00, 0x00, 0x00, 0x00,
  0x00, 0x00, 0x00, 0x00, 0x00, 0x00, 0x00, 0x00, 0x00, 0x00, 0xc5, 0xaa, 0xc5, 0xff, 0xc5, 0xff,
  0xc5, 0xff, 0xc5, 0xff, 0xc5, 0xff, 0xc5, 0xff, 0xc5, 0xff, 0xc5, 0xff, 0xc5, 0xff, 0xc5, 0xff,
  0xc5, 0xff, 0xc5, 0xff, 0xc5, 0xff, 0xc5, 0xff, 0xc5, 0xff, 0xc5, 0xff, 0xc5, 0xff, 0xc5, 0xff,
  0x00, 0x00, 0x00, 0x00, 0x00, 0x00, 0x00, 0x00, 0x00, 0x00, 0x00, 0x00, 0x00, 0x00, 0x00, 0x00,
  0x00, 0x00, 0x00, 0x00, 0x00, 0x00, 0x00, 0x00, 0x00, 0x00, 0x00, 0x00, 0x00, 0x00, 0x00, 0x00,
  0xc5, 0xff, 0xc5, 0xff, 0xc5, 0xff, 0xc5, 0xff, 0xc5, 0xff, 0xc5, 0xff, 0xc5, 0xff, 0xc5, 0xff,
  0xc5, 0xff, 0xc5, 0xff, 0xc5, 0xff, 0xc5, 0xff, 0xc5, 0xff, 0xc5, 0xff, 0xc5, 0xff, 0xc5, 0xff,
  0xc5, 0xff, 0xc5, 0xff, 0xc5, 0xaa, 0x00, 0x00, 0x00, 0x00, 0x00, 0x00, 0x00, 0x00, 0x00, 0x00,
  0x00, 0x00, 0x00, 0x00, 0x00, 0x00, 0x00, 0x00, 0x00, 0x00, 0xc5, 0xaa, 0xc5, 0xff, 0xc5, 0xff,
  0xc5, 0xff, 0xc5, 0xff, 0xc5, 0xff, 0xc5, 0xff, 0xc5, 0xff, 0xc5, 0xff, 0xc5, 0xff, 0xc5, 0xff,
  0xc5, 0xff, 0xc5, 0xff, 0xc5, 0xff, 0xc5, 0xff, 0xc5, 0xff, 0xc5, 0xff, 0xc5, 0xff, 0xc5, 0xff,
  0x00, 0x00, 0x00, 0x00, 0x00, 0x00, 0x00, 0x00, 0x00, 0x00, 0x00, 0x00, 0x00, 0x00, 0x00, 0x00,
  0x00, 0x00, 0x00, 0x00, 0x00, 0x00, 0x00, 0x00, 0x00, 0x00, 0x00, 0x00, 0x00, 0x00, 0x00, 0x00,
  0xc5, 0xff, 0xc5, 0xff, 0xc5, 0xff, 0xc5, 0xff, 0xc5, 0xff, 0xc5, 0xff, 0xc5, 0xff, 0xc5, 0xff,
  0xc5, 0xff, 0xe5, 0xcc, 0xe5, 0x11, 0x00, 0x00, 0x00, 0x00, 0x00, 0x00, 0x00, 0x00, 0x00, 0x00,
  0x00, 0x00, 0x00, 0x00, 0x00, 0x00, 0x00, 0x00, 0x00, 0x00, 0x00, 0x00, 0x00, 0x00, 0x00, 0x00,
  0x00, 0x00, 0x00, 0x00, 0x00, 0x00, 0x00, 0x00, 0x00, 0x00, 0x00, 0x00, 0x00, 0x00, 0x00, 0x00,
  0x00, 0x00, 0x00, 0x00, 0x00, 0x00, 0x00, 0x00, 0x00, 0x00, 0xc5, 0x0e, 0xe5, 0xc7, 0xc5, 0xff,
  0xc5, 0xff, 0xc5, 0xff, 0xc5, 0xff, 0xc5, 0xff, 0xc5, 0xff, 0xc5, 0xff, 0xc5, 0xff, 0xc5, 0xff,
  0x00, 0x00, 0x00, 0x00, 0x00, 0x00, 0x00, 0x00, 0x00, 0x00, 0x00, 0x00, 0x00, 0x00, 0x00, 0x00,
  0x00, 0x00, 0x00, 0x00, 0x00, 0x00, 0x00, 0x00, 0x00, 0x00, 0x00, 0x00, 0x00, 0x00, 0x00, 0x00,
  0xc5, 0xff, 0xc5, 0xff, 0xc5, 0xff, 0xc5, 0xff, 0xc5, 0xff, 0xc5, 0xff, 0xc5, 0xff, 0xc5, 0xff,
  0xc5, 0xff, 0xc5, 0xff, 0xe5, 0xcc, 0xe5, 0x11, 0x00, 0x00, 0x00, 0x00, 0x00, 0x00, 0x00, 0x00,
  0x00, 0x00, 0x00, 0x00, 0x00, 0x00, 0x00, 0x00, 0x00, 0x00, 0x00, 0x00, 0x00, 0x00, 0x00, 0x00,
  0x00, 0x00, 0x00, 0x00, 0x00, 0x00, 0x00, 0x00, 0x00, 0x00, 0x00, 0x00, 0x00, 0x00, 0x00, 0x00,
  0x00, 0x00, 0x00, 0x00, 0x00, 0x00, 0x00, 0x00, 0xc5, 0x0e, 0xe5, 0xc7, 0xc5, 0xff, 0xc5, 0xff,
  0xc5, 0xff, 0xc5, 0xff, 0xc5, 0xff, 0xc5, 0xff, 0xc5, 0xff, 0xc5, 0xff, 0xc5, 0xff, 0xc5, 0xff,
  0x00, 0x00, 0x00, 0x00, 0x00, 0x00, 0x00, 0x00, 0x00, 0x00, 0x00, 0x00, 0x00, 0x00, 0x00, 0x00,
  0x00, 0x00, 0x00, 0x00, 0x00, 0x00, 0x00, 0x00, 0x00, 0x00, 0x00, 0x00, 0x00, 0x00, 0x00, 0x00,
  0xc5, 0xff, 0xc5, 0xff, 0xc5, 0xff, 0xc5, 0xff, 0xc5, 0xff, 0xc5, 0xff, 0xc5, 0xff, 0xc5, 0xff,
  0xc5, 0xff, 0xc5, 0xff, 0xc5, 0xff, 0xe5, 0xcc, 0xe5, 0x11, 0x00, 0x00, 0x00, 0x00, 0x00, 0x00,
  0x00, 0x00, 0x00, 0x00, 0x00, 0x00, 0x00, 0x00, 0x00, 0x00, 0x00, 0x00, 0x00, 0x00, 0x00, 0x00,
  0x00, 0x00, 0x00, 0x00, 0x00, 0x00, 0x00, 0x00, 0x00, 0x00, 0x00, 0x00, 0x00, 0x00, 0x00, 0x00,
  0x00, 0x00, 0x00, 0x00, 0x00, 0x00, 0xc5, 0x0e, 0xe5, 0xc7, 0xc5, 0xff, 0xc5, 0xff, 0xc5, 0xff,
  0xc5, 0xff, 0xc5, 0xff, 0xc5, 0xff, 0xc5, 0xff, 0xc5, 0xff, 0xc5, 0xff, 0xc5, 0xff, 0xc5, 0xff,
  0x00, 0x00, 0x00, 0x00, 0x00, 0x00, 0x00, 0x00, 0x00, 0x00, 0x00, 0x00, 0x00, 0x00, 0x00, 0x00,
  0x00, 0x00, 0x00, 0x00, 0x00, 0x00, 0x00, 0x00, 0x00, 0x00, 0x00, 0x00, 0x00, 0x00, 0x00, 0x00,
  0xc5, 0xff, 0xc5, 0xff, 0xc5, 0xff, 0xc5, 0xff, 0xc5, 0xff, 0xc5, 0xff, 0xc5, 0xff, 0xc5, 0xff,
  0xc5, 0xff, 0xc5, 0xff, 0xc5, 0xff, 0xc5, 0xff, 0xe5, 0xcc, 0xe5, 0x11, 0x00, 0x00, 0x00, 0x00,
  0x00, 0x00, 0x00, 0x00, 0x00, 0x00, 0x00, 0x00, 0x00, 0x00, 0x00, 0x00, 0x00, 0x00, 0x00, 0x00,
  0x00, 0x00, 0x00, 0x00, 0x00, 0x00, 0x00, 0x00, 0x00, 0x00, 0x00, 0x00, 0x00, 0x00, 0x00, 0x00,
  0x00, 0x00, 0x00, 0x00, 0xc5, 0x0e, 0xe5, 0xc7, 0xc5, 0xff, 0xc5, 0xff, 0xc5, 0xff, 0xc5, 0xff,
  0xc5, 0xff, 0xc5, 0xff, 0xc5, 0xff, 0xc5, 0xff, 0xc5, 0xff, 0xc5, 0xff, 0xc5, 0xff, 0xc5, 0xff,
  0x00, 0x00, 0x00, 0x00, 0x00, 0x00, 0x00, 0x00, 0x00, 0x00, 0x00, 0x00, 0x00, 0x00, 0x00, 0x00,
  0x00, 0x00, 0x00, 0x00, 0x00, 0x00, 0x00, 0x00, 0x00, 0x00, 0x00, 0x00, 0x00, 0x00, 0x00, 0x00,
  0xc5, 0xff, 0xc5, 0xff, 0xc5, 0xff, 0xc5, 0xff, 0xc5, 0xff, 0xc5, 0xff, 0xc5, 0xff, 0xc5, 0xff,
  0xc5, 0xff, 0xc5, 0xff, 0xc5, 0xff, 0xc5, 0xff, 0xc5, 0xff, 0xe5, 0xcc, 0xe5, 0x11, 0x00, 0x00,
  0x00, 0x00, 0x00, 0x00, 0x00, 0x00, 0x00, 0x00, 0x00, 0x00, 0x00, 0x00, 0x00, 0x00, 0x00, 0x00,
  0x00, 0x00, 0x00, 0x00, 0x00, 0x00, 0x00, 0x00, 0x00, 0x00, 0x00, 0x00, 0x00, 0x00, 0x00, 0x00,
  0x00, 0x00, 0xc5, 0x0e, 0xe5, 0xc7, 0xc5, 0xff, 0xc5, 0xff, 0xc5, 0xff, 0xc5, 0xff, 0xc5, 0xff,
  0xc5, 0xff, 0xc5, 0xff, 0xc5, 0xff, 0xc5, 0xff, 0xc5, 0xff, 0xc5, 0xff, 0xc5, 0xff, 0xc5, 0xff,
  0x00, 0x00, 0x00, 0x00, 0x00, 0x00, 0x00, 0x00, 0x00, 0x00, 0x00, 0x00, 0x00, 0x00, 0x00, 0x00,
  0x00, 0x00, 0x00, 0x00, 0x00, 0x00, 0x00, 0x00, 0x00, 0x00, 0x00, 0x00, 0x00, 0x00, 0x00, 0x00,
  0xc5, 0xff, 0xc5, 0xff, 0xc5, 0xff, 0xc5, 0xff, 0xc5, 0xff, 0xc5, 0xff, 0xc5, 0xff, 0xc5, 0xff,
  0xc5, 0xff, 0xc5, 0xff, 0xc5, 0xff, 0xc5, 0xff, 0xc5, 0xff, 0xc5, 0xff, 0xe5, 0xcc, 0xe5, 0x11,
  0x00, 0x00, 0x00, 0x00, 0x00, 0x00, 0x00, 0x00, 0x00, 0x00, 0x00, 0x00, 0x00, 0x00, 0x00, 0x00,
  0x00, 0x00, 0x00, 0x00, 0x00, 0x00, 0x00, 0x00, 0x00, 0x00, 0x00, 0x00, 0x00, 0x00, 0x00, 0x00,
  0xc5, 0x0e, 0xe5, 0xc7, 0xc5, 0xff, 0xc5, 0xff, 0xc5, 0xff, 0xc5, 0xff, 0xc5, 0xff, 0xc5, 0xff,
  0xc5, 0xff, 0xc5, 0xff, 0xc5, 0xff, 0xc5, 0xff, 0xc5, 0xff, 0xc5, 0xff, 0xc5, 0xff, 0xc5, 0xff,
  0x00, 0x00, 0x00, 0x00, 0x00, 0x00, 0x00, 0x00, 0x00, 0x00, 0x00, 0x00, 0x00, 0x00, 0x00, 0x00,
  0x00, 0x00, 0x00, 0x00, 0x00, 0x00, 0x00, 0x00, 0x00, 0x00, 0x00, 0x00, 0x00, 0x00, 0x00, 0x00,
  0xc5, 0xff, 0xc5, 0xff, 0xc5, 0xff, 0xc5, 0xff, 0xc5, 0xff, 0xc5, 0xff, 0xc5, 0xff, 0xc5, 0xff,
  0xc5, 0xff, 0xc5, 0xff, 0xc5, 0xff, 0xc5, 0xff, 0xc5, 0xff, 0xc5, 0xff, 0xc5, 0xff, 0xe5, 0xcc,
  0xe5, 0x11, 0x00, 0x00, 0x00, 0x00, 0x00, 0x00, 0x00, 0x00, 0x00, 0x00, 0x00, 0x00, 0x00, 0x00,
  0x00, 0x00, 0x00, 0x00, 0x00, 0x00, 0x00, 0x00, 0x00, 0x00, 0x00, 0x00, 0x00, 0x00, 0xc5, 0x0e,
  0xe5, 0xc7, 0xc5, 0xff, 0xc5, 0xff, 0xc5, 0xff, 0xc5, 0xff, 0xc5, 0xff, 0xc5, 0xff, 0xc5, 0xff,
  0xc5, 0xff, 0xc5, 0xff, 0xc5, 0xff, 0xc5, 0xff, 0xc5, 0xff, 0xc5, 0xff, 0xc5, 0xff, 0xc5, 0xff,
  0x00, 0x00, 0x00, 0x00, 0x00, 0x00, 0x00, 0x00, 0x00, 0x00, 0x00, 0x00, 0x00, 0x00, 0x00, 0x00,
  0x00, 0x00, 0x00, 0x00, 0x00, 0x00, 0x00, 0x00, 0x00, 0x00, 0x00, 0x00, 0x00, 0x00, 0x00, 0x00,
  0xc5, 0xff, 0xc5, 0xff, 0xc5, 0xff, 0xc5, 0xff, 0xc5, 0xff, 0xc5, 0xff, 0xc5, 0xff, 0xc5, 0xff,
  0xc5, 0xff, 0xc5, 0xff, 0xc5, 0xff, 0xc5, 0xff, 0xc5, 0xff, 0xc5, 0xff, 0xc5, 0xff, 0xc5, 0xff,
  0xe5, 0xcc, 0xe5, 0x11, 0x00, 0x00, 0x00, 0x00, 0x00, 0x00, 0x00, 0x00, 0x00, 0x00, 0x00, 0x00,
  0x00, 0x00, 0x00, 0x00, 0x00, 0x00, 0x00, 0x00, 0x00, 0x00, 0x00, 0x00, 0xc5, 0x0e, 0xe5, 0xc7,
  0xc5, 0xff, 0xc5, 0xff, 0xc5, 0xff, 0xc5, 0xff, 0xc5, 0xff, 0xc5, 0xff, 0xc5, 0xff, 0xc5, 0xff,
  0xc5, 0xff, 0xc5, 0xff, 0xc5, 0xff, 0xc5, 0xff, 0xc5, 0xff, 0xc5, 0xff, 0xc5, 0xff, 0xc5, 0xff,
  0x00, 0x00, 0x00, 0x00, 0x00, 0x00, 0x00, 0x00, 0x00, 0x00, 0x00, 0x00, 0x00, 0x00, 0x00, 0x00,
  0x00, 0x00, 0x00, 0x00, 0x00, 0x00, 0x00, 0x00, 0x00, 0x00, 0x00, 0x00, 0x00, 0x00, 0x00, 0x00,
  0xc5, 0xff, 0xc5, 0xff, 0xc5, 0xff, 0xc5, 0xff, 0xc5, 0xff, 0xc5, 0xff, 0xc5, 0xff, 0xc5, 0xff,
  0xc5, 0xff, 0xc5, 0xff, 0xc5, 0xff, 0xc5, 0xff, 0xc5, 0xff, 0xc5, 0xff, 0xc5, 0xff, 0xc5, 0xff,
  0xc5, 0xff, 0xe5, 0xcc, 0xe5, 0x11, 0x00, 0x00, 0x00, 0x00, 0x00, 0x00, 0x00, 0x00, 0x00, 0x00,
  0x00, 0x00, 0x00, 0x00, 0x00, 0x00, 0x00, 0x00, 0x00, 0x00, 0xc5, 0x0e, 0xe5, 0xc7, 0xc5, 0xff,
  0xc5, 0xff, 0xc5, 0xff, 0xc5, 0xff, 0xc5, 0xff, 0xc5, 0xff, 0xc5, 0xff, 0xc5, 0xff, 0xc5, 0xff,
  0xc5, 0xff, 0xc5, 0xff, 0xc5, 0xff, 0xc5, 0xff, 0xc5, 0xff, 0xc5, 0xff, 0xc5, 0xff, 0xc5, 0xff,
  0x00, 0x00, 0x00, 0x00, 0x00, 0x00, 0x00, 0x00, 0x00, 0x00, 0x00, 0x00, 0x00, 0x00, 0x00, 0x00,
  0x00, 0x00, 0x00, 0x00, 0x00, 0x00, 0x00, 0x00, 0x00, 0x00, 0x00, 0x00, 0x00, 0x00, 0x00, 0x00,
  0xc5, 0xff, 0xc5, 0xff, 0xc5, 0xff, 0xc5, 0xff, 0xc5, 0xff, 0xc5, 0xff, 0xc5, 0xff, 0xc5, 0xff,
  0xc5, 0xff, 0xc5, 0xff, 0xc5, 0xff, 0xc5, 0xff, 0xc5, 0xff, 0xc5, 0xff, 0xc5, 0xff, 0xc5, 0xff,
  0xc5, 0xff, 0xc5, 0xff, 0xe5, 0xcc, 0xe5, 0x11, 0x00, 0x00, 0x00, 0x00, 0x00, 0x00, 0x00, 0x00,
  0x00, 0x00, 0x00, 0x00, 0x00, 0x00, 0x00, 0x00, 0xc5, 0x0e, 0xe5, 0xc7, 0xc5, 0xff, 0xc5, 0xff,
  0xc5, 0xff, 0xc5, 0xff, 0xc5, 0xff, 0xc5, 0xff, 0xc5, 0xff, 0xc5, 0xff, 0xc5, 0xff, 0xc5, 0xff,
  0xc5, 0xff, 0xc5, 0xff, 0xc5, 0xff, 0xc5, 0xff, 0xc5, 0xff, 0xc5, 0xff, 0xc5, 0xff, 0xc5, 0xff,
  0x00, 0x00, 0x00, 0x00, 0x00, 0x00, 0x00, 0x00, 0x00, 0x00, 0x00, 0x00, 0x00, 0x00, 0x00, 0x00,
  0x00, 0x00, 0x00, 0x00, 0x00, 0x00, 0x00, 0x00, 0x00, 0x00, 0x00, 0x00, 0x00, 0x00, 0x00, 0x00,
  0xc5, 0xff, 0xc5, 0xff, 0xc5, 0xff, 0xc5, 0xff, 0xc5, 0xff, 0xc5, 0xff, 0xc5, 0xff, 0xc5, 0xff,
  0xc5, 0xff, 0xc5, 0xff, 0xc5, 0xff, 0xc5, 0xff, 0xc5, 0xff, 0xc5, 0xff, 0xc5, 0xff, 0xc5, 0xff,
  0xc5, 0xff, 0xc5, 0xff, 0xc5, 0xff, 0xe5, 0xcc, 0xe5, 0x11, 0x00, 0x00, 0x00, 0x00, 0x00, 0x00,
  0x00, 0x00, 0x00, 0x00, 0x00, 0x00, 0xc5, 0x0e, 0xe5, 0xc7, 0xc5, 0xff, 0xc5, 0xff, 0xc5, 0xff,
  0xc5, 0xff, 0xc5, 0xff, 0xc5, 0xff, 0xc5, 0xff, 0xc5, 0xff, 0xc5, 0xff, 0xc5, 0xff, 0xc5, 0xff,
  0xc5, 0xff, 0xc5, 0xff, 0xc5, 0xff, 0xc5, 0xff, 0xc5, 0xff, 0xc5, 0xff, 0xc5, 0xff, 0xc5, 0xff,
  0x00, 0x00, 0x00, 0x00, 0x00, 0x00, 0x00, 0x00, 0x00, 0x00, 0x00, 0x00, 0x00, 0x00, 0x00, 0x00,
  0x00, 0x00, 0x00, 0x00, 0x00, 0x00, 0x00, 0x00, 0x00, 0x00, 0x00, 0x00, 0x00, 0x00, 0x00, 0x00,
  0xc5, 0xff, 0xc5, 0xff, 0xc5, 0xff, 0xc5, 0xff, 0xc5, 0xff, 0xc5, 0xff, 0xc5, 0xff, 0xc5, 0xff,
  0xc5, 0xff, 0xc5, 0xff, 0xc5, 0xff, 0xc5, 0xff, 0xc5, 0xff, 0xc5, 0xff, 0xc5, 0xff, 0xc5, 0xff,
  0xc5, 0xff, 0xc5, 0xff, 0xc5, 0xff, 0xc5, 0xff, 0xe5, 0xcc, 0xe5, 0x11, 0x00, 0x00, 0x00, 0x00,
  0x00, 0x00, 0x00, 0x00, 0xc5, 0x0e, 0xe5, 0xc7, 0xc5, 0xff, 0xc5, 0xff, 0xc5, 0xff, 0xc5, 0xff,
  0xc5, 0xff, 0xc5, 0xff, 0xc5, 0xff, 0xc5, 0xff, 0xc5, 0xff, 0xc5, 0xff, 0xc5, 0xff, 0xc5, 0xff,
  0xc5, 0xff, 0xc5, 0xff, 0xc5, 0xff, 0xc5, 0xff, 0xc5, 0xff, 0xc5, 0xff, 0xc5, 0xff, 0xc5, 0xff,
  0x00, 0x00, 0x00, 0x00, 0x00, 0x00, 0x00, 0x00, 0x00, 0x00, 0x00, 0x00, 0x00, 0x00, 0x00, 0x00,
  0x00, 0x00, 0x00, 0x00, 0x00, 0x00, 0x00, 0x00, 0x00, 0x00, 0x00, 0x00, 0x00, 0x00, 0x00, 0x00,
  0xc5, 0xff, 0xc5, 0xff, 0xc5, 0xff, 0xc5, 0xff, 0xc5, 0xff, 0xc5, 0xff, 0xc5, 0xff, 0xc5, 0xff,
  0xc5, 0xff, 0xc5, 0xff, 0xc5, 0xff, 0xc5, 0xff, 0xc5, 0xff, 0xc5, 0xff, 0xc5, 0xff, 0xc5, 0xff,
  0xc5, 0xff, 0xc5, 0xff, 0xc5, 0xff, 0xc5, 0xff, 0xc5, 0xff, 0xe5, 0xcc, 0xe5, 0x11, 0x00, 0x00,
  0x00, 0x00, 0xc5, 0x0e, 0xe5, 0xc7, 0xc5, 0xff, 0xc5, 0xff, 0xc5, 0xff, 0xc5, 0xff, 0xc5, 0xff,
  0xc5, 0xff, 0xc5, 0xff, 0xc5, 0xff, 0xc5, 0xff, 0xc5, 0xff, 0xc5, 0xff, 0xc5, 0xff, 0xc5, 0xff,
  0xc5, 0xff, 0xc5, 0xff, 0xc5, 0xff, 0xc5, 0xff, 0xc5, 0xff, 0xc5, 0xff, 0xc5, 0xff, 0xc5, 0xff,
  0x00, 0x00, 0x00, 0x00, 0x00, 0x00, 0x00, 0x00, 0x00, 0x00, 0x00, 0x00, 0x00, 0x00, 0x00, 0x00,
  0x00, 0x00, 0x00, 0x00, 0x00, 0x00, 0x00, 0x00, 0x00, 0x00, 0x00, 0x00, 0x00, 0x00, 0x00, 0x00,
  0xc5, 0xff, 0xc5, 0xff, 0xc5, 0xff, 0xc5, 0xff, 0xc5, 0xff, 0xc5, 0xff, 0xc5, 0xff, 0xc5, 0xff,
  0xc5, 0xff, 0xc5, 0xff, 0xc5, 0xff, 0xc5, 0xff, 0xc5, 0xff, 0xc5, 0xff, 0xc5, 0xff, 0xc5, 0xff,
  0xc5, 0xff, 0xc5, 0xff, 0xc5, 0xff, 0xc5, 0xff, 0xc5, 0xff, 0xc5, 0xff, 0xe5, 0xcc, 0xe5, 0x11,
  0xc5, 0x0e, 0xe5, 0xc7, 0xc5, 0xff, 0xc5, 0xff, 0xc5, 0xff, 0xc5, 0xff, 0xc5, 0xff, 0xc5, 0xff,
  0xc5, 0xff, 0xc5, 0xff, 0xc5, 0xff, 0xc5, 0xff, 0xc5, 0xff, 0xc5, 0xff, 0xc5, 0xff, 0xc5, 0xff,
  0xc5, 0xff, 0xc5, 0xff, 0xc5, 0xff, 0xc5, 0xff, 0xc5, 0xff, 0xc5, 0xff, 0xc5, 0xff, 0xc5, 0xff,
  0x00, 0x00, 0x00, 0x00, 0x00, 0x00, 0x00, 0x00, 0x00, 0x00, 0x00, 0x00, 0x00, 0x00, 0x00, 0x00,
  0x00, 0x00, 0x00, 0x00, 0x00, 0x00, 0x00, 0x00, 0x00, 0x00, 0x00, 0x00, 0x00, 0x00, 0x00, 0x00,
  0xc5, 0xff, 0xc5, 0xff, 0xc5, 0xff, 0xc5, 0xff, 0xc5, 0xff, 0xc5, 0xff, 0xc5, 0xff, 0xc5, 0xff,
  0xc5, 0xff, 0xc5, 0xff, 0xc5, 0xff, 0xc5, 0xff, 0xc5, 0xff, 0xc5, 0xff, 0xc5, 0xff, 0xc5, 0xff,
  0xc5, 0xff, 0xc5, 0xff, 0xc5, 0xff, 0xc5, 0xff, 0xc5, 0xff, 0xc5, 0xff, 0xc5, 0xff, 0xc5, 0xc6,
  0xc5, 0xc6, 0xc5, 0xff, 0xc5, 0xff, 0xc5, 0xff, 0xc5, 0xff, 0xc5, 0xff, 0xc5, 0xff, 0xc5, 0xff,
  0xc5, 0xff, 0xc5, 0xff, 0xc5, 0xff, 0xc5, 0xff, 0xc5, 0xff, 0xc5, 0xff, 0xc5, 0xff, 0xc5, 0xff,
  0xc5, 0xff, 0xc5, 0xff, 0xc5, 0xff, 0xc5, 0xff, 0xc5, 0xff, 0xc5, 0xff, 0xc5, 0xff, 0xc5, 0xff,
  0x00, 0x00, 0x00, 0x00, 0x00, 0x00, 0x00, 0x00, 0x00, 0x00, 0x00, 0x00, 0x00, 0x00, 0x00, 0x00,
  0x00, 0x00, 0x00, 0x00, 0x00, 0x00, 0x00, 0x00, 0x00, 0x00, 0x00, 0x00, 0x00, 0x00, 0x00, 0x00,
  0xc5, 0xff, 0xc5, 0xff, 0xc5, 0xff, 0xc5, 0xff, 0xc5, 0xff, 0xc5, 0xff, 0xc5, 0xff, 0xc5, 0xff,
  0xc5, 0xff, 0xc5, 0xff, 0xc5, 0xff, 0xc5, 0xff, 0xc5, 0xff, 0xc5, 0xff, 0xc5, 0xff, 0xc5, 0xff,
  0xc5, 0xff, 0xc5, 0xff, 0xc5, 0xff, 0xc5, 0xff, 0xc5, 0xff, 0xc5, 0xff, 0xc5, 0xff, 0xc5, 0xff,
  0xc5, 0xff, 0xc5, 0xff, 0xc5, 0xff, 0xc5, 0xff, 0xc5, 0xff, 0xc5, 0xff, 0xc5, 0xff, 0xc5, 0xff,
  0xc5, 0xff, 0xc5, 0xff, 0xc5, 0xff, 0xc5, 0xff, 0xc5, 0xff, 0xc5, 0xff, 0xc5, 0xff, 0xc5, 0xff,
  0xc5, 0xff, 0xc5, 0xff, 0xc5, 0xff, 0xc5, 0xff, 0xc5, 0xff, 0xc5, 0xff, 0xc5, 0xff, 0xc5, 0xff,
  0x00, 0x00, 0x00, 0x00, 0x00, 0x00, 0x00, 0x00, 0x00, 0x00, 0x00, 0x00, 0x00, 0x00, 0x00, 0x00,
  0x00, 0x00, 0x00, 0x00, 0x00, 0x00, 0x00, 0x00, 0x00, 0x00, 0x00, 0x00, 0x00, 0x00, 0x00, 0x00,
  0xc5, 0xff, 0xc5, 0xff, 0xc5, 0xff, 0xc5, 0xff, 0xc5, 0xff, 0xc5, 0xff, 0xc5, 0xff, 0xc5, 0xff,
  0xc5, 0xff, 0xc5, 0xff, 0xc5, 0xff, 0xc5, 0xff, 0xc5, 0xff, 0xc5, 0xff, 0xc5, 0xff, 0xc5, 0xff,
  0xc5, 0xff, 0xc5, 0xff, 0xc5, 0xff, 0xc5, 0xff, 0xc5, 0xff, 0xc5, 0xff, 0xc5, 0xff, 0xc5, 0xff,
  0xc5, 0xff, 0xc5, 0xff, 0xc5, 0xff, 0xc5, 0xff, 0xc5, 0xff, 0xc5, 0xff, 0xc5, 0xff, 0xc5, 0xff,
  0xc5, 0xff, 0xc5, 0xff, 0xc5, 0xff, 0xc5, 0xff, 0xc5, 0xff, 0xc5, 0xff, 0xc5, 0xff, 0xc5, 0xff,
  0xc5, 0xff, 0xc5, 0xff, 0xc5, 0xff, 0xc5, 0xff, 0xc5, 0xff, 0xc5, 0xff, 0xc5, 0xff, 0xc5, 0xff,
  0x00, 0x00, 0x00, 0x00, 0x00, 0x00, 0x00, 0x00, 0x00, 0x00, 0x00, 0x00, 0x00, 0x00, 0x00, 0x00,
  0x00, 0x00, 0x00, 0x00, 0x00, 0x00, 0x00, 0x00, 0x00, 0x00, 0x00, 0x00, 0x00, 0x00, 0x00, 0x00,
  0xc5, 0xff, 0xc5, 0xff, 0xc5, 0xff, 0xc5, 0xff, 0xc5, 0xff, 0xc5, 0xff, 0xc5, 0xff, 0xc5, 0xff,
  0xc5, 0xff, 0xc5, 0xff, 0xc5, 0xff, 0xc5, 0xff, 0xc5, 0xff, 0xc5, 0xff, 0xc5, 0xff, 0xc5, 0xff,
  0xc5, 0xff, 0xc5, 0xff, 0xc5, 0xff, 0xc5, 0xff, 0xc5, 0xff, 0xc5, 0xff, 0xc5, 0xff, 0xc5, 0xff,
  0xc5, 0xff, 0xc5, 0xff, 0xc5, 0xff, 0xc5, 0xff, 0xc5, 0xff, 0xc5, 0xff, 0xc5, 0xff, 0xc5, 0xff,
  0xc5, 0xff, 0xc5, 0xff, 0xc5, 0xff, 0xc5, 0xff, 0xc5, 0xff, 0xc5, 0xff, 0xc5, 0xff, 0xc5, 0xff,
  0xc5, 0xff, 0xc5, 0xff, 0xc5, 0xff, 0xc5, 0xff, 0xc5, 0xff, 0xc5, 0xff, 0xc5, 0xff, 0xc5, 0xff,
  0x00, 0x00, 0x00, 0x00, 0x00, 0x00, 0x00, 0x00, 0x00, 0x00, 0x00, 0x00, 0x00, 0x00, 0x00, 0x00,
  0x00, 0x00, 0x00, 0x00, 0x00, 0x00, 0x00, 0x00, 0x00, 0x00, 0x00, 0x00, 0x00, 0x00, 0x00, 0x00,
  0xc5, 0xfe, 0xc5, 0xff, 0xc5, 0xff, 0xc5, 0xff, 0xc5, 0xff, 0xc5, 0xff, 0xc5, 0xff, 0xc5, 0xff,
  0xc5, 0xff, 0xc5, 0xff, 0xc5, 0xff, 0xc5, 0xff, 0xc5, 0xff, 0xc5, 0xff, 0xc5, 0xff, 0xc5, 0xff,
  0xc5, 0xff, 0xc5, 0xff, 0xc5, 0xff, 0xc5, 0xff, 0xc5, 0xff, 0xc5, 0xff, 0xc5, 0xff, 0xc5, 0xff,
  0xc5, 0xff, 0xc5, 0xff, 0xc5, 0xff, 0xc5, 0xff, 0xc5, 0xff, 0xc5, 0xff, 0xc5, 0xff, 0xc5, 0xff,
  0xc5, 0xff, 0xc5, 0xff, 0xc5, 0xff, 0xc5, 0xff, 0xc5, 0xff, 0xc5, 0xff, 0xc5, 0xff, 0xc5, 0xff,
  0xc5, 0xff, 0xc5, 0xff, 0xc5, 0xff, 0xc5, 0xff, 0xc5, 0xff, 0xc5, 0xff, 0xc5, 0xff, 0xc5, 0xfe,
  0x00, 0x00, 0x00, 0x00, 0x00, 0x00, 0x00, 0x00, 0x00, 0x00, 0x00, 0x00, 0x00, 0x00, 0x00, 0x00,
  0x00, 0x00, 0x00, 0x00, 0x00, 0x00, 0x00, 0x00, 0x00, 0x00, 0x00, 0x00, 0x00, 0x00, 0x00, 0x00,
  0xc5, 0xe8, 0xc5, 0xff, 0xc5, 0xff, 0xc5, 0xff, 0xc5, 0xff, 0xc5, 0xff, 0xc5, 0xff, 0xc5, 0xff,
  0xc5, 0xff, 0xc5, 0xff, 0xc5, 0xff, 0xc5, 0xff, 0xc5, 0xff, 0xc5, 0xff, 0xc5, 0xff, 0xc5, 0xff,
  0xc5, 0xff, 0xc5, 0xff, 0xc5, 0xff, 0xc5, 0xff, 0xc5, 0xff, 0xc5, 0xff, 0xc5, 0xff, 0xc5, 0xff,
  0xc5, 0xff, 0xc5, 0xff, 0xc5, 0xff, 0xc5, 0xff, 0xc5, 0xff, 0xc5, 0xff, 0xc5, 0xff, 0xc5, 0xff,
  0xc5, 0xff, 0xc5, 0xff, 0xc5, 0xff, 0xc5, 0xff, 0xc5, 0xff, 0xc5, 0xff, 0xc5, 0xff, 0xc5, 0xff,
  0xc5, 0xff, 0xc5, 0xff, 0xc5, 0xff, 0xc5, 0xff, 0xc5, 0xff, 0xc5, 0xff, 0xc5, 0xff, 0xe5, 0xe7,
  0x00, 0x00, 0x00, 0x00, 0x00, 0x00, 0x00, 0x00, 0x00, 0x00, 0x00, 0x00, 0x00, 0x00, 0x00, 0x00,
  0x00, 0x00, 0x00, 0x00, 0x00, 0x00, 0x00, 0x00, 0x00, 0x00, 0x00, 0x00, 0x00, 0x00, 0x00, 0x00,
  0xc5, 0xa6, 0xc5, 0xff, 0xc5, 0xff, 0xc5, 0xff, 0xc5, 0xff, 0xc5, 0xff, 0xc5, 0xff, 0xc5, 0xff,
  0xc5, 0xff, 0xc5, 0xff, 0xc5, 0xff, 0xc5, 0xff, 0xc5, 0xff, 0xc5, 0xff, 0xc5, 0xff, 0xc5, 0xff,
  0xc5, 0xff, 0xc5, 0xff, 0xc5, 0xff, 0xc5, 0xff, 0xc5, 0xff, 0xc5, 0xff, 0xc5, 0xff, 0xc5, 0xff,
  0xc5, 0xff, 0xc5, 0xff, 0xc5, 0xff, 0xc5, 0xff, 0xc5, 0xff, 0xc5, 0xff, 0xc5, 0xff, 0xc5, 0xff,
  0xc5, 0xff, 0xc5, 0xff, 0xc5, 0xff, 0xc5, 0xff, 0xc5, 0xff, 0xc5, 0xff, 0xc5, 0xff, 0xc5, 0xff,
  0xc5, 0xff, 0xc5, 0xff, 0xc5, 0xff, 0xc5, 0xff, 0xc5, 0xff, 0xc5, 0xff, 0xc5, 0xff, 0xc5, 0xa4,
  0x00, 0x00, 0x00, 0x00, 0x00, 0x00, 0x00, 0x00, 0x00, 0x00, 0x00, 0x00, 0x00, 0x00, 0x00, 0x00,
  0x00, 0x00, 0x00, 0x00, 0x00, 0x00, 0x00, 0x00, 0x00, 0x00, 0x00, 0x00, 0x00, 0x00, 0x00, 0x00,
  0xc5, 0x2e, 0xc5, 0xf9, 0xc5, 0xff, 0xc5, 0xff, 0xc5, 0xff, 0xc5, 0xff, 0xc5, 0xff, 0xc5, 0xff,
  0xc5, 0xff, 0xc5, 0xff, 0xc5, 0xff, 0xc5, 0xff, 0xc5, 0xff, 0xc5, 0xff, 0xc5, 0xff, 0xc5, 0xff,
  0xc5, 0xff, 0xc5, 0xff, 0xc5, 0xff, 0xc5, 0xff, 0xc5, 0xff, 0xc5, 0xff, 0xc5, 0xff, 0xc5, 0xff,
  0xc5, 0xff, 0xc5, 0xff, 0xc5, 0xff, 0xc5, 0xff, 0xc5, 0xff, 0xc5, 0xff, 0xc5, 0xff, 0xc5, 0xff,
  0xc5, 0xff, 0xc5, 0xff, 0xc5, 0xff, 0xc5, 0xff, 0xc5, 0xff, 0xc5, 0xff, 0xc5, 0xff, 0xc5, 0xff,
  0xc5, 0xff, 0xc5, 0xff, 0xc5, 0xff, 0xc5, 0xff, 0xc5, 0xff, 0xc5, 0xff, 0xc5, 0xf8, 0xe5, 0x2c,
  0x00, 0x00, 0x00, 0x00, 0x00, 0x00, 0x00, 0x00, 0x00, 0x00, 0x00, 0x00, 0x00, 0x00, 0x00, 0x00,
  0x00, 0x00, 0x00, 0x00, 0x00, 0x00, 0x00, 0x00, 0x00, 0x00, 0x00, 0x00, 0x00, 0x00, 0x00, 0x00,
  0x00, 0x00, 0xc5, 0x5a, 0xc5, 0xf9, 0xc5, 0xff, 0xc5, 0xff, 0xc5, 0xff, 0xc5, 0xff, 0xc5, 0xff,
  0xc5, 0xff, 0xc5, 0xff, 0xc5, 0xff, 0xc5, 0xff, 0xc5, 0xff, 0xc5, 0xff, 0xc5, 0xff, 0xc5, 0xff,
  0xc5, 0xff, 0xc5, 0xff, 0xc5, 0xff, 0xc5, 0xff, 0xc5, 0xff, 0xc5, 0xff, 0xc5, 0xff, 0xc5, 0xff,
  0xc5, 0xff, 0xc5, 0xff, 0xc5, 0xff, 0xc5, 0xff, 0xc5, 0xff, 0xc5, 0xff, 0xc5, 0xff, 0xc5, 0xff,
  0xc5, 0xff, 0xc5, 0xff, 0xc5, 0xff, 0xc5, 0xff, 0xc5, 0xff, 0xc5, 0xff, 0xc5, 0xff, 0xc5, 0xff,
  0xc5, 0xff, 0xc5, 0xff, 0xc5, 0xff, 0xc5, 0xff, 0xc5, 0xff, 0xc5, 0xf8, 0xc5, 0x59, 0x00, 0x00,
  0x00, 0x00, 0x00, 0x00, 0x00, 0x00, 0x00, 0x00, 0x00, 0x00, 0x00, 0x00, 0x00, 0x00, 0x00, 0x00,
  0x00, 0x00, 0x00, 0x00, 0x00, 0x00, 0x00, 0x00, 0x00, 0x00, 0x00, 0x00, 0x00, 0x00, 0x00, 0x00,
  0x00, 0x00, 0x00, 0x00, 0xc5, 0x2e, 0xc5, 0xa5, 0xc5, 0xe6, 0xc5, 0xff, 0xc5, 0xff, 0xc5, 0xff,
  0xc5, 0xff, 0xc5, 0xff, 0xc5, 0xff, 0xc5, 0xff, 0xc5, 0xff, 0xc5, 0xff, 0xc5, 0xff, 0xc5, 0xff,
  0xc5, 0xff, 0xc5, 0xff, 0xc5, 0xff, 0xc5, 0xff, 0xc5, 0xff, 0xc5, 0xff, 0xc5, 0xff, 0xc5, 0xff,
  0xc5, 0xff, 0xc5, 0xff, 0xc5, 0xff, 0xc5, 0xff, 0xc5, 0xff, 0xc5, 0xff, 0xc5, 0xff, 0xc5, 0xff,
  0xc5, 0xff, 0xc5, 0xff, 0xc5, 0xff, 0xc5, 0xff, 0xc5, 0xff, 0xc5, 0xff, 0xc5, 0xff, 0xc5, 0xff,
  0xc5, 0xff, 0xc5, 0xff, 0xc5, 0xff, 0xc5, 0xe6, 0xc5, 0xa4, 0xe5, 0x2c, 0x00, 0x00, 0x00, 0x00,
  0x00, 0x00, 0x00, 0x00, 0x00, 0x00, 0x00, 0x00, 0x00, 0x00, 0x00, 0x00, 0x00, 0x00, 0x00, 0x00,
  0x00, 0x00, 0x00, 0x00, 0x00, 0x00, 0x00, 0x00, 0x00, 0x00, 0x00, 0x00, 0x00, 0x00, 0x00, 0x00,
  0x00, 0x00, 0x00, 0x00, 0x00, 0x00, 0x00, 0x00, 0x00, 0x00, 0x00, 0x00, 0x00, 0x00, 0x00, 0x00,
  0x00, 0x00, 0x00, 0x00, 0x00, 0x00, 0x00, 0x00, 0x00, 0x00, 0x00, 0x00, 0x00, 0x00, 0x00, 0x00,
  0x00, 0x00, 0x00, 0x00, 0x00, 0x00, 0x00, 0x00, 0x00, 0x00, 0x00, 0x00, 0x00, 0x00, 0x00, 0x00,
  0x00, 0x00, 0x00, 0x00, 0x00, 0x00, 0x00, 0x00, 0x00, 0x00, 0x00, 0x00, 0x00, 0x00, 0x00, 0x00,
  0x00, 0x00, 0x00, 0x00, 0x00, 0x00, 0x00, 0x00, 0x00, 0x00, 0x00, 0x00, 0x00, 0x00, 0x00, 0x00,
  0x00, 0x00, 0x00, 0x00, 0x00, 0x00, 0x00, 0x00, 0x00, 0x00, 0x00, 0x00, 0x00, 0x00, 0x00, 0x00,
  0x00, 0x00, 0x00, 0x00, 0x00, 0x00, 0x00, 0x00, 0x00, 0x00, 0x00, 0x00, 0x00, 0x00, 0x00, 0x00,
  0x00, 0x00, 0x00, 0x00, 0x00, 0x00, 0x00, 0x00, 0x00, 0x00, 0x00, 0x00, 0x00, 0x00, 0x00, 0x00,
  0x00, 0x00, 0x00, 0x00, 0x00, 0x00, 0x00, 0x00, 0x00, 0x00, 0x00, 0x00, 0x00, 0x00, 0x00, 0x00,
  0x00, 0x00, 0x00, 0x00, 0x00, 0x00, 0x00, 0x00, 0x00, 0x00, 0x00, 0x00, 0x00, 0x00, 0x00, 0x00,
  0x00, 0x00, 0x00, 0x00, 0x00, 0x00, 0x00, 0x00, 0x00, 0x00, 0x00, 0x00, 0x00, 0x00, 0x00, 0x00,
  0x00, 0x00, 0x00, 0x00, 0x00, 0x00, 0x00, 0x00, 0x00, 0x00, 0x00, 0x00, 0x00, 0x00, 0x00, 0x00,
  0x00, 0x00, 0x00, 0x00, 0x00, 0x00, 0x00, 0x00, 0x00, 0x00, 0x00, 0x00, 0x00, 0x00, 0x00, 0x00,
  0x00, 0x00, 0x00, 0x00, 0x00, 0x00, 0x00, 0x00, 0x00, 0x00, 0x00, 0x00, 0x00, 0x00, 0x00, 0x00,
  0x00, 0x00, 0x00, 0x00, 0x00, 0x00, 0x00, 0x00, 0x00, 0x00, 0x00, 0x00, 0x00, 0x00, 0x00, 0x00,
  0x00, 0x00, 0x00, 0x00, 0x00, 0x00, 0x00, 0x00, 0x00, 0x00, 0x00, 0x00, 0x00, 0x00, 0x00, 0x00,
  0x00, 0x00, 0x00, 0x00, 0x00, 0x00, 0x00, 0x00, 0x00, 0x00, 0x00, 0x00, 0x00, 0x00, 0x00, 0x00,
  0x00, 0x00, 0x00, 0x00, 0x00, 0x00, 0x00, 0x00, 0x00, 0x00, 0x00, 0x00, 0x00, 0x00, 0x00, 0x00,
  0x00, 0x00, 0x00, 0x00, 0x00, 0x00, 0x00, 0x00, 0x00, 0x00, 0x00, 0x00, 0x00, 0x00, 0x00, 0x00,
  0x00, 0x00, 0x00, 0x00, 0x00, 0x00, 0x00, 0x00, 0x00, 0x00, 0x00, 0x00, 0x00, 0x00, 0x00, 0x00,
  0x00, 0x00, 0x00, 0x00, 0x00, 0x00, 0x00, 0x00, 0x00, 0x00, 0x00, 0x00, 0x00, 0x00, 0x00, 0x00,
  0x00, 0x00, 0x00, 0x00, 0x00, 0x00, 0x00, 0x00, 0x00, 0x00, 0x00, 0x00, 0x00, 0x00, 0x00, 0x00,
  0x00, 0x00, 0x00, 0x00, 0x00, 0x00, 0x00, 0x00, 0x00, 0x00, 0x00, 0x00, 0x00, 0x00, 0x00, 0x00,
  0x00, 0x00, 0x00, 0x00, 0x00, 0x00, 0x00, 0x00, 0x00, 0x00, 0x00, 0x00, 0x00, 0x00, 0x00, 0x00,
  0x00, 0x00, 0x00, 0x00, 0x00, 0x00, 0x00, 0x00, 0x00, 0x00, 0x00, 0x00, 0x00, 0x00, 0x00, 0x00,
  0x00, 0x00, 0x00, 0x00, 0x00, 0x00, 0x00, 0x00, 0x00, 0x00, 0x00, 0x00, 0x00, 0x00, 0x00, 0x00,
  0x00, 0x00, 0x00, 0x00, 0x00, 0x00, 0x00, 0x00, 0x00, 0x00, 0x00, 0x00, 0x00, 0x00, 0x00, 0x00,
  0x00, 0x00, 0x00, 0x00, 0x00, 0x00, 0x00, 0x00, 0x00, 0x00, 0x00, 0x00, 0x00, 0x00, 0x00, 0x00,
  0x00, 0x00, 0x00, 0x00, 0x00, 0x00, 0x00, 0x00, 0x00, 0x00, 0x00, 0x00, 0x00, 0x00, 0x00, 0x00,
  0x00, 0x00, 0x00, 0x00, 0x00, 0x00, 0x00, 0x00, 0x00, 0x00, 0x00, 0x00, 0x00, 0x00, 0x00, 0x00,
  0x00, 0x00, 0x00, 0x00, 0x00, 0x00, 0x00, 0x00, 0x00, 0x00, 0x00, 0x00, 0x00, 0x00, 0x00, 0x00,
  0x00, 0x00, 0x00, 0x00, 0x00, 0x00, 0x00, 0x00, 0x00, 0x00, 0x00, 0x00, 0x00, 0x00, 0x00, 0x00,
  0x00, 0x00, 0x00, 0x00, 0x00, 0x00, 0x00, 0x00, 0x00, 0x00, 0x00, 0x00, 0x00, 0x00, 0x00, 0x00,
  0x00, 0x00, 0x00, 0x00, 0x00, 0x00, 0x00, 0x00, 0x00, 0x00, 0x00, 0x00, 0x00, 0x00, 0x00, 0x00,
  0x00, 0x00, 0x00, 0x00, 0x00, 0x00, 0x00, 0x00, 0x00, 0x00, 0x00, 0x00, 0x00, 0x00, 0x00, 0x00,
  0x00, 0x00, 0x00, 0x00, 0x00, 0x00, 0x00, 0x00, 0x00, 0x00, 0x00, 0x00, 0x00, 0x00, 0x00, 0x00,
  0x00, 0x00, 0x00, 0x00, 0x00, 0x00, 0x00, 0x00, 0x00, 0x00, 0x00, 0x00, 0x00, 0x00, 0x00, 0x00,
  0x00, 0x00, 0x00, 0x00, 0x00, 0x00, 0x00, 0x00, 0x00, 0x00, 0x00, 0x00, 0x00, 0x00, 0x00, 0x00,
  0x00, 0x00, 0x00, 0x00, 0x00, 0x00, 0x00, 0x00, 0x00, 0x00, 0x00, 0x00, 0x00, 0x00, 0x00, 0x00,
  0x00, 0x00, 0x00, 0x00, 0x00, 0x00, 0x00, 0x00, 0x00, 0x00, 0x00, 0x00, 0x00, 0x00, 0x00, 0x00,
  0x00, 0x00, 0x00, 0x00, 0x00, 0x00, 0x00, 0x00, 0x00, 0x00, 0x00, 0x00, 0x00, 0x00, 0x00, 0x00,
  0x00, 0x00, 0x00, 0x00, 0x00, 0x00, 0x00, 0x00, 0x00, 0x00, 0x00, 0x00, 0x00, 0x00, 0x00, 0x00,
  0x00, 0x00, 0x00, 0x00, 0x00, 0x00, 0x00, 0x00, 0x00, 0x00, 0x00, 0x00, 0x00, 0x00, 0x00, 0x00,
  0x00, 0x00, 0x00, 0x00, 0x00, 0x00, 0x00, 0x00, 0x00, 0x00, 0x00, 0x00, 0x00, 0x00, 0x00, 0x00,
  0x00, 0x00, 0x00, 0x00, 0x00, 0x00, 0x00, 0x00, 0x00, 0x00, 0x00, 0x00, 0x00, 0x00, 0x00, 0x00,
  0x00, 0x00, 0x00, 0x00, 0x00, 0x00, 0x00, 0x00, 0x00, 0x00, 0x00, 0x00, 0x00, 0x00, 0x00, 0x00,
  0x00, 0x00, 0x00, 0x00, 0x00, 0x00, 0x00, 0x00, 0x00, 0x00, 0x00, 0x00, 0x00, 0x00, 0x00, 0x00,
  0x00, 0x00, 0x00, 0x00, 0x00, 0x00, 0x00, 0x00, 0x00, 0x00, 0x00, 0x00, 0x00, 0x00, 0x00, 0x00,
  0x00, 0x00, 0x00, 0x00, 0x00, 0x00, 0x00, 0x00, 0x00, 0x00, 0x00, 0x00, 0x00, 0x00, 0x00, 0x00,
  0x00, 0x00, 0x00, 0x00, 0x00, 0x00, 0x00, 0x00, 0x00, 0x00, 0x00, 0x00, 0x00, 0x00, 0x00, 0x00,
  0x00, 0x00, 0x00, 0x00, 0x00, 0x00, 0x00, 0x00, 0x00, 0x00, 0x00, 0x00, 0x00, 0x00, 0x00, 0x00,
  0x00, 0x00, 0x00, 0x00, 0x00, 0x00, 0x00, 0x00, 0x00, 0x00, 0x00, 0x00, 0x00, 0x00, 0x00, 0x00,
  0x00, 0x00, 0x00, 0x00, 0x00, 0x00, 0x00, 0x00, 0x00, 0x00, 0x00, 0x00, 0x00, 0x00, 0x00, 0x00,
  0x00, 0x00, 0x00, 0x00, 0x00, 0x00, 0x00, 0x00, 0x00, 0x00, 0x00, 0x00, 0x00, 0x00, 0x00, 0x00,
  0x00, 0x00, 0x00, 0x00, 0x00, 0x00, 0x00, 0x00, 0x00, 0x00, 0x00, 0x00, 0x00, 0x00, 0x00, 0x00,
  0x00, 0x00, 0x00, 0x00, 0x00, 0x00, 0x00, 0x00, 0x00, 0x00, 0x00, 0x00, 0x00, 0x00, 0x00, 0x00,
  0x00, 0x00, 0x00, 0x00, 0x00, 0x00, 0x00, 0x00, 0x00, 0x00, 0x00, 0x00, 0x00, 0x00, 0x00, 0x00,
  0x00, 0x00, 0x00, 0x00, 0x00, 0x00, 0x00, 0x00, 0x00, 0x00, 0x00, 0x00, 0x00, 0x00, 0x00, 0x00,
  0x00, 0x00, 0x00, 0x00, 0x00, 0x00, 0x00, 0x00, 0x00, 0x00, 0x00, 0x00, 0x00, 0x00, 0x00, 0x00,
  0x00, 0x00, 0x00, 0x00, 0x00, 0x00, 0x00, 0x00, 0x00, 0x00, 0x00, 0x00, 0x00, 0x00, 0x00, 0x00,
  0x00, 0x00, 0x00, 0x00, 0x00, 0x00, 0x00, 0x00, 0x00, 0x00, 0x00, 0x00, 0x00, 0x00, 0x00, 0x00,
  0x00, 0x00, 0x00, 0x00, 0x00, 0x00, 0x00, 0x00, 0x00, 0x00, 0x00, 0x00, 0x00, 0x00, 0x00, 0x00,
  0x00, 0x00, 0x00, 0x00, 0x00, 0x00, 0x00, 0x00, 0x00, 0x00, 0x00, 0x00, 0x00, 0x00, 0x00, 0x00,
#endif
#if LV_COLOR_DEPTH == 16 && LV_COLOR_16_SWAP == 0
  /*Pixel format: Alpha 8 bit, Red: 5 bit, Green: 6 bit, Blue: 5 bit*/
  0x00, 0x00, 0x00, 0x00, 0x00, 0x00, 0x00, 0x00, 0x00, 0x00, 0x00, 0x00, 0x00, 0x00, 0x00, 0x00,
  0x00, 0x00, 0x00, 0x00, 0x00, 0x00, 0x00, 0x00, 0x00, 0x00, 0x00, 0x00, 0x00, 0x00, 0x00, 0x00,
  0x00, 0x00, 0x00, 0x00, 0x00, 0x00, 0x00, 0x00, 0x00, 0x00, 0x00, 0x00, 0x00, 0x00, 0x00, 0x00,
  0x00, 0x00, 0x00, 0x00, 0x00, 0x00, 0x00, 0x00, 0x00, 0x00, 0x00, 0x00, 0x00, 0x00, 0x00, 0x00,
  0x00, 0x00, 0x00, 0x00, 0x00, 0x00, 0x00, 0x00, 0x00, 0x00, 0x00, 0x00, 0x00, 0x00, 0x00, 0x00,
  0x00, 0x00, 0x00, 0x00, 0x00, 0x00, 0x00, 0x00, 0x00, 0x00, 0x00, 0x00, 0x00, 0x00, 0x00, 0x00,
  0x00, 0x00, 0x00, 0x00, 0x00, 0x00, 0x00, 0x00, 0x00, 0x00, 0x00, 0x00, 0x00, 0x00, 0x00, 0x00,
  0x00, 0x00, 0x00, 0x00, 0x00, 0x00, 0x00, 0x00, 0x00, 0x00, 0x00, 0x00, 0x00, 0x00, 0x00, 0x00,
  0x00, 0x00, 0x00, 0x00, 0x00, 0x00, 0x00, 0x00, 0x00, 0x00, 0x00, 0x00, 0x00, 0x00, 0x00, 0x00,
  0x00, 0x00, 0x00, 0x00, 0x00, 0x00, 0x00, 0x00, 0x00, 0x00, 0x00, 0x00, 0x00, 0x00, 0x00, 0x00,
  0x00, 0x00, 0x00, 0x00, 0x00, 0x00, 0x00, 0x00, 0x00, 0x00, 0x00, 0x00, 0x00, 0x00, 0x00, 0x00,
  0x00, 0x00, 0x00, 0x00, 0x00, 0x00, 0x00, 0x00, 0x00, 0x00, 0x00, 0x00, 0x00, 0x00, 0x00, 0x00,
  0x00, 0x00, 0x00, 0x00, 0x00, 0x00, 0x00, 0x00, 0x00, 0x00, 0x00, 0x00, 0x00, 0x00, 0x00, 0x00,
  0x00, 0x00, 0x00, 0x00, 0x00, 0x00, 0x00, 0x00, 0x00, 0x00, 0x00, 0x00, 0x00, 0x00, 0x00, 0x00,
  0x00, 0x00, 0x00, 0x00, 0x00, 0x00, 0x00, 0x00, 0x00, 0x00, 0x00, 0x00, 0x00, 0x00, 0x00, 0x00,
  0x00, 0x00, 0x00, 0x00, 0x00, 0x00, 0x00, 0x00, 0x00, 0x00, 0x00, 0x00, 0x00, 0x00, 0x00, 0x00,
  0x00, 0x00, 0x00, 0x00, 0x00, 0x00, 0x00, 0x00, 0x00, 0x00, 0x00, 0x00, 0x00, 0x00, 0x00, 0x00,
  0x00, 0x00, 0x00, 0x00, 0x00, 0x00, 0x00, 0x00, 0x00, 0x00, 0x00, 0x00, 0x00, 0x00, 0x00, 0x00,
  0x00, 0x00, 0x00, 0x00, 0x00, 0x00, 0x00, 0x00, 0x00, 0x00, 0x00, 0x00, 0x00, 0x00, 0x00, 0x00,
  0x00, 0x00, 0x00, 0x00, 0x00, 0x00, 0x00, 0x00, 0x00, 0x00, 0x00, 0x00, 0x00, 0x00, 0x00, 0x00,
  0x00, 0x00, 0x00, 0x00, 0x00, 0x00, 0x00, 0x00, 0x00, 0x00, 0x00, 0x00, 0x00, 0x00, 0x00, 0x00,
  0x00, 0x00, 0x00, 0x00, 0x00, 0x00, 0x00, 0x00, 0x00, 0x00, 0x00, 0x00, 0x00, 0x00, 0x00, 0x00,
  0x00, 0x00, 0x00, 0x00, 0x00, 0x00, 0x00, 0x00, 0x00, 0x00, 0x00, 0x00, 0x00, 0x00, 0x00, 0x00,
  0x00, 0x00, 0x00, 0x00, 0x00, 0x00, 0x00, 0x00, 0x00, 0x00, 0x00, 0x00, 0x00, 0x00, 0x00, 0x00,
  0x00, 0x00, 0x00, 0x00, 0x00, 0x00, 0x00, 0x00, 0x00, 0x00, 0x00, 0x00, 0x00, 0x00, 0x00, 0x00,
  0x00, 0x00, 0x00, 0x00, 0x00, 0x00, 0x00, 0x00, 0x00, 0x00, 0x00, 0x00, 0x00, 0x00, 0x00, 0x00,
  0x00, 0x00, 0x00, 0x00, 0x00, 0x00, 0x00, 0x00, 0x00, 0x00, 0x00, 0x00, 0x00, 0x00, 0x00, 0x00,
  0x00, 0x00, 0x00, 0x00, 0x00, 0x00, 0x00, 0x00, 0x00, 0x00, 0x00, 0x00, 0x00, 0x00, 0x00, 0x00,
  0x00, 0x00, 0x00, 0x00, 0x00, 0x00, 0x00, 0x00, 0x00, 0x00, 0x00, 0x00, 0x00, 0x00, 0x00, 0x00,
  0x00, 0x00, 0x00, 0x00, 0x00, 0x00, 0x00, 0x00, 0x00, 0x00, 0x00, 0x00, 0x00, 0x00, 0x00, 0x00,
  0x00, 0x00, 0x00, 0x00, 0x00, 0x00, 0x00, 0x00, 0x00, 0x00, 0x00, 0x00, 0x00, 0x00, 0x00, 0x00,
  0x00, 0x00, 0x00, 0x00, 0x00, 0x00, 0x00, 0x00, 0x00, 0x00, 0x00, 0x00, 0x00, 0x00, 0x00, 0x00,
  0x00, 0x00, 0x00, 0x00, 0x00, 0x00, 0x00, 0x00, 0x00, 0x00, 0x00, 0x00, 0x00, 0x00, 0x00, 0x00,
  0x00, 0x00, 0x00, 0x00, 0x00, 0x00, 0x00, 0x00, 0x00, 0x00, 0x00, 0x00, 0x00, 0x00, 0x00, 0x00,
  0x00, 0x00, 0x00, 0x00, 0x00, 0x00, 0x00, 0x00, 0x00, 0x00, 0x00, 0x00, 0x00, 0x00, 0x00, 0x00,
  0x00, 0x00, 0x00, 0x00, 0x00, 0x00, 0x00, 0x00, 0x00, 0x00, 0x00, 0x00, 0x00, 0x00, 0x00, 0x00,
  0x00, 0x00, 0x00, 0x00, 0x00, 0x00, 0x00, 0x00, 0x00, 0x00, 0x00, 0x00, 0x00, 0x00, 0x00, 0x00,
  0x00, 0x00, 0x00, 0x00, 0x00, 0x00, 0x00, 0x00, 0x00, 0x00, 0x00, 0x00, 0x00, 0x00, 0x00, 0x00,
  0x00, 0x00, 0x00, 0x00, 0x00, 0x00, 0x00, 0x00, 0x00, 0x00, 0x00, 0x00, 0x00, 0x00, 0x00, 0x00,
  0x00, 0x00, 0x00, 0x00, 0x00, 0x00, 0x00, 0x00, 0x00, 0x00, 0x00, 0x00, 0x00, 0x00, 0x00, 0x00,
  0x00, 0x00, 0x00, 0x00, 0x00, 0x00, 0x00, 0x00, 0x00, 0x00, 0x00, 0x00, 0x00, 0x00, 0x00, 0x00,
  0x00, 0x00, 0x00, 0x00, 0x00, 0x00, 0x00, 0x00, 0x00, 0x00, 0x00, 0x00, 0x00, 0x00, 0x00, 0x00,
  0x00, 0x00, 0x00, 0x00, 0x00, 0x00, 0x00, 0x00, 0x00, 0x00, 0x00, 0x00, 0x00, 0x00, 0x00, 0x00,
  0x00, 0x00, 0x00, 0x00, 0x00, 0x00, 0x00, 0x00, 0x00, 0x00, 0x00, 0x00, 0x00, 0x00, 0x00, 0x00,
  0x00, 0x00, 0x00, 0x00, 0x00, 0x00, 0x00, 0x00, 0x00, 0x00, 0x00, 0x00, 0x00, 0x00, 0x00, 0x00,
  0x00, 0x00, 0x00, 0x00, 0x00, 0x00, 0x00, 0x00, 0x00, 0x00, 0x00, 0x00, 0x00, 0x00, 0x00, 0x00,
  0x00, 0x00, 0x00, 0x00, 0x00, 0x00, 0x00, 0x00, 0x00, 0x00, 0x00, 0x00, 0x00, 0x00, 0x00, 0x00,
  0x00, 0x00, 0x00, 0x00, 0x00, 0x00, 0x00, 0x00, 0x00, 0x00, 0x00, 0x00, 0x00, 0x00, 0x00, 0x00,
  0x00, 0x00, 0x00, 0x00, 0x00, 0x00, 0x00, 0x00, 0x00, 0x00, 0x00, 0x00, 0x00, 0x00, 0x00, 0x00,
  0x00, 0x00, 0x00, 0x00, 0x00, 0x00, 0x00, 0x00, 0x00, 0x00, 0x00, 0x00, 0x00, 0x00, 0x00, 0x00,
  0x00, 0x00, 0x00, 0x00, 0x00, 0x00, 0x00, 0x00, 0x00, 0x00, 0x00, 0x00, 0x00, 0x00, 0x00, 0x00,
  0x00, 0x00, 0x00, 0x00, 0x00, 0x00, 0x00, 0x00, 0x00, 0x00, 0x00, 0x00, 0x00, 0x00, 0x00, 0x00,
  0x00, 0x00, 0x00, 0x00, 0x00, 0x00, 0x00, 0x00, 0x00, 0x00, 0x00, 0x00, 0x00, 0x00, 0x00, 0x00,
  0x00, 0x00, 0x00, 0x00, 0x00, 0x00, 0x00, 0x00, 0x00, 0x00, 0x00, 0x00, 0x00, 0x00, 0x00, 0x00,
  0x00, 0x00, 0x00, 0x00, 0x00, 0x00, 0x00, 0x00, 0x00, 0x00, 0x00, 0x00, 0x00, 0x00, 0x00, 0x00,
  0x00, 0x00, 0x00, 0x00, 0x00, 0x00, 0x00, 0x00, 0x00, 0x00, 0x00, 0x00, 0x00, 0x00, 0x00, 0x00,
  0x00, 0x00, 0x00, 0x00, 0x00, 0x00, 0x00, 0x00, 0x00, 0x00, 0x00, 0x00, 0x00, 0x00, 0x00, 0x00,
  0x00, 0x00, 0x00, 0x00, 0x00, 0x00, 0x00, 0x00, 0x00, 0x00, 0x00, 0x00, 0x00, 0x00, 0x00, 0x00,
  0x00, 0x00, 0x00, 0x00, 0x00, 0x00, 0x00, 0x00, 0x00, 0x00, 0x00, 0x00, 0x00, 0x00, 0x00, 0x00,
  0x00, 0x00, 0x00, 0x00, 0x00, 0x00, 0x00, 0x00, 0x00, 0x00, 0x00, 0x00, 0x00, 0x00, 0x00, 0x00,
  0x00, 0x00, 0x00, 0x00, 0x00, 0x00, 0x00, 0x00, 0x00, 0x00, 0x00, 0x00, 0x00, 0x00, 0x00, 0x00,
  0x00, 0x00, 0x00, 0x00, 0x00, 0x00, 0x00, 0x00, 0x00, 0x00, 0x00, 0x00, 0x00, 0x00, 0x00, 0x00,
  0x00, 0x00, 0x00, 0x00, 0x00, 0x00, 0x00, 0x00, 0x00, 0x00, 0x00, 0x00, 0x00, 0x00, 0x00, 0x00,
  0x00, 0x00, 0x00, 0x00, 0x00, 0x00, 0x00, 0x00, 0x00, 0x00, 0x00, 0x00, 0x00, 0x00, 0x00, 0x00,
  0x00, 0x00, 0x00, 0x00, 0x00, 0x00, 0x00, 0x00, 0x00, 0x00, 0x00, 0x00, 0x00, 0x00, 0x00, 0x00,
  0x00, 0x00, 0x00, 0x00, 0x00, 0x00, 0x00, 0x00, 0x00, 0x00, 0x00, 0x00, 0x00, 0x00, 0x00, 0x00,
  0x00, 0x00, 0x00, 0x00, 0x00, 0x00, 0x00, 0x00, 0x00, 0x00, 0x00, 0x00, 0x00, 0x00, 0x00, 0x00,
  0x00, 0x00, 0x00, 0x00, 0x00, 0x00, 0x00, 0x00, 0x00, 0x00, 0x00, 0x00, 0x00, 0x00, 0x00, 0x00,
  0x00, 0x00, 0x00, 0x00, 0x00, 0x00, 0x00, 0x00, 0x00, 0x00, 0x00, 0x00, 0x00, 0x00, 0x00, 0x00,
  0x00, 0x00, 0x00, 0x00, 0x00, 0x00, 0x00, 0x00, 0x00, 0x00, 0x00, 0x00, 0x00, 0x00, 0x00, 0x00,
  0x00, 0x00, 0x00, 0x00, 0x00, 0x00, 0x00, 0x00, 0x00, 0x00, 0x00, 0x00, 0x00, 0x00, 0x00, 0x00,
  0x00, 0x00, 0x00, 0x00, 0x00, 0x00, 0x00, 0x00, 0x00, 0x00, 0x00, 0x00, 0x00, 0x00, 0x00, 0x00,
  0x00, 0x00, 0x00, 0x00, 0x00, 0x00, 0x00, 0x00, 0x00, 0x00, 0x00, 0x00, 0x00, 0x00, 0x00, 0x00,
  0x00, 0x00, 0x00, 0x00, 0x00, 0x00, 0x00, 0x00, 0x00, 0x00, 0x00, 0x00, 0x00, 0x00, 0x00, 0x00,
  0x00, 0x00, 0x00, 0x00, 0x00, 0x00, 0x00, 0x00, 0x00, 0x00, 0x00, 0x00, 0x00, 0x00, 0x00, 0x00,
  0x00, 0x00, 0x00, 0x00, 0x00, 0x00, 0x00, 0x00, 0x00, 0x00, 0x00, 0x00, 0x00, 0x00, 0x00, 0x00,
  0x00, 0x00, 0x00, 0x00, 0x00, 0x00, 0x00, 0x00, 0x00, 0x00, 0x00, 0x00, 0x00, 0x00, 0x00, 0x00,
  0x00, 0x00, 0x00, 0x00, 0x00, 0x00, 0x00, 0x00, 0x00, 0x00, 0x00, 0x00, 0x00, 0x00, 0x00, 0x00,
  0x00, 0x00, 0x00, 0x00, 0x00, 0x00, 0x00, 0x00, 0x00, 0x00, 0x00, 0x00, 0x00, 0x00, 0x00, 0x00,
  0x00, 0x00, 0x00, 0x00, 0x00, 0x00, 0x00, 0x00, 0x00, 0x00, 0x00, 0x00, 0x00, 0x00, 0x00, 0x00,
  0x00, 0x00, 0x00, 0x00, 0x00, 0x00, 0x00, 0x00, 0x00, 0x00, 0x00, 0x00, 0x00, 0x00, 0x00, 0x00,
  0x00, 0x00, 0x00, 0x00, 0x00, 0x00, 0x00, 0x00, 0x00, 0x00, 0x00, 0x00, 0x00, 0x00, 0x00, 0x00,
  0x00, 0x00, 0x00, 0x00, 0x00, 0x00, 0x00, 0x00, 0x00, 0x00, 0x00, 0x00, 0x00, 0x00, 0x00, 0x00,
  0x00, 0x00, 0x00, 0x00, 0x00, 0x00, 0x00, 0x00, 0x00, 0x00, 0x00, 0x00, 0x00, 0x00, 0x00, 0x00,
  0x00, 0x00, 0x00, 0x00, 0x00, 0x00, 0x00, 0x00, 0x00, 0x00, 0x00, 0x00, 0x00, 0x00, 0x00, 0x00,
  0x00, 0x00, 0x00, 0x00, 0x00, 0x00, 0x00, 0x00, 0x00, 0x00, 0x00, 0x00, 0x00, 0x00, 0x00, 0x00,
  0x00, 0x00, 0x00, 0x00, 0x00, 0x00, 0x00, 0x00, 0x00, 0x00, 0x00, 0x00, 0x00, 0x00, 0x00, 0x00,
  0x00, 0x00, 0x00, 0x00, 0x00, 0x00, 0x00, 0x00, 0x00, 0x00, 0x00, 0x00, 0x00, 0x00, 0x00, 0x00,
  0x00, 0x00, 0x00, 0x00, 0x00, 0x00, 0x00, 0x00, 0x00, 0x00, 0x00, 0x00, 0x00, 0x00, 0x00, 0x00,
  0x00, 0x00, 0x00, 0x00, 0x00, 0x00, 0x00, 0x00, 0x00, 0x00, 0x00, 0x00, 0x00, 0x00, 0x00, 0x00,
  0x00, 0x00, 0x00, 0x00, 0x00, 0x00, 0x00, 0x00, 0x00, 0x00, 0x00, 0x00, 0x00, 0x00, 0x00, 0x00,
  0x00, 0x00, 0x00, 0x00, 0x00, 0x00, 0x00, 0x00, 0x00, 0x00, 0x00, 0x00, 0x00, 0x00, 0x00, 0x00,
  0x00, 0x00, 0x00, 0x00, 0x00, 0x00, 0x00, 0x00, 0x00, 0x00, 0x00, 0x00, 0x00, 0x00, 0x00, 0x00,
  0x00, 0x00, 0x00, 0x00, 0x00, 0x00, 0x00, 0x00, 0x00, 0x00, 0x00, 0x00, 0x00, 0x00, 0x00, 0x00,
  0x00, 0x00, 0x00, 0x00, 0x00, 0x00, 0x00, 0x00, 0x00, 0x00, 0x00, 0x00, 0x00, 0x00, 0x00, 0x00,
  0x00, 0x00, 0x00, 0x00, 0x00, 0x00, 0x00, 0x00, 0x00, 0x00, 0x00, 0x00, 0x00, 0x00, 0x00, 0x00,
  0x00, 0x00, 0x00, 0x00, 0x00, 0x00, 0x00, 0x00, 0x00, 0x00, 0x00, 0x00, 0x00, 0x00, 0x00, 0x00,
  0x00, 0x00, 0x00, 0x00, 0x00, 0x00, 0x00, 0x00, 0x00, 0x00, 0x00, 0x00, 0x00, 0x00, 0x00, 0x00,
  0x00, 0x00, 0x00, 0x00, 0x00, 0x00, 0x00, 0x05, 0xd1, 0x27, 0x25, 0xd1, 0xaf, 0x05, 0xd1, 0xf2,
  0x05, 0xd1, 0xff, 0x05, 0xd1, 0xff, 0x05, 0xd1, 0xff, 0x05, 0xd1, 0xff, 0x05, 0xd1, 0xff, 0x05,
  0xd1, 0xff, 0x05, 0xd1, 0xff, 0x05, 0xd1, 0xff, 0x05, 0xd1, 0xff, 0x05, 0xd1, 0xff, 0x05, 0xd1,
  0xff, 0x05, 0xd1, 0xff, 0x05, 0xd1, 0xff, 0x05, 0xd1, 0xff, 0x05, 0xd1, 0xff, 0x05, 0xd1, 0xff,
  0x05, 0xd1, 0xff, 0x05, 0xd1, 0xff, 0x05, 0xd1, 0xff, 0x05, 0xd1, 0xff, 0x05, 0xd1, 0xff, 0x05,
  0xd1, 0xff, 0x05, 0xd1, 0xff, 0x05, 0xd1, 0xff, 0x05, 0xd1, 0xff, 0x05, 0xd1, 0xff, 0x05, 0xd1,
  0xff, 0x05, 0xd1, 0xff, 0x05, 0xd1, 0xff, 0x05, 0xd1, 0xff, 0x05, 0xd1, 0xff, 0x05, 0xd1, 0xff,
  0x05, 0xd1, 0xf2, 0x25, 0xd1, 0xae, 0x25, 0xd1, 0x25, 0x00, 0x00, 0x00, 0x00, 0x00, 0x00, 0x00,
  0x00, 0x00, 0x00, 0x00, 0x00, 0x00, 0x00, 0x00, 0x00, 0x00, 0x00, 0x00, 0x00, 0x00, 0x00, 0x00,
  0x00, 0x00, 0x00, 0x00, 0x00, 0x00, 0x00, 0x00, 0x00, 0x00, 0x00, 0x00, 0x00, 0x00, 0x00, 0x00,
  0x00, 0x00, 0x00, 0x00, 0x00, 0x00, 0x00, 0x00, 0x00, 0x00, 0x00, 0x00, 0x00, 0x00, 0x00, 0x00,
  0x00, 0x00, 0x00, 0x00, 0x00, 0x00, 0x00, 0x00, 0x00, 0x00, 0x00, 0x00, 0x00, 0x00, 0x00, 0x00,
  0x00, 0x00, 0x00, 0x00, 0x25, 0xd1, 0x2c, 0x05, 0xd1, 0xed, 0x05, 0xd1, 0xff, 0x05, 0xd1, 0xff,
  0x05, 0xd1, 0xff, 0x05, 0xd1, 0xff, 0x05, 0xd1, 0xff, 0x05, 0xd1, 0xff, 0x05, 0xd1, 0xff, 0x05,
  0xd1, 0xff, 0x05, 0xd1, 0xff, 0x05, 0xd1, 0xff, 0x05, 0xd1, 0xff, 0x05, 0xd1, 0xff, 0x05, 0xd1,
  0xff, 0x05, 0xd1, 0xff, 0x05, 0xd1, 0xff, 0x05, 0xd1, 0xff, 0x05, 0xd1, 0xff, 0x05, 0xd1, 0xff,
  0x05, 0xd1, 0xff, 0x05, 0xd1, 0xff, 0x05, 0xd1, 0xff, 0x05, 0xd1, 0xff, 0x05, 0xd1, 0xff, 0x05,
  0xd1, 0xff, 0x05, 0xd1, 0xff, 0x05, 0xd1, 0xff, 0x05, 0xd1, 0xff, 0x05, 0xd1, 0xff, 0x05, 0xd1,
  0xff, 0x05, 0xd1, 0xff, 0x05, 0xd1, 0xff, 0x05, 0xd1, 0xff, 0x05, 0xd1, 0xff, 0x05, 0xd1, 0xff,
  0x05, 0xd1, 0xff, 0x05, 0xd1, 0xff, 0x05, 0xd1, 0xeb, 0x05, 0xd1, 0x28, 0x00, 0x00, 0x00, 0x00,
  0x00, 0x00, 0x00, 0x00, 0x00, 0x00, 0x00, 0x00, 0x00, 0x00, 0x00, 0x00, 0x00, 0x00, 0x00, 0x00,
  0x00, 0x00, 0x00, 0x00, 0x00, 0x00, 0x00, 0x00, 0x00, 0x00, 0x00, 0x00, 0x00, 0x00, 0x00, 0x00,
  0x00, 0x00, 0x00, 0x00, 0x00, 0x00, 0x00, 0x00, 0x00, 0x00, 0x00, 0x00, 0x00, 0x00, 0x00, 0x00,
  0x00, 0x00, 0x00, 0x00, 0x00, 0x00, 0x00, 0x00, 0x00, 0x00, 0x00, 0x00, 0x00, 0x00, 0x00, 0x00,
  0x00, 0x45, 0xd1, 0x14, 0x05, 0xd1, 0xde, 0x05, 0xd1, 0xff, 0x05, 0xd1, 0xff, 0x25, 0xd1, 0xe4,
  0x05, 0xd1, 0xaa, 0x05, 0xd1, 0xaa, 0x05, 0xd1, 0xaa, 0x05, 0xd1, 0xaa, 0x05, 0xd1, 0xaa, 0x05,
  0xd1, 0xaa, 0x05, 0xd1, 0xaa, 0x05, 0xd1, 0xaa, 0x05, 0xd1, 0xaa, 0x05, 0xd1, 0xaa, 0x05, 0xd1,
  0xaa, 0x05, 0xd1, 0xaa, 0x05, 0xd1, 0xaa, 0x05, 0xd1, 0xaa, 0x05, 0xd1, 0xaa, 0x05, 0xd1, 0xaa,
  0x05, 0xd1, 0xaa, 0x05, 0xd1, 0xaa, 0x05, 0xd1, 0xaa, 0x05, 0xd1, 0xaa, 0x05, 0xd1, 0xaa, 0x05,
  0xd1, 0xaa, 0x05, 0xd1, 0xaa, 0x05, 0xd1, 0xaa, 0x05, 0xd1, 0xaa, 0x05, 0xd1, 0xaa, 0x05, 0xd1,
  0xaa, 0x05, 0xd1, 0xaa, 0x05, 0xd1, 0xaa, 0x05, 0xd1, 0xaa, 0x05, 0xd1, 0xaa, 0x25, 0xd1, 0xaf,
  0x05, 0xd1, 0xfd, 0x05, 0xd1, 0xff, 0x05, 0xd1, 0xff, 0x05, 0xd1, 0xda, 0x06, 0xd1, 0x11, 0x00,
  0x00, 0x00, 0x00, 0x00, 0x00, 0x00, 0x00, 0x00, 0x00, 0x00, 0x00, 0x00, 0x00, 0x00, 0x00, 0x00,
  0x00, 0x00, 0x00, 0x00, 0x00, 0x00, 0x00, 0x00, 0x00, 0x00, 0x00, 0x00, 0x00, 0x00, 0x00, 0x00,
  0x00, 0x00, 0x00, 0x00, 0x00, 0x00, 0x00, 0x00, 0x00, 0x00, 0x00, 0x00, 0x00, 0x00, 0x00, 0x00,
  0x00, 0x00, 0x00, 0x00, 0x00, 0x00, 0x00, 0x00, 0x00, 0x00, 0x00, 0x00, 0x00, 0x00, 0xa6, 0xd1,
  0x05, 0x05, 0xd1, 0xbd, 0x05, 0xd1, 0xff, 0x05, 0xd1, 0xff, 0x05, 0xd1, 0xf6, 0x05, 0xd1, 0x32,
  0x00, 0x00, 0x00, 0x00, 0x00, 0x00, 0x00, 0x00, 0x00, 0x00, 0x00, 0x00, 0x00, 0x00, 0x00, 0x00,
  0x00, 0x00, 0x00, 0x00, 0x00, 0x00, 0x00, 0x00, 0x00, 0x00, 0x00, 0x00, 0x00, 0x00, 0x00, 0x00,
  0x00, 0x00, 0x00, 0x00, 0x00, 0x00, 0x00, 0x00, 0x00, 0x00, 0x00, 0x00, 0x00, 0x00, 0x00, 0x00,
  0x00, 0x00, 0x00, 0x00, 0x00, 0x00, 0x00, 0x00, 0x00, 0x00, 0x00, 0x00, 0x00, 0x00, 0x00, 0x00,
  0x00, 0x00, 0x00, 0x00, 0x00, 0x00, 0x00, 0x00, 0x00, 0x00, 0x00, 0x00, 0x00, 0x00, 0x00, 0x00,
  0x00, 0x00, 0x00, 0x00, 0x00, 0x00, 0x00, 0x00, 0x00, 0x00, 0x00, 0x00, 0x00, 0x00, 0x00, 0x00,
  0x25, 0xd1, 0x61, 0x05, 0xd1, 0xfe, 0x05, 0xd1, 0xff, 0x05, 0xd1, 0xff, 0x05, 0xd1, 0xbb, 0x08,
  0xc2, 0x04, 0x00, 0x00, 0x00, 0x00, 0x00, 0x00, 0x00, 0x00, 0x00, 0x00, 0x00, 0x00, 0x00, 0x00,
  0x00, 0x00, 0x00, 0x00, 0x00, 0x00, 0x00, 0x00, 0x00, 0x00, 0x00, 0x00, 0x00, 0x00, 0x00, 0x00,
  0x00, 0x00, 0x00, 0x00, 0x00, 0x00, 0x00, 0x00, 0x00, 0x00, 0x00, 0x00, 0x00, 0x00, 0x00, 0x00,
  0x00, 0x00, 0x00, 0x00, 0x00, 0x00, 0x00, 0x00, 0x00, 0x00, 0x00, 0x00, 0x00, 0x00, 0x05, 0xd1,
  0x96, 0x05, 0xd1, 0xff, 0x05, 0xd1, 0xff, 0x05, 0xd1, 0xfe, 0x05, 0xd1, 0x57, 0x00, 0x00, 0x00,
  0x00, 0x00, 0x00, 0x00, 0x00, 0x00, 0x00, 0x00, 0x00, 0x00, 0x00, 0x00, 0x00, 0x00, 0x00, 0x00,
  0x00, 0x00, 0x00, 0x00, 0x00, 0x00, 0x00, 0x00, 0x00, 0x00, 0x00, 0x00, 0x00, 0x00, 0x00, 0x00,
  0x00, 0x00, 0x00, 0x00, 0x00, 0x00, 0x00, 0x00, 0x00, 0x00, 0x00, 0x00, 0x00, 0x00, 0x00, 0x00,
  0x00, 0x00, 0x00, 0x00, 0x00, 0x00, 0x00, 0x00, 0x00, 0x00, 0x00, 0x00, 0x00, 0x00, 0x00, 0x00,
  0x00, 0x00, 0x00, 0x00, 0x00, 0x00, 0x00, 0x00, 0x00, 0x00, 0x00, 0x00, 0x00, 0x00, 0x00, 0x00,
  0x00, 0x00, 0x00, 0x00, 0x00, 0x00, 0x00, 0x00, 0x00, 0x00, 0x00, 0x00, 0x00, 0x00, 0x00, 0x00,
  0x00, 0x00, 0x00, 0x05, 0xd1, 0x6f, 0x05, 0xd1, 0xff, 0x05, 0xd1, 0xff, 0x05, 0xd1, 0xff, 0x05,
  0xd1, 0x92, 0x00, 0x00, 0x00, 0x00, 0x00, 0x00, 0x00, 0x00, 0x00, 0x00, 0x00, 0x00, 0x00, 0x00,
  0x00, 0x00, 0x00, 0x00, 0x00, 0x00, 0x00, 0x00, 0x00, 0x00, 0x00, 0x00, 0x00, 0x00, 0x00, 0x00,
  0x00, 0x00, 0x00, 0x00, 0x00, 0x00, 0x00, 0x00, 0x00, 0x00, 0x00, 0x00, 0x00, 0x00, 0x00, 0x00,
  0x00, 0x00, 0x00, 0x00, 0x00, 0x00, 0x00, 0x00, 0x00, 0x00, 0x00, 0x05, 0xd1, 0x68, 0x05, 0xd1,
  0xff, 0x05, 0xd1, 0xff, 0x05, 0xd1, 0xff, 0x05, 0xd1, 0xed, 0x05, 0xd1, 0xaa, 0x05, 0xd1, 0xaa,
  0x05, 0xd1, 0xaa, 0x05, 0xd1, 0xaa, 0x05, 0xd1, 0xaa, 0x05, 0xd1, 0xaa, 0x05, 0xd1, 0xaa, 0x05,
  0xd1, 0xaa, 0x05, 0xd1, 0xaa, 0x05, 0xd1, 0xaa, 0x05, 0xd1, 0xaa, 0x05, 0xd1, 0xaa, 0x05, 0xd1,
  0xaa, 0x05, 0xd1, 0xaa, 0x05, 0xd1, 0xaa, 0x05, 0xd1, 0xaa, 0x05, 0xd1, 0xaa, 0x05, 0xd1, 0xaa,
  0x05, 0xd1, 0xaa, 0x05, 0xd1, 0xaa, 0x05, 0xd1, 0xaa, 0x05, 0xd1, 0xaa, 0x05, 0xd1, 0xaa, 0x05,
  0xd1, 0xaa, 0x05, 0xd1, 0xaa, 0x05, 0xd1, 0xaa, 0x05, 0xd1, 0xaa, 0x05, 0xd1, 0xaa, 0x05, 0xd1,
  0xaa, 0x05, 0xd1, 0xaa, 0x05, 0xd1, 0xaa, 0x05, 0xd1, 0xaa, 0x05, 0xd1, 0xaa, 0x05, 0xd1, 0xaa,
  0x05, 0xd1, 0xaa, 0x05, 0xd1, 0xaa, 0x05, 0xd1, 0xf1, 0x05, 0xd1, 0xff, 0x05, 0xd1, 0xff, 0x05,
  0xd1, 0xff, 0x05, 0xd1, 0x67, 0x00, 0x00, 0x00, 0x00, 0x00, 0x00, 0x00, 0x00, 0x00, 0x00, 0x00,
  0x00, 0x00, 0x00, 0x00, 0x00, 0x00, 0x00, 0x00, 0x00, 0x00, 0x00, 0x00, 0x00, 0x00, 0x00, 0x00,
  0x00, 0x00, 0x00, 0x00, 0x00, 0x00, 0x00, 0x00, 0x00, 0x00, 0x00, 0x00, 0x00, 0x00, 0x00, 0x00,
  0x00, 0x00, 0x00, 0x00, 0x00, 0x00, 0x00, 0x00, 0x05, 0xd1, 0x2f, 0x05, 0xd1, 0xf9, 0x05, 0xd1,
  0xff, 0x05, 0xd1, 0xff, 0x05, 0xd1, 0xff, 0x05, 0xd1, 0xff, 0x05, 0xd1, 0xff, 0x05, 0xd1, 0xff,
  0x05, 0xd1, 0xff, 0x05, 0xd1, 0xff, 0x05, 0xd1, 0xff, 0x05, 0xd1, 0xff, 0x05, 0xd1, 0xff, 0x05,
  0xd1, 0xff, 0x05, 0xd1, 0xff, 0x05, 0xd1, 0xff, 0x05, 0xd1, 0xff, 0x05, 0xd1, 0xff, 0x05, 0xd1,
  0xff, 0x05, 0xd1, 0xff, 0x05, 0xd1, 0xff, 0x05, 0xd1, 0xff, 0x05, 0xd1, 0xff, 0x05, 0xd1, 0xff,
  0x05, 0xd1, 0xff, 0x05, 0xd1, 0xff, 0x05, 0xd1, 0xff, 0x05, 0xd1, 0xff, 0x05, 0xd1, 0xff, 0x05,
  0xd1, 0xff, 0x05, 0xd1, 0xff, 0x05, 0xd1, 0xff, 0x05, 0xd1, 0xff, 0x05, 0xd1, 0xff, 0x05, 0xd1,
  0xff, 0x05, 0xd1, 0xff, 0x05, 0xd1, 0xff, 0x05, 0xd1, 0xff, 0x05, 0xd1, 0xff, 0x05, 0xd1, 0xff,
  0x05, 0xd1, 0xff, 0x05, 0xd1, 0xff, 0x05, 0xd1, 0xff, 0x05, 0xd1, 0xff, 0x05, 0xd1, 0xff, 0x05,
  0xd1, 0xff, 0x05, 0xd1, 0xf9, 0x05, 0xd1, 0x2e, 0x00, 0x00, 0x00, 0x00, 0x00, 0x00, 0x00, 0x00,
  0x00, 0x00, 0x00, 0x00, 0x00, 0x00, 0x00, 0x00, 0x00, 0x00, 0x00, 0x00, 0x00, 0x00, 0x00, 0x00,
  0x00, 0x00, 0x00, 0x00, 0x00, 0x00, 0x00, 0x00, 0x00, 0x00, 0x00, 0x00, 0x00, 0x00, 0x00, 0x00,
  0x00, 0x00, 0x00, 0x00, 0x00, 0x00, 0x00, 0x00, 0x05, 0xd1, 0xa9, 0x05, 0xd1, 0xff, 0x05, 0xd1,
  0xff, 0x05, 0xd1, 0xff, 0x05, 0xd1, 0xff, 0x05, 0xd1, 0xff, 0x05, 0xd1, 0xff, 0x05, 0xd1, 0xff,
  0x05, 0xd1, 0xff, 0x05, 0xd1, 0xff, 0x05, 0xd1, 0xff, 0x05, 0xd1, 0xff, 0x05, 0xd1, 0xff, 0x05,
  0xd1, 0xff, 0x05, 0xd1, 0xff, 0x05, 0xd1, 0xff, 0x05, 0xd1, 0xff, 0x05, 0xd1, 0xff, 0x05, 0xd1,
  0xff, 0x05, 0xd1, 0xff, 0x05, 0xd1, 0xff, 0x05, 0xd1, 0xff, 0x05, 0xd1, 0xff, 0x05, 0xd1, 0xff,
  0x05, 0xd1, 0xff, 0x05, 0xd1, 0xff, 0x05, 0xd1, 0xff, 0x05, 0xd1, 0xff, 0x05, 0xd1, 0xff, 0x05,
  0xd1, 0xff, 0x05, 0xd1, 0xff, 0x05, 0xd1, 0xff, 0x05, 0xd1, 0xff, 0x05, 0xd1, 0xff, 0x05, 0xd1,
  0xff, 0x05, 0xd1, 0xff, 0x05, 0xd1, 0xff, 0x05, 0xd1, 0xff, 0x05, 0xd1, 0xff, 0x05, 0xd1, 0xff,
  0x05, 0xd1, 0xff, 0x05, 0xd1, 0xff, 0x05, 0xd1, 0xff, 0x05, 0xd1, 0xff, 0x05, 0xd1, 0xff, 0x05,
  0xd1, 0xff, 0x05, 0xd1, 0xff, 0x05, 0xd1, 0xa8, 0x00, 0x00, 0x00, 0x00, 0x00, 0x00, 0x00, 0x00,
  0x00, 0x00, 0x00, 0x00, 0x00, 0x00, 0x00, 0x00, 0x00, 0x00, 0x00, 0x00, 0x00, 0x00, 0x00, 0x00,
  0x00, 0x00, 0x00, 0x00, 0x00, 0x00, 0x00, 0x00, 0x00, 0x00, 0x00, 0x00, 0x00, 0x00, 0x00, 0x00,
  0x00, 0x00, 0x00, 0x00, 0x00, 0x00, 0x00, 0x00, 0x05, 0xd1, 0xeb, 0x05, 0xd1, 0xff, 0x05, 0xd1,
  0xff, 0x05, 0xd1, 0xff, 0x05, 0xd1, 0xff, 0x05, 0xd1, 0xff, 0x05, 0xd1, 0xff, 0x05, 0xd1, 0xff,
  0x05, 0xd1, 0xff, 0x05, 0xd1, 0xff, 0x05, 0xd1, 0xff, 0x05, 0xd1, 0xff, 0x05, 0xd1, 0xff, 0x05,
  0xd1, 0xff, 0x05, 0xd1, 0xff, 0x05, 0xd1, 0xff, 0x05, 0xd1, 0xff, 0x05, 0xd1, 0xff, 0x05, 0xd1,
  0xff, 0x05, 0xd1, 0xff, 0x05, 0xd1, 0xff, 0x05, 0xd1, 0xff, 0x05, 0xd1, 0xff, 0x05, 0xd1, 0xff,
  0x05, 0xd1, 0xff, 0x05, 0xd1, 0xff, 0x05, 0xd1, 0xff, 0x05, 0xd1, 0xff, 0x05, 0xd1, 0xff, 0x05,
  0xd1, 0xff, 0x05, 0xd1, 0xff, 0x05, 0xd1, 0xff, 0x05, 0xd1, 0xff, 0x05, 0xd1, 0xff, 0x05, 0xd1,
  0xff, 0x05, 0xd1, 0xff, 0x05, 0xd1, 0xff, 0x05, 0xd1, 0xff, 0x05, 0xd1, 0xff, 0x05, 0xd1, 0xff,
  0x05, 0xd1, 0xff, 0x05, 0xd1, 0xff, 0x05, 0xd1, 0xff, 0x05, 0xd1, 0xff, 0x05, 0xd1, 0xff, 0x05,
  0xd1, 0xff, 0x05, 0xd1, 0xff, 0x05, 0xd1, 0xe9, 0x00, 0x00, 0x00, 0x00, 0x00, 0x00, 0x00, 0x00,
  0x00, 0x00, 0x00, 0x00, 0x00, 0x00, 0x00, 0x00, 0x00, 0x00, 0x00, 0x00, 0x00, 0x00, 0x00, 0x00,
  0x00, 0x00, 0x00, 0x00, 0x00, 0x00, 0x00, 0x00, 0x00, 0x00, 0x00, 0x00, 0x00, 0x00, 0x00, 0x00,
  0x00, 0x00, 0x00, 0x00, 0x00, 0x00, 0x00, 0x00, 0x05, 0xd1, 0xfe, 0x05, 0xd1, 0xff, 0x05, 0xd1,
  0xff, 0x05, 0xd1, 0xff, 0x05, 0xd1, 0xff, 0x05, 0xd1, 0xff, 0x05, 0xd1, 0xff, 0x05, 0xd1, 0xff,
  0x05, 0xd1, 0xff, 0x05, 0xd1, 0xff, 0x05, 0xd1, 0xff, 0x05, 0xd1, 0xff, 0x05, 0xd1, 0xff, 0x05,
  0xd1, 0xff, 0x05, 0xd1, 0xff, 0x05, 0xd1, 0xff, 0x05, 0xd1, 0xff, 0x05, 0xd1, 0xff, 0x05, 0xd1,
  0xff, 0x05, 0xd1, 0xff, 0x05, 0xd1, 0xff, 0x05, 0xd1, 0xff, 0x05, 0xd1, 0xff, 0x05, 0xd1, 0xff,
  0x05, 0xd1, 0xff, 0x05, 0xd1, 0xff, 0x05, 0xd1, 0xff, 0x05, 0xd1, 0xff, 0x05, 0xd1, 0xff, 0x05,
  0xd1, 0xff, 0x05, 0xd1, 0xff, 0x05, 0xd1, 0xff, 0x05, 0xd1, 0xff, 0x05, 0xd1, 0xff, 0x05, 0xd1,
  0xff, 0x05, 0xd1, 0xff, 0x05, 0xd1, 0xff, 0x05, 0xd1, 0xff, 0x05, 0xd1, 0xff, 0x05, 0xd1, 0xff,
  0x05, 0xd1, 0xff, 0x05, 0xd1, 0xff, 0x05, 0xd1, 0xff, 0x05, 0xd1, 0xff, 0x05, 0xd1, 0xff, 0x05,
  0xd1, 0xff, 0x05, 0xd1, 0xff, 0x05, 0xd1, 0xfe, 0x00, 0x00, 0x00, 0x00, 0x00, 0x00, 0x00, 0x00,
  0x00, 0x00, 0x00, 0x00, 0x00, 0x00, 0x00, 0x00, 0x00, 0x00, 0x00, 0x00, 0x00, 0x00, 0x00, 0x00,
  0x00, 0x00, 0x00, 0x00, 0x00, 0x00, 0x00, 0x00, 0x00, 0x00, 0x00, 0x00, 0x00, 0x00, 0x00, 0x00,
  0x00, 0x00, 0x00, 0x00, 0x00, 0x00, 0x00, 0x00, 0x05, 0xd1, 0xff, 0x05, 0xd1, 0xff, 0x05, 0xd1,
  0xff, 0x05, 0xd1, 0xff, 0x05, 0xd1, 0xff, 0x05, 0xd1, 0xff, 0x05, 0xd1, 0xff, 0x05, 0xd1, 0xff,
  0x05, 0xd1, 0xff, 0x05, 0xd1, 0xff, 0x05, 0xd1, 0xff, 0x05, 0xd1, 0xff, 0x05, 0xd1, 0xff, 0x05,
  0xd1, 0xff, 0x05, 0xd1, 0xff, 0x05, 0xd1, 0xff, 0x05, 0xd1, 0xff, 0x05, 0xd1, 0xff, 0x05, 0xd1,
  0xff, 0x05, 0xd1, 0xff, 0x05, 0xd1, 0xff, 0x05, 0xd1, 0xff, 0x05, 0xd1, 0xff, 0x05, 0xd1, 0xff,
  0x05, 0xd1, 0xff, 0x05, 0xd1, 0xff, 0x05, 0xd1, 0xff, 0x05, 0xd1, 0xff, 0x05, 0xd1, 0xff, 0x05,
  0xd1, 0xff, 0x05, 0xd1, 0xff, 0x05, 0xd1, 0xff, 0x05, 0xd1, 0xff, 0x05, 0xd1, 0xff, 0x05, 0xd1,
  0xff, 0x05, 0xd1, 0xff, 0x05, 0xd1, 0xff, 0x05, 0xd1, 0xff, 0x05, 0xd1, 0xff, 0x05, 0xd1, 0xff,
  0x05, 0xd1, 0xff, 0x05, 0xd1, 0xff, 0x05, 0xd1, 0xff, 0x05, 0xd1, 0xff, 0x05, 0xd1, 0xff, 0x05,
  0xd1, 0xff, 0x05, 0xd1, 0xff, 0x05, 0xd1, 0xff, 0x00, 0x00, 0x00, 0x00, 0x00, 0x00, 0x00, 0x00,
  0x00, 0x00, 0x00, 0x00, 0x00, 0x00, 0x00, 0x00, 0x00, 0x00, 0x00, 0x00, 0x00, 0x00, 0x00, 0x00,
  0x00, 0x00, 0x00, 0x00, 0x00, 0x00, 0x00, 0x00, 0x00, 0x00, 0x00, 0x00, 0x00, 0x00, 0x00, 0x00,
  0x00, 0x00, 0x00, 0x00, 0x00, 0x00, 0x00, 0x00, 0x05, 0xd1, 0xff, 0x05, 0xd1, 0xff, 0x05, 0xd1,
  0xff, 0x05, 0xd1, 0xff, 0x05, 0xd1, 0xff, 0x05, 0xd1, 0xff, 0x05, 0xd1, 0xff, 0x05, 0xd1, 0xff,
  0x05, 0xd1, 0xff, 0x05, 0xd1, 0xff, 0x05, 0xd1, 0xff, 0x05, 0xd1, 0xff, 0x05, 0xd1, 0xff, 0x05,
  0xd1, 0xff, 0x05, 0xd1, 0xff, 0x05, 0xd1, 0xff, 0x05, 0xd1, 0xff, 0x05, 0xd1, 0xff, 0x05, 0xd1,
  0xff, 0x05, 0xd1, 0xff, 0x05, 0xd1, 0xff, 0x05, 0xd1, 0xff, 0x05, 0xd1, 0xff, 0x05, 0xd1, 0xff,
  0x05, 0xd1, 0xff, 0x05, 0xd1, 0xff, 0x05, 0xd1, 0xff, 0x05, 0xd1, 0xff, 0x05, 0xd1, 0xff, 0x05,
  0xd1, 0xff, 0x05, 0xd1, 0xff, 0x05, 0xd1, 0xff, 0x05, 0xd1, 0xff, 0x05, 0xd1, 0xff, 0x05, 0xd1,
  0xff, 0x05, 0xd1, 0xff, 0x05, 0xd1, 0xff, 0x05, 0xd1, 0xff, 0x05, 0xd1, 0xff, 0x05, 0xd1, 0xff,
  0x05, 0xd1, 0xff, 0x05, 0xd1, 0xff, 0x05, 0xd1, 0xff, 0x05, 0xd1, 0xff, 0x05, 0xd1, 0xff, 0x05,
  0xd1, 0xff, 0x05, 0xd1, 0xff, 0x05, 0xd1, 0xff, 0x00, 0x00, 0x00, 0x00, 0x00, 0x00, 0x00, 0x00,
  0x00, 0x00, 0x00, 0x00, 0x00, 0x00, 0x00, 0x00, 0x00, 0x00, 0x00, 0x00, 0x00, 0x00, 0x00, 0x00,
  0x00, 0x00, 0x00, 0x00, 0x00, 0x00, 0x00, 0x00, 0x00, 0x00, 0x00, 0x00, 0x00, 0x00, 0x00, 0x00,
  0x00, 0x00, 0x00, 0x00, 0x00, 0x00, 0x00, 0x00, 0x05, 0xd1, 0xff, 0x05, 0xd1, 0xff, 0x05, 0xd1,
  0xff, 0x05, 0xd1, 0xff, 0x05, 0xd1, 0xff, 0x05, 0xd1, 0xff, 0x05, 0xd1, 0xff, 0x05, 0xd1, 0xff,
  0x05, 0xd1, 0xff, 0x05, 0xd1, 0xff, 0x05, 0xd1, 0xff, 0x05, 0xd1, 0xff, 0x05, 0xd1, 0xff, 0x05,
  0xd1, 0xff, 0x05, 0xd1, 0xff, 0x05, 0xd1, 0xff, 0x05, 0xd1, 0xff, 0x05, 0xd1, 0xff, 0x05, 0xd1,
  0xff, 0x05, 0xd1, 0xff, 0x05, 0xd1, 0xff, 0x05, 0xd1, 0xff, 0x05, 0xd1, 0xff, 0x05, 0xd1, 0xff,
  0x05, 0xd1, 0xff, 0x05, 0xd1, 0xff, 0x05, 0xd1, 0xff, 0x05, 0xd1, 0xff, 0x05, 0xd1, 0xff, 0x05,
  0xd1, 0xff, 0x05, 0xd1, 0xff, 0x05, 0xd1, 0xff, 0x05, 0xd1, 0xff, 0x05, 0xd1, 0xff, 0x05, 0xd1,
  0xff, 0x05, 0xd1, 0xff, 0x05, 0xd1, 0xff, 0x05, 0xd1, 0xff, 0x05, 0xd1, 0xff, 0x05, 0xd1, 0xff,
  0x05, 0xd1, 0xff, 0x05, 0xd1, 0xff, 0x05, 0xd1, 0xff, 0x05, 0xd1, 0xff, 0x05, 0xd1, 0xff, 0x05,
  0xd1, 0xff, 0x05, 0xd1, 0xff, 0x05, 0xd1, 0xff, 0x00, 0x00, 0x00, 0x00, 0x00, 0x00, 0x00, 0x00,
  0x00, 0x00, 0x00, 0x00, 0x00, 0x00, 0x00, 0x00, 0x00, 0x00, 0x00, 0x00, 0x00, 0x00, 0x00, 0x00,
  0x00, 0x00, 0x00, 0x00, 0x00, 0x00, 0x00, 0x00, 0x00, 0x00, 0x00, 0x00, 0x00, 0x00, 0x00, 0x00,
  0x00, 0x00, 0x00, 0x00, 0x00, 0x00, 0x00, 0x00, 0x05, 0xd1, 0xff, 0x05, 0xd1, 0xff, 0x05, 0xd1,
  0xff, 0x05, 0xd1, 0xff, 0x05, 0xd1, 0xff, 0x05, 0xd1, 0xff, 0x05, 0xd1, 0xff, 0x05, 0xd1, 0xff,
  0x05, 0xd1, 0xff, 0x05, 0xd1, 0xff, 0x05, 0xd1, 0xff, 0x05, 0xd1, 0xff, 0x05, 0xd1, 0xff, 0x05,
  0xd1, 0xff, 0x05, 0xd1, 0xff, 0x05, 0xd1, 0xff, 0x05, 0xd1, 0xff, 0x05, 0xd1, 0xff, 0x05, 0xd1,
  0xff, 0x05, 0xd1, 0xff, 0x05, 0xd1, 0xff, 0x05, 0xd1, 0xff, 0x05, 0xd1, 0xff, 0x05, 0xd1, 0xff,
  0x05, 0xd1, 0xff, 0x05, 0xd1, 0xff, 0x05, 0xd1, 0xff, 0x05, 0xd1, 0xff, 0x05, 0xd1, 0xff, 0x05,
  0xd1, 0xff, 0x05, 0xd1, 0xff, 0x05, 0xd1, 0xff, 0x05, 0xd1, 0xff, 0x05, 0xd1, 0xff, 0x05, 0xd1,
  0xff, 0x05, 0xd1, 0xff, 0x05, 0xd1, 0xff, 0x05, 0xd1, 0xff, 0x05, 0xd1, 0xff, 0x05, 0xd1, 0xff,
  0x05, 0xd1, 0xff, 0x05, 0xd1, 0xff, 0x05, 0xd1, 0xff, 0x05, 0xd1, 0xff, 0x05, 0xd1, 0xff, 0x05,
  0xd1, 0xff, 0x05, 0xd1, 0xff, 0x05, 0xd1, 0xff, 0x00, 0x00, 0x00, 0x00, 0x00, 0x00, 0x00, 0x00,
  0x00, 0x00, 0x00, 0x00, 0x00, 0x00, 0x00, 0x00, 0x00, 0x00, 0x00, 0x00, 0x00, 0x00, 0x00, 0x00,
  0x00, 0x00, 0x00, 0x00, 0x00, 0x00, 0x00, 0x00, 0x00, 0x00, 0x00, 0x00, 0x00, 0x00, 0x00, 0x00,
  0x00, 0x00, 0x00, 0x00, 0x00, 0x00, 0x00, 0x00, 0x05, 0xd1, 0xff, 0x05, 0xd1, 0xff, 0x05, 0xd1,
  0xff, 0x05, 0xd1, 0xff, 0x05, 0xd1, 0xff, 0x05, 0xd1, 0xff, 0x05, 0xd1, 0xff, 0x05, 0xd1, 0xff,
  0x05, 0xd1, 0xff, 0x05, 0xd1, 0xff, 0x05, 0xd1, 0xff, 0x05, 0xd1, 0xff, 0x05, 0xd1, 0xff, 0x05,
  0xd1, 0xff, 0x05, 0xd1, 0xff, 0x05, 0xd1, 0xff, 0x05, 0xd1, 0xff, 0x05, 0xd1, 0xff, 0x05, 0xd1,
  0xff, 0x05, 0xd1, 0xff, 0x05, 0xd1, 0xff, 0x05, 0xd1, 0xff, 0x05, 0xd1, 0xff, 0x05, 0xd1, 0xff,
  0x05, 0xd1, 0xff, 0x05, 0xd1, 0xff, 0x05, 0xd1, 0xff, 0x05, 0xd1, 0xff, 0x05, 0xd1, 0xff, 0x05,
  0xd1, 0xff, 0x05, 0xd1, 0xff, 0x05, 0xd1, 0xff, 0x05, 0xd1, 0xff, 0x05, 0xd1, 0xff, 0x05, 0xd1,
  0xff, 0x05, 0xd1, 0xff, 0x05, 0xd1, 0xff, 0x05, 0xd1, 0xff, 0x05, 0xd1, 0xff, 0x05, 0xd1, 0xff,
  0x05, 0xd1, 0xff, 0x05, 0xd1, 0xff, 0x05, 0xd1, 0xff, 0x05, 0xd1, 0xff, 0x05, 0xd1, 0xff, 0x05,
  0xd1, 0xff, 0x05, 0xd1, 0xff, 0x05, 0xd1, 0xff, 0x00, 0x00, 0x00, 0x00, 0x00, 0x00, 0x00, 0x00,
  0x00, 0x00, 0x00, 0x00, 0x00, 0x00, 0x00, 0x00, 0x00, 0x00, 0x00, 0x00, 0x00, 0x00, 0x00, 0x00,
  0x00, 0x00, 0x00, 0x00, 0x00, 0x00, 0x00, 0x00, 0x00, 0x00, 0x00, 0x00, 0x00, 0x00, 0x00, 0x00,
  0x00, 0x00, 0x00, 0x00, 0x00, 0x00, 0x00, 0x00, 0x05, 0xd1, 0xff, 0x05, 0xd1, 0xff, 0x05, 0xd1,
  0xff, 0x05, 0xd1, 0xff, 0x05, 0xd1, 0xff, 0x05, 0xd1, 0xff, 0x05, 0xd1, 0xff, 0x05, 0xd1, 0xff,
  0x05, 0xd1, 0xff, 0x05, 0xd1, 0xff, 0x05, 0xd1, 0xff, 0x05, 0xd1, 0xff, 0x05, 0xd1, 0xff, 0x05,
  0xd1, 0xff, 0x05, 0xd1, 0xff, 0x05, 0xd1, 0xff, 0x05, 0xd1, 0xff, 0x05, 0xd1, 0xff, 0x05, 0xd1,
  0xff, 0x05, 0xd1, 0xff, 0x05, 0xd1, 0xff, 0x05, 0xd1, 0xff, 0x05, 0xd1, 0xff, 0x05, 0xd1, 0xff,
  0x05, 0xd1, 0xff, 0x05, 0xd1, 0xff, 0x05, 0xd1, 0xff, 0x05, 0xd1, 0xff, 0x05, 0xd1, 0xff, 0x05,
  0xd1, 0xff, 0x05, 0xd1, 0xff, 0x05, 0xd1, 0xff, 0x05, 0xd1, 0xff, 0x05, 0xd1, 0xff, 0x05, 0xd1,
  0xff, 0x05, 0xd1, 0xff, 0x05, 0xd1, 0xff, 0x05, 0xd1, 0xff, 0x05, 0xd1, 0xff, 0x05, 0xd1, 0xff,
  0x05, 0xd1, 0xff, 0x05, 0xd1, 0xff, 0x05, 0xd1, 0xff, 0x05, 0xd1, 0xff, 0x05, 0xd1, 0xff, 0x05,
  0xd1, 0xff, 0x05, 0xd1, 0xff, 0x05, 0xd1, 0xff, 0x00, 0x00, 0x00, 0x00, 0x00, 0x00, 0x00, 0x00,
  0x00, 0x00, 0x00, 0x00, 0x00, 0x00, 0x00, 0x00, 0x00, 0x00, 0x00, 0x00, 0x00, 0x00, 0x00, 0x00,
  0x00, 0x00, 0x00, 0x00, 0x00, 0x00, 0x00, 0x00, 0x00, 0x00, 0x00, 0x00, 0x00, 0x00, 0x00, 0x00,
  0x00, 0x00, 0x00, 0x00, 0x00, 0x00, 0x00, 0x00, 0x05, 0xd1, 0xff, 0x05, 0xd1, 0xff, 0x05, 0xd1,
  0xff, 0x05, 0xd1, 0xff, 0x05, 0xd1, 0xff, 0x05, 0xd1, 0xff, 0x05, 0xd1, 0xff, 0x05, 0xd1, 0xff,
  0x05, 0xd1, 0xff, 0x05, 0xd1, 0xff, 0x05, 0xd1, 0xff, 0x05, 0xd1, 0xff, 0x05, 0xd1, 0xff, 0x05,
  0xd1, 0xff, 0x05, 0xd1, 0xff, 0x05, 0xd1, 0xff, 0x05, 0xd1, 0xff, 0x05, 0xd1, 0xff, 0x05, 0xd1,
  0xff, 0x05, 0xd1, 0xff, 0x05, 0xd1, 0xff, 0x05, 0xd1, 0xff, 0x05, 0xd1, 0xff, 0x05, 0xd1, 0xff,
  0x05, 0xd1, 0xff, 0x05, 0xd1, 0xff, 0x05, 0xd1, 0xff, 0x05, 0xd1, 0xff, 0x05, 0xd1, 0xff, 0x05,
  0xd1, 0xff, 0x05, 0xd1, 0xff, 0x05, 0xd1, 0xff, 0x05, 0xd1, 0xff, 0x05, 0xd1, 0xff, 0x05, 0xd1,
  0xff, 0x05, 0xd1, 0xff, 0x05, 0xd1, 0xff, 0x05, 0xd1, 0xff, 0x05, 0xd1, 0xff, 0x05, 0xd1, 0xff,
  0x05, 0xd1, 0xff, 0x05, 0xd1, 0xff, 0x05, 0xd1, 0xff, 0x05, 0xd1, 0xff, 0x05, 0xd1, 0xff, 0x05,
  0xd1, 0xff, 0x05, 0xd1, 0xff, 0x05, 0xd1, 0xff, 0x00, 0x00, 0x00, 0x00, 0x00, 0x00, 0x00, 0x00,
  0x00, 0x00, 0x00, 0x00, 0x00, 0x00, 0x00, 0x00, 0x00, 0x00, 0x00, 0x00, 0x00, 0x00, 0x00, 0x00,
  0x00, 0x00, 0x00, 0x00, 0x00, 0x00, 0x00, 0x00, 0x00, 0x00, 0x00, 0x00, 0x00, 0x00, 0x00, 0x00,
  0x00, 0x00, 0x00, 0x00, 0x00, 0x00, 0x00, 0x00, 0x05, 0xd1, 0xff, 0x05, 0xd1, 0xff, 0x05, 0xd1,
  0xff, 0x05, 0xd1, 0xff, 0x05, 0xd1, 0xff, 0x05, 0xd1, 0xff, 0x05, 0xd1, 0xff, 0x05, 0xd1, 0xff,
  0x05, 0xd1, 0xff, 0x05, 0xd1, 0xff, 0x05, 0xd1, 0xff, 0x05, 0xd1, 0xff, 0x05, 0xd1, 0xff, 0x05,
  0xd1, 0xff, 0x05, 0xd1, 0xff, 0x05, 0xd1, 0xff, 0x05, 0xd1, 0xff, 0x05, 0xd1, 0xff, 0x05, 0xd1,
  0xff, 0x05, 0xd1, 0xff, 0x05, 0xd1, 0xff, 0x05, 0xd1, 0xff, 0x05, 0xd1, 0xff, 0x05, 0xd1, 0xff,
  0x05, 0xd1, 0xff, 0x05, 0xd1, 0xff, 0x05, 0xd1, 0xff, 0x05, 0xd1, 0xff, 0x05, 0xd1, 0xff, 0x05,
  0xd1, 0xff, 0x05, 0xd1, 0xff, 0x05, 0xd1, 0xff, 0x05, 0xd1, 0xff, 0x05, 0xd1, 0xff, 0x05, 0xd1,
  0xff, 0x05, 0xd1, 0xff, 0x05, 0xd1, 0xff, 0x05, 0xd1, 0xff, 0x05, 0xd1, 0xff, 0x05, 0xd1, 0xff,
  0x05, 0xd1, 0xff, 0x05, 0xd1, 0xff, 0x05, 0xd1, 0xff, 0x05, 0xd1, 0xff, 0x05, 0xd1, 0xff, 0x05,
  0xd1, 0xff, 0x05, 0xd1, 0xff, 0x05, 0xd1, 0xff, 0x00, 0x00, 0x00, 0x00, 0x00, 0x00, 0x00, 0x00,
  0x00, 0x00, 0x00, 0x00, 0x00, 0x00, 0x00, 0x00, 0x00, 0x00, 0x00, 0x00, 0x00, 0x00, 0x00, 0x00,
  0x00, 0x00, 0x00, 0x00, 0x00, 0x00, 0x00, 0x00, 0x00, 0x00, 0x00, 0x00, 0x00, 0x00, 0x00, 0x00,
  0x00, 0x00, 0x00, 0x00, 0x00, 0x00, 0x00, 0x00, 0x05, 0xd1, 0xff, 0x05, 0xd1, 0xff, 0x05, 0xd1,
  0xff, 0x05, 0xd1, 0xff, 0x05, 0xd1, 0xff, 0x05, 0xd1, 0xff, 0x05, 0xd1, 0xff, 0x05, 0xd1, 0xff,
  0x05, 0xd1, 0xff, 0x05, 0xd1, 0xff, 0x05, 0xd1, 0xff, 0x05, 0xd1, 0xff, 0x05, 0xd1, 0xff, 0x05,
  0xd1, 0xff, 0x05, 0xd1, 0xff, 0x05, 0xd1, 0xff, 0x05, 0xd1, 0xff, 0x05, 0xd1, 0xff, 0x05, 0xd1,
  0xe3, 0x05, 0xd1, 0xaa, 0x05, 0xd1, 0xaa, 0x05, 0xd1, 0xaa, 0x05, 0xd1, 0xaa, 0x05, 0xd1, 0xaa,
  0x05, 0xd1, 0xaa, 0x05, 0xd1, 0xaa, 0x05, 0xd1, 0xaa, 0x05, 0xd1, 0xaa, 0x05, 0xd1, 0xaa, 0x05,
  0xd1, 0xe3, 0x05, 0xd1, 0xff, 0x05, 0xd1, 0xff, 0x05, 0xd1, 0xff, 0x05, 0xd1, 0xff, 0x05, 0xd1,
  0xff, 0x05, 0xd1, 0xff, 0x05, 0xd1, 0xff, 0x05, 0xd1, 0xff, 0x05, 0xd1, 0xff, 0x05, 0xd1, 0xff,
  0x05, 0xd1, 0xff, 0x05, 0xd1, 0xff, 0x05, 0xd1, 0xff, 0x05, 0xd1, 0xff, 0x05, 0xd1, 0xff, 0x05,
  0xd1, 0xff, 0x05, 0xd1, 0xff, 0x05, 0xd1, 0xff, 0x00, 0x00, 0x00, 0x00, 0x00, 0x00, 0x00, 0x00,
  0x00, 0x00, 0x00, 0x00, 0x00, 0x00, 0x00, 0x00, 0x00, 0x00, 0x00, 0x00, 0x00, 0x00, 0x00, 0x00,
  0x00, 0x00, 0x00, 0x00, 0x00, 0x00, 0x00, 0x00, 0x00, 0x00, 0x00, 0x00, 0x00, 0x00, 0x00, 0x00,
  0x00, 0x00, 0x00, 0x00, 0x00, 0x00, 0x00, 0x00, 0x05, 0xd1, 0xff, 0x05, 0xd1, 0xff, 0x05, 0xd1,
  0xff, 0x05, 0xd1, 0xff, 0x05, 0xd1, 0xff, 0x05, 0xd1, 0xff, 0x05, 0xd1, 0xff, 0x05, 0xd1, 0xff,
  0x05, 0xd1, 0xff, 0x05, 0xd1, 0xff, 0x05, 0xd1, 0xff, 0x05, 0xd1, 0xff, 0x05, 0xd1, 0xff, 0x05,
  0xd1, 0xff, 0x05, 0xd1, 0xff, 0x05, 0xd1, 0xff, 0x05, 0xd1, 0xff, 0x05, 0xd1, 0xff, 0x05, 0xd1,
  0xaa, 0x00, 0x00, 0x00, 0x00, 0x00, 0x00, 0x00, 0x00, 0x00, 0x00, 0x00, 0x00, 0x00, 0x00, 0x00,
  0x00, 0x00, 0x00, 0x00, 0x00, 0x00, 0x00, 0x00, 0x00, 0x00, 0x00, 0x00, 0x00, 0x00, 0x00, 0x05,
  0xd1, 0xaa, 0x05, 0xd1, 0xff, 0x05, 0xd1, 0xff, 0x05, 0xd1, 0xff, 0x05, 0xd1, 0xff, 0x05, 0xd1,
  0xff, 0x05, 0xd1, 0xff, 0x05, 0xd1, 0xff, 0x05, 0xd1, 0xff, 0x05, 0xd1, 0xff, 0x05, 0xd1, 0xff,
  0x05, 0xd1, 0xff, 0x05, 0xd1, 0xff, 0x05, 0xd1, 0xff, 0x05, 0xd1, 0xff, 0x05, 0xd1, 0xff, 0x05,
  0xd1, 0xff, 0x05, 0xd1, 0xff, 0x05, 0xd1, 0xff, 0x00, 0x00, 0x00, 0x00, 0x00, 0x00, 0x00, 0x00,
  0x00, 0x00, 0x00, 0x00, 0x00, 0x00, 0x00, 0x00, 0x00, 0x00, 0x00, 0x00, 0x00, 0x00, 0x00, 0x00,
  0x00, 0x00, 0x00, 0x00, 0x00, 0x00, 0x00, 0x00, 0x00, 0x00, 0x00, 0x00, 0x00, 0x00, 0x00, 0x00,
  0x00, 0x00, 0x00, 0x00, 0x00, 0x00, 0x00, 0x00, 0x05, 0xd1, 0xff, 0x05, 0xd1, 0xff, 0x05, 0xd1,
  0xff, 0x05, 0xd1, 0xff, 0x05, 0xd1, 0xff, 0x05, 0xd1, 0xff, 0x05, 0xd1, 0xff, 0x05, 0xd1, 0xff,
  0x05, 0xd1, 0xff, 0x05, 0xd1, 0xff, 0x05, 0xd1, 0xff, 0x05, 0xd1, 0xff, 0x05, 0xd1, 0xff, 0x05,
  0xd1, 0xff, 0x05, 0xd1, 0xff, 0x05, 0xd1, 0xff, 0x05, 0xd1, 0xff, 0x05, 0xd1, 0xff, 0x05, 0xd1,
  0xaa, 0x00, 0x00, 0x00, 0x00, 0x00, 0x00, 0x00, 0x00, 0x00, 0x00, 0x00, 0x00, 0x00, 0x00, 0x00,
  0x00, 0x00, 0x00, 0x00, 0x00, 0x00, 0x00, 0x00, 0x00, 0x00, 0x00, 0x00, 0x00, 0x00, 0x00, 0x05,
  0xd1, 0xaa, 0x05, 0xd1, 0xff, 0x05, 0xd1, 0xff, 0x05, 0xd1, 0xff, 0x05, 0xd1, 0xff, 0x05, 0xd1,
  0xff, 0x05, 0xd1, 0xff, 0x05, 0xd1, 0xff, 0x05, 0xd1, 0xff, 0x05, 0xd1, 0xff, 0x05, 0xd1, 0xff,
  0x05, 0xd1, 0xff, 0x05, 0xd1, 0xff, 0x05, 0xd1, 0xff, 0x05, 0xd1, 0xff, 0x05, 0xd1, 0xff, 0x05,
  0xd1, 0xff, 0x05, 0xd1, 0xff, 0x05, 0xd1, 0xff, 0x00, 0x00, 0x00, 0x00, 0x00, 0x00, 0x00, 0x00,
  0x00, 0x00, 0x00, 0x00, 0x00, 0x00, 0x00, 0x00, 0x00, 0x00, 0x00, 0x00, 0x00, 0x00, 0x00, 0x00,
  0x00, 0x00, 0x00, 0x00, 0x00, 0x00, 0x00, 0x00, 0x00, 0x00, 0x00, 0x00, 0x00, 0x00, 0x00, 0x00,
  0x00, 0x00, 0x00, 0x00, 0x00, 0x00, 0x00, 0x00, 0x05, 0xd1, 0xff, 0x05, 0xd1, 0xff, 0x05, 0xd1,
  0xff, 0x05, 0xd1, 0xff, 0x05, 0xd1, 0xff, 0x05, 0xd1, 0xff, 0x05, 0xd1, 0xff, 0x05, 0xd1, 0xff,
  0x05, 0xd1, 0xff, 0x05, 0xd1, 0xff, 0x05, 0xd1, 0xff, 0x05, 0xd1, 0xff, 0x05, 0xd1, 0xff, 0x05,
  0xd1, 0xff, 0x05, 0xd1, 0xff, 0x05, 0xd1, 0xff, 0x05, 0xd1, 0xff, 0x05, 0xd1, 0xff, 0x05, 0xd1,
  0xaa, 0x00, 0x00, 0x00, 0x00, 0x00, 0x00, 0x00, 0x00, 0x00, 0x00, 0x00, 0x00, 0x00, 0x00, 0x00,
  0x00, 0x00, 0x00, 0x00, 0x00, 0x00, 0x00, 0x00, 0x00, 0x00, 0x00, 0x00, 0x00, 0x00, 0x00, 0x05,
  0xd1, 0xaa, 0x05, 0xd1, 0xff, 0x05, 0xd1, 0xff, 0x05, 0xd1, 0xff, 0x05, 0xd1, 0xff, 0x05, 0xd1,
  0xff, 0x05, 0xd1, 0xff, 0x05, 0xd1, 0xff, 0x05, 0xd1, 0xff, 0x05, 0xd1, 0xff, 0x05, 0xd1, 0xff,
  0x05, 0xd1, 0xff, 0x05, 0xd1, 0xff, 0x05, 0xd1, 0xff, 0x05, 0xd1, 0xff, 0x05, 0xd1, 0xff, 0x05,
  0xd1, 0xff, 0x05, 0xd1, 0xff, 0x05, 0xd1, 0xff, 0x00, 0x00, 0x00, 0x00, 0x00, 0x00, 0x00, 0x00,
  0x00, 0x00, 0x00, 0x00, 0x00, 0x00, 0x00, 0x00, 0x00, 0x00, 0x00, 0x00, 0x00, 0x00, 0x00, 0x00,
  0x00, 0x00, 0x00, 0x00, 0x00, 0x00, 0x00, 0x00, 0x00, 0x00, 0x00, 0x00, 0x00, 0x00, 0x00, 0x00,
  0x00, 0x00, 0x00, 0x00, 0x00, 0x00, 0x00, 0x00, 0x05, 0xd1, 0xff, 0x05, 0xd1, 0xff, 0x05, 0xd1,
  0xff, 0x05, 0xd1, 0xff, 0x05, 0xd1, 0xff, 0x05, 0xd1, 0xff, 0x05, 0xd1, 0xff, 0x05, 0xd1, 0xff,
  0x05, 0xd1, 0xff, 0x05, 0xd1, 0xff, 0x05, 0xd1, 0xff, 0x05, 0xd1, 0xff, 0x05, 0xd1, 0xff, 0x05,
  0xd1, 0xff, 0x05, 0xd1, 0xff, 0x05, 0xd1, 0xff, 0x05, 0xd1, 0xff, 0x05, 0xd1, 0xff, 0x05, 0xd1,
  0xaa, 0x00, 0x00, 0x00, 0x00, 0x00, 0x00, 0x00, 0x00, 0x00, 0x00, 0x00, 0x00, 0x00, 0x00, 0x00,
  0x00, 0x00, 0x00, 0x00, 0x00, 0x00, 0x00, 0x00, 0x00, 0x00, 0x00, 0x00, 0x00, 0x00, 0x00, 0x05,
  0xd1, 0xaa, 0x05, 0xd1, 0xff, 0x05, 0xd1, 0xff, 0x05, 0xd1, 0xff, 0x05, 0xd1, 0xff, 0x05, 0xd1,
  0xff, 0x05, 0xd1, 0xff, 0x05, 0xd1, 0xff, 0x05, 0xd1, 0xff, 0x05, 0xd1, 0xff, 0x05, 0xd1, 0xff,
  0x05, 0xd1, 0xff, 0x05, 0xd1, 0xff, 0x05, 0xd1, 0xff, 0x05, 0xd1, 0xff, 0x05, 0xd1, 0xff, 0x05,
  0xd1, 0xff, 0x05, 0xd1, 0xff, 0x05, 0xd1, 0xff, 0x00, 0x00, 0x00, 0x00, 0x00, 0x00, 0x00, 0x00,
  0x00, 0x00, 0x00, 0x00, 0x00, 0x00, 0x00, 0x00, 0x00, 0x00, 0x00, 0x00, 0x00, 0x00, 0x00, 0x00,
  0x00, 0x00, 0x00, 0x00, 0x00, 0x00, 0x00, 0x00, 0x00, 0x00, 0x00, 0x00, 0x00, 0x00, 0x00, 0x00,
  0x00, 0x00, 0x00, 0x00, 0x00, 0x00, 0x00, 0x00, 0x05, 0xd1, 0xff, 0x05, 0xd1, 0xff, 0x05, 0xd1,
  0xff, 0x05, 0xd1, 0xff, 0x05, 0xd1, 0xff, 0x05, 0xd1, 0xff, 0x05, 0xd1, 0xff, 0x05, 0xd1, 0xff,
  0x05, 0xd1, 0xff, 0x05, 0xd1, 0xff, 0x05, 0xd1, 0xff, 0x05, 0xd1, 0xff, 0x05, 0xd1, 0xff, 0x05,
  0xd1, 0xff, 0x05, 0xd1, 0xff, 0x05, 0xd1, 0xff, 0x05, 0xd1, 0xff, 0x05, 0xd1, 0xff, 0x05, 0xd1,
  0xaa, 0x00, 0x00, 0x00, 0x00, 0x00, 0x00, 0x00, 0x00, 0x00, 0x00, 0x00, 0x00, 0x00, 0x00, 0x00,
  0x00, 0x00, 0x00, 0x00, 0x00, 0x00, 0x00, 0x00, 0x00, 0x00, 0x00, 0x00, 0x00, 0x00, 0x00, 0x05,
  0xd1, 0xaa, 0x05, 0xd1, 0xff, 0x05, 0xd1, 0xff, 0x05, 0xd1, 0xff, 0x05, 0xd1, 0xff, 0x05, 0xd1,
  0xff, 0x05, 0xd1, 0xff, 0x05, 0xd1, 0xff, 0x05, 0xd1, 0xff, 0x05, 0xd1, 0xff, 0x05, 0xd1, 0xff,
  0x05, 0xd1, 0xff, 0x05, 0xd1, 0xff, 0x05, 0xd1, 0xff, 0x05, 0xd1, 0xff, 0x05, 0xd1, 0xff, 0x05,
  0xd1, 0xff, 0x05, 0xd1, 0xff, 0x05, 0xd1, 0xff, 0x00, 0x00, 0x00, 0x00, 0x00, 0x00, 0x00, 0x00,
  0x00, 0x00, 0x00, 0x00, 0x00, 0x00, 0x00, 0x00, 0x00, 0x00, 0x00, 0x00, 0x00, 0x00, 0x00, 0x00,
  0x00, 0x00, 0x00, 0x00, 0x00, 0x00, 0x00, 0x00, 0x00, 0x00, 0x00, 0x00, 0x00, 0x00, 0x00, 0x00,
  0x00, 0x00, 0x00, 0x00, 0x00, 0x00, 0x00, 0x00, 0x05, 0xd1, 0xff, 0x05, 0xd1, 0xff, 0x05, 0xd1,
  0xff, 0x05, 0xd1, 0xff, 0x05, 0xd1, 0xff, 0x05, 0xd1, 0xff, 0x05, 0xd1, 0xff, 0x05, 0xd1, 0xff,
  0x05, 0xd1, 0xff, 0x05, 0xd1, 0xcc, 0x06, 0xd1, 0x11, 0x00, 0x00, 0x00, 0x00, 0x00, 0x00, 0x00,
  0x00, 0x00, 0x00, 0x00, 0x00, 0x00, 0x00, 0x00, 0x00, 0x00, 0x00, 0x00, 0x00, 0x00, 0x00, 0x00,
  0x00, 0x00, 0x00, 0x00, 0x00, 0x00, 0x00, 0x00, 0x00, 0x00, 0x00, 0x00, 0x00, 0x00, 0x00, 0x00,
  0x00, 0x00, 0x00, 0x00, 0x00, 0x00, 0x00, 0x00, 0x00, 0x00, 0x00, 0x00, 0x00, 0x00, 0x00, 0x00,
  0x00, 0x00, 0x00, 0x00, 0x00, 0x00, 0x00, 0x00, 0x00, 0x00, 0x00, 0x00, 0x00, 0x00, 0x00, 0x00,
  0x00, 0x00, 0x00, 0x00, 0x00, 0x00, 0x00, 0x25, 0xc9, 0x0e, 0x05, 0xd1, 0xc7, 0x05, 0xd1, 0xff,
  0x05, 0xd1, 0xff, 0x05, 0xd1, 0xff, 0x05, 0xd1, 0xff, 0x05, 0xd1, 0xff, 0x05, 0xd1, 0xff, 0x05,
  0xd1, 0xff, 0x05, 0xd1, 0xff, 0x05, 0xd1, 0xff, 0x00, 0x00, 0x00, 0x00, 0x00, 0x00, 0x00, 0x00,
  0x00, 0x00, 0x00, 0x00, 0x00, 0x00, 0x00, 0x00, 0x00, 0x00, 0x00, 0x00, 0x00, 0x00, 0x00, 0x00,
  0x00, 0x00, 0x00, 0x00, 0x00, 0x00, 0x00, 0x00, 0x00, 0x00, 0x00, 0x00, 0x00, 0x00, 0x00, 0x00,
  0x00, 0x00, 0x00, 0x00, 0x00, 0x00, 0x00, 0x00, 0x05, 0xd1, 0xff, 0x05, 0xd1, 0xff, 0x05, 0xd1,
  0xff, 0x05, 0xd1, 0xff, 0x05, 0xd1, 0xff, 0x05, 0xd1, 0xff, 0x05, 0xd1, 0xff, 0x05, 0xd1, 0xff,
  0x05, 0xd1, 0xff, 0x05, 0xd1, 0xff, 0x05, 0xd1, 0xcc, 0x06, 0xd1, 0x11, 0x00, 0x00, 0x00, 0x00,
  0x00, 0x00, 0x00, 0x00, 0x00, 0x00, 0x00, 0x00, 0x00, 0x00, 0x00, 0x00, 0x00, 0x00, 0x00, 0x00,
  0x00, 0x00, 0x00, 0x00, 0x00, 0x00, 0x00, 0x00, 0x00, 0x00, 0x00, 0x00, 0x00, 0x00, 0x00, 0x00,
  0x00, 0x00, 0x00, 0x00, 0x00, 0x00, 0x00, 0x00, 0x00, 0x00, 0x00, 0x00, 0x00, 0x00, 0x00, 0x00,
  0x00, 0x00, 0x00, 0x00, 0x00, 0x00, 0x00, 0x00, 0x00, 0x00, 0x00, 0x00, 0x00, 0x00, 0x00, 0x00,
  0x00, 0x00, 0x00, 0x00, 0x25, 0xc9, 0x0e, 0x05, 0xd1, 0xc7, 0x05, 0xd1, 0xff, 0x05, 0xd1, 0xff,
  0x05, 0xd1, 0xff, 0x05, 0xd1, 0xff, 0x05, 0xd1, 0xff, 0x05, 0xd1, 0xff, 0x05, 0xd1, 0xff, 0x05,
  0xd1, 0xff, 0x05, 0xd1, 0xff, 0x05, 0xd1, 0xff, 0x00, 0x00, 0x00, 0x00, 0x00, 0x00, 0x00, 0x00,
  0x00, 0x00, 0x00, 0x00, 0x00, 0x00, 0x00, 0x00, 0x00, 0x00, 0x00, 0x00, 0x00, 0x00, 0x00, 0x00,
  0x00, 0x00, 0x00, 0x00, 0x00, 0x00, 0x00, 0x00, 0x00, 0x00, 0x00, 0x00, 0x00, 0x00, 0x00, 0x00,
  0x00, 0x00, 0x00, 0x00, 0x00, 0x00, 0x00, 0x00, 0x05, 0xd1, 0xff, 0x05, 0xd1, 0xff, 0x05, 0xd1,
  0xff, 0x05, 0xd1, 0xff, 0x05, 0xd1, 0xff, 0x05, 0xd1, 0xff, 0x05, 0xd1, 0xff, 0x05, 0xd1, 0xff,
  0x05, 0xd1, 0xff, 0x05, 0xd1, 0xff, 0x05, 0xd1, 0xff, 0x05, 0xd1, 0xcc, 0x06, 0xd1, 0x11, 0x00,
  0x00, 0x00, 0x00, 0x00, 0x00, 0x00, 0x00, 0x00, 0x00, 0x00, 0x00, 0x00, 0x00, 0x00, 0x00, 0x00,
  0x00, 0x00, 0x00, 0x00, 0x00, 0x00, 0x00, 0x00, 0x00, 0x00, 0x00, 0x00, 0x00, 0x00, 0x00, 0x00,
  0x00, 0x00, 0x00, 0x00, 0x00, 0x00, 0x00, 0x00, 0x00, 0x00, 0x00, 0x00, 0x00, 0x00, 0x00, 0x00,
  0x00, 0x00, 0x00, 0x00, 0x00, 0x00, 0x00, 0x00, 0x00, 0x00, 0x00, 0x00, 0x00, 0x00, 0x00, 0x00,
  0x00, 0x25, 0xc9, 0x0e, 0x05, 0xd1, 0xc7, 0x05, 0xd1, 0xff, 0x05, 0xd1, 0xff, 0x05, 0xd1, 0xff,
  0x05, 0xd1, 0xff, 0x05, 0xd1, 0xff, 0x05, 0xd1, 0xff, 0x05, 0xd1, 0xff, 0x05, 0xd1, 0xff, 0x05,
  0xd1, 0xff, 0x05, 0xd1, 0xff, 0x05, 0xd1, 0xff, 0x00, 0x00, 0x00, 0x00, 0x00, 0x00, 0x00, 0x00,
  0x00, 0x00, 0x00, 0x00, 0x00, 0x00, 0x00, 0x00, 0x00, 0x00, 0x00, 0x00, 0x00, 0x00, 0x00, 0x00,
  0x00, 0x00, 0x00, 0x00, 0x00, 0x00, 0x00, 0x00, 0x00, 0x00, 0x00, 0x00, 0x00, 0x00, 0x00, 0x00,
  0x00, 0x00, 0x00, 0x00, 0x00, 0x00, 0x00, 0x00, 0x05, 0xd1, 0xff, 0x05, 0xd1, 0xff, 0x05, 0xd1,
  0xff, 0x05, 0xd1, 0xff, 0x05, 0xd1, 0xff, 0x05, 0xd1, 0xff, 0x05, 0xd1, 0xff, 0x05, 0xd1, 0xff,
  0x05, 0xd1, 0xff, 0x05, 0xd1, 0xff, 0x05, 0xd1, 0xff, 0x05, 0xd1, 0xff, 0x05, 0xd1, 0xcc, 0x06,
  0xd1, 0x11, 0x00, 0x00, 0x00, 0x00, 0x00, 0x00, 0x00, 0x00, 0x00, 0x00, 0x00, 0x00, 0x00, 0x00,
  0x00, 0x00, 0x00, 0x00, 0x00, 0x00, 0x00, 0x00, 0x00, 0x00, 0x00, 0x00, 0x00, 0x00, 0x00, 0x00,
  0x00, 0x00, 0x00, 0x00, 0x00, 0x00, 0x00, 0x00, 0x00, 0x00, 0x00, 0x00, 0x00, 0x00, 0x00, 0x00,
  0x00, 0x00, 0x00, 0x00, 0x00, 0x00, 0x00, 0x00, 0x00, 0x00, 0x00, 0x00, 0x00, 0x00, 0x25, 0xc9,
  0x0e, 0x05, 0xd1, 0xc7, 0x05, 0xd1, 0xff, 0x05, 0xd1, 0xff, 0x05, 0xd1, 0xff, 0x05, 0xd1, 0xff,
  0x05, 0xd1, 0xff, 0x05, 0xd1, 0xff, 0x05, 0xd1, 0xff, 0x05, 0xd1, 0xff, 0x05, 0xd1, 0xff, 0x05,
  0xd1, 0xff, 0x05, 0xd1, 0xff, 0x05, 0xd1, 0xff, 0x00, 0x00, 0x00, 0x00, 0x00, 0x00, 0x00, 0x00,
  0x00, 0x00, 0x00, 0x00, 0x00, 0x00, 0x00, 0x00, 0x00, 0x00, 0x00, 0x00, 0x00, 0x00, 0x00, 0x00,
  0x00, 0x00, 0x00, 0x00, 0x00, 0x00, 0x00, 0x00, 0x00, 0x00, 0x00, 0x00, 0x00, 0x00, 0x00, 0x00,
  0x00, 0x00, 0x00, 0x00, 0x00, 0x00, 0x00, 0x00, 0x05, 0xd1, 0xff, 0x05, 0xd1, 0xff, 0x05, 0xd1,
  0xff, 0x05, 0xd1, 0xff, 0x05, 0xd1, 0xff, 0x05, 0xd1, 0xff, 0x05, 0xd1, 0xff, 0x05, 0xd1, 0xff,
  0x05, 0xd1, 0xff, 0x05, 0xd1, 0xff, 0x05, 0xd1, 0xff, 0x05, 0xd1, 0xff, 0x05, 0xd1, 0xff, 0x05,
  0xd1, 0xcc, 0x06, 0xd1, 0x11, 0x00, 0x00, 0x00, 0x00, 0x00, 0x00, 0x00, 0x00, 0x00, 0x00, 0x00,
  0x00, 0x00, 0x00, 0x00, 0x00, 0x00, 0x00, 0x00, 0x00, 0x00, 0x00, 0x00, 0x00, 0x00, 0x00, 0x00,
  0x00, 0x00, 0x00, 0x00, 0x00, 0x00, 0x00, 0x00, 0x00, 0x00, 0x00, 0x00, 0x00, 0x00, 0x00, 0x00,
  0x00, 0x00, 0x00, 0x00, 0x00, 0x00, 0x00, 0x00, 0x00, 0x00, 0x00, 0x25, 0xc9, 0x0e, 0x05, 0xd1,
  0xc7, 0x05, 0xd1, 0xff, 0x05, 0xd1, 0xff, 0x05, 0xd1, 0xff, 0x05, 0xd1, 0xff, 0x05, 0xd1, 0xff,
  0x05, 0xd1, 0xff, 0x05, 0xd1, 0xff, 0x05, 0xd1, 0xff, 0x05, 0xd1, 0xff, 0x05, 0xd1, 0xff, 0x05,
  0xd1, 0xff, 0x05, 0xd1, 0xff, 0x05, 0xd1, 0xff, 0x00, 0x00, 0x00, 0x00, 0x00, 0x00, 0x00, 0x00,
  0x00, 0x00, 0x00, 0x00, 0x00, 0x00, 0x00, 0x00, 0x00, 0x00, 0x00, 0x00, 0x00, 0x00, 0x00, 0x00,
  0x00, 0x00, 0x00, 0x00, 0x00, 0x00, 0x00, 0x00, 0x00, 0x00, 0x00, 0x00, 0x00, 0x00, 0x00, 0x00,
  0x00, 0x00, 0x00, 0x00, 0x00, 0x00, 0x00, 0x00, 0x05, 0xd1, 0xff, 0x05, 0xd1, 0xff, 0x05, 0xd1,
  0xff, 0x05, 0xd1, 0xff, 0x05, 0xd1, 0xff, 0x05, 0xd1, 0xff, 0x05, 0xd1, 0xff, 0x05, 0xd1, 0xff,
  0x05, 0xd1, 0xff, 0x05, 0xd1, 0xff, 0x05, 0xd1, 0xff, 0x05, 0xd1, 0xff, 0x05, 0xd1, 0xff, 0x05,
  0xd1, 0xff, 0x05, 0xd1, 0xcc, 0x06, 0xd1, 0x11, 0x00, 0x00, 0x00, 0x00, 0x00, 0x00, 0x00, 0x00,
  0x00, 0x00, 0x00, 0x00, 0x00, 0x00, 0x00, 0x00, 0x00, 0x00, 0x00, 0x00, 0x00, 0x00, 0x00, 0x00,
  0x00, 0x00, 0x00, 0x00, 0x00, 0x00, 0x00, 0x00, 0x00, 0x00, 0x00, 0x00, 0x00, 0x00, 0x00, 0x00,
  0x00, 0x00, 0x00, 0x00, 0x00, 0x00, 0x00, 0x00, 0x25, 0xc9, 0x0e, 0x05, 0xd1, 0xc7, 0x05, 0xd1,
  0xff, 0x05, 0xd1, 0xff, 0x05, 0xd1, 0xff, 0x05, 0xd1, 0xff, 0x05, 0xd1, 0xff, 0x05, 0xd1, 0xff,
  0x05, 0xd1, 0xff, 0x05, 0xd1, 0xff, 0x05, 0xd1, 0xff, 0x05, 0xd1, 0xff, 0x05, 0xd1, 0xff, 0x05,
  0xd1, 0xff, 0x05, 0xd1, 0xff, 0x05, 0xd1, 0xff, 0x00, 0x00, 0x00, 0x00, 0x00, 0x00, 0x00, 0x00,
  0x00, 0x00, 0x00, 0x00, 0x00, 0x00, 0x00, 0x00, 0x00, 0x00, 0x00, 0x00, 0x00, 0x00, 0x00, 0x00,
  0x00, 0x00, 0x00, 0x00, 0x00, 0x00, 0x00, 0x00, 0x00, 0x00, 0x00, 0x00, 0x00, 0x00, 0x00, 0x00,
  0x00, 0x00, 0x00, 0x00, 0x00, 0x00, 0x00, 0x00, 0x05, 0xd1, 0xff, 0x05, 0xd1, 0xff, 0x05, 0xd1,
  0xff, 0x05, 0xd1, 0xff, 0x05, 0xd1, 0xff, 0x05, 0xd1, 0xff, 0x05, 0xd1, 0xff, 0x05, 0xd1, 0xff,
  0x05, 0xd1, 0xff, 0x05, 0xd1, 0xff, 0x05, 0xd1, 0xff, 0x05, 0xd1, 0xff, 0x05, 0xd1, 0xff, 0x05,
  0xd1, 0xff, 0x05, 0xd1, 0xff, 0x05, 0xd1, 0xcc, 0x06, 0xd1, 0x11, 0x00, 0x00, 0x00, 0x00, 0x00,
  0x00, 0x00, 0x00, 0x00, 0x00, 0x00, 0x00, 0x00, 0x00, 0x00, 0x00, 0x00, 0x00, 0x00, 0x00, 0x00,
  0x00, 0x00, 0x00, 0x00, 0x00, 0x00, 0x00, 0x00, 0x00, 0x00, 0x00, 0x00, 0x00, 0x00, 0x00, 0x00,
  0x00, 0x00, 0x00, 0x00, 0x00, 0x25, 0xc9, 0x0e, 0x05, 0xd1, 0xc7, 0x05, 0xd1, 0xff, 0x05, 0xd1,
  0xff, 0x05, 0xd1, 0xff, 0x05, 0xd1, 0xff, 0x05, 0xd1, 0xff, 0x05, 0xd1, 0xff, 0x05, 0xd1, 0xff,
  0x05, 0xd1, 0xff, 0x05, 0xd1, 0xff, 0x05, 0xd1, 0xff, 0x05, 0xd1, 0xff, 0x05, 0xd1, 0xff, 0x05,
  0xd1, 0xff, 0x05, 0xd1, 0xff, 0x05, 0xd1, 0xff, 0x00, 0x00, 0x00, 0x00, 0x00, 0x00, 0x00, 0x00,
  0x00, 0x00, 0x00, 0x00, 0x00, 0x00, 0x00, 0x00, 0x00, 0x00, 0x00, 0x00, 0x00, 0x00, 0x00, 0x00,
  0x00, 0x00, 0x00, 0x00, 0x00, 0x00, 0x00, 0x00, 0x00, 0x00, 0x00, 0x00, 0x00, 0x00, 0x00, 0x00,
  0x00, 0x00, 0x00, 0x00, 0x00, 0x00, 0x00, 0x00, 0x05, 0xd1, 0xff, 0x05, 0xd1, 0xff, 0x05, 0xd1,
  0xff, 0x05, 0xd1, 0xff, 0x05, 0xd1, 0xff, 0x05, 0xd1, 0xff, 0x05, 0xd1, 0xff, 0x05, 0xd1, 0xff,
  0x05, 0xd1, 0xff, 0x05, 0xd1, 0xff, 0x05, 0xd1, 0xff, 0x05, 0xd1, 0xff, 0x05, 0xd1, 0xff, 0x05,
  0xd1, 0xff, 0x05, 0xd1, 0xff, 0x05, 0xd1, 0xff, 0x05, 0xd1, 0xcc, 0x06, 0xd1, 0x11, 0x00, 0x00,
  0x00, 0x00, 0x00, 0x00, 0x00, 0x00, 0x00, 0x00, 0x00, 0x00, 0x00, 0x00, 0x00, 0x00, 0x00, 0x00,
  0x00, 0x00, 0x00, 0x00, 0x00, 0x00, 0x00, 0x00, 0x00, 0x00, 0x00, 0x00, 0x00, 0x00, 0x00, 0x00,
  0x00, 0x00, 0x25, 0xc9, 0x0e, 0x05, 0xd1, 0xc7, 0x05, 0xd1, 0xff, 0x05, 0xd1, 0xff, 0x05, 0xd1,
  0xff, 0x05, 0xd1, 0xff, 0x05, 0xd1, 0xff, 0x05, 0xd1, 0xff, 0x05, 0xd1, 0xff, 0x05, 0xd1, 0xff,
  0x05, 0xd1, 0xff, 0x05, 0xd1, 0xff, 0x05, 0xd1, 0xff, 0x05, 0xd1, 0xff, 0x05, 0xd1, 0xff, 0x05,
  0xd1, 0xff, 0x05, 0xd1, 0xff, 0x05, 0xd1, 0xff, 0x00, 0x00, 0x00, 0x00, 0x00, 0x00, 0x00, 0x00,
  0x00, 0x00, 0x00, 0x00, 0x00, 0x00, 0x00, 0x00, 0x00, 0x00, 0x00, 0x00, 0x00, 0x00, 0x00, 0x00,
  0x00, 0x00, 0x00, 0x00, 0x00, 0x00, 0x00, 0x00, 0x00, 0x00, 0x00, 0x00, 0x00, 0x00, 0x00, 0x00,
  0x00, 0x00, 0x00, 0x00, 0x00, 0x00, 0x00, 0x00, 0x05, 0xd1, 0xff, 0x05, 0xd1, 0xff, 0x05, 0xd1,
  0xff, 0x05, 0xd1, 0xff, 0x05, 0xd1, 0xff, 0x05, 0xd1, 0xff, 0x05, 0xd1, 0xff, 0x05, 0xd1, 0xff,
  0x05, 0xd1, 0xff, 0x05, 0xd1, 0xff, 0x05, 0xd1, 0xff, 0x05, 0xd1, 0xff, 0x05, 0xd1, 0xff, 0x05,
  0xd1, 0xff, 0x05, 0xd1, 0xff, 0x05, 0xd1, 0xff, 0x05, 0xd1, 0xff, 0x05, 0xd1, 0xcc, 0x06, 0xd1,
  0x11, 0x00, 0x00, 0x00, 0x00, 0x00, 0x00, 0x00, 0x00, 0x00, 0x00, 0x00, 0x00, 0x00, 0x00, 0x00,
  0x00, 0x00, 0x00, 0x00, 0x00, 0x00, 0x00, 0x00, 0x00, 0x00, 0x00, 0x00, 0x00, 0x00, 0x00, 0x25,
  0xc9, 0x0e, 0x05, 0xd1, 0xc7, 0x05, 0xd1, 0xff, 0x05, 0xd1, 0xff, 0x05, 0xd1, 0xff, 0x05, 0xd1,
  0xff, 0x05, 0xd1, 0xff, 0x05, 0xd1, 0xff, 0x05, 0xd1, 0xff, 0x05, 0xd1, 0xff, 0x05, 0xd1, 0xff,
  0x05, 0xd1, 0xff, 0x05, 0xd1, 0xff, 0x05, 0xd1, 0xff, 0x05, 0xd1, 0xff, 0x05, 0xd1, 0xff, 0x05,
  0xd1, 0xff, 0x05, 0xd1, 0xff, 0x05, 0xd1, 0xff, 0x00, 0x00, 0x00, 0x00, 0x00, 0x00, 0x00, 0x00,
  0x00, 0x00, 0x00, 0x00, 0x00, 0x00, 0x00, 0x00, 0x00, 0x00, 0x00, 0x00, 0x00, 0x00, 0x00, 0x00,
  0x00, 0x00, 0x00, 0x00, 0x00, 0x00, 0x00, 0x00, 0x00, 0x00, 0x00, 0x00, 0x00, 0x00, 0x00, 0x00,
  0x00, 0x00, 0x00, 0x00, 0x00, 0x00, 0x00, 0x00, 0x05, 0xd1, 0xff, 0x05, 0xd1, 0xff, 0x05, 0xd1,
  0xff, 0x05, 0xd1, 0xff, 0x05, 0xd1, 0xff, 0x05, 0xd1, 0xff, 0x05, 0xd1, 0xff, 0x05, 0xd1, 0xff,
  0x05, 0xd1, 0xff, 0x05, 0xd1, 0xff, 0x05, 0xd1, 0xff, 0x05, 0xd1, 0xff, 0x05, 0xd1, 0xff, 0x05,
  0xd1, 0xff, 0x05, 0xd1, 0xff, 0x05, 0xd1, 0xff, 0x05, 0xd1, 0xff, 0x05, 0xd1, 0xff, 0x05, 0xd1,
  0xcc, 0x06, 0xd1, 0x11, 0x00, 0x00, 0x00, 0x00, 0x00, 0x00, 0x00, 0x00, 0x00, 0x00, 0x00, 0x00,
  0x00, 0x00, 0x00, 0x00, 0x00, 0x00, 0x00, 0x00, 0x00, 0x00, 0x00, 0x00, 0x25, 0xc9, 0x0e, 0x05,
  0xd1, 0xc7, 0x05, 0xd1, 0xff, 0x05, 0xd1, 0xff, 0x05, 0xd1, 0xff, 0x05, 0xd1, 0xff, 0x05, 0xd1,
  0xff, 0x05, 0xd1, 0xff, 0x05, 0xd1, 0xff, 0x05, 0xd1, 0xff, 0x05, 0xd1, 0xff, 0x05, 0xd1, 0xff,
  0x05, 0xd1, 0xff, 0x05, 0xd1, 0xff, 0x05, 0xd1, 0xff, 0x05, 0xd1, 0xff, 0x05, 0xd1, 0xff, 0x05,
  0xd1, 0xff, 0x05, 0xd1, 0xff, 0x05, 0xd1, 0xff, 0x00, 0x00, 0x00, 0x00, 0x00, 0x00, 0x00, 0x00,
  0x00, 0x00, 0x00, 0x00, 0x00, 0x00, 0x00, 0x00, 0x00, 0x00, 0x00, 0x00, 0x00, 0x00, 0x00, 0x00,
  0x00, 0x00, 0x00, 0x00, 0x00, 0x00, 0x00, 0x00, 0x00, 0x00, 0x00, 0x00, 0x00, 0x00, 0x00, 0x00,
  0x00, 0x00, 0x00, 0x00, 0x00, 0x00, 0x00, 0x00, 0x05, 0xd1, 0xff, 0x05, 0xd1, 0xff, 0x05, 0xd1,
  0xff, 0x05, 0xd1, 0xff, 0x05, 0xd1, 0xff, 0x05, 0xd1, 0xff, 0x05, 0xd1, 0xff, 0x05, 0xd1, 0xff,
  0x05, 0xd1, 0xff, 0x05, 0xd1, 0xff, 0x05, 0xd1, 0xff, 0x05, 0xd1, 0xff, 0x05, 0xd1, 0xff, 0x05,
  0xd1, 0xff, 0x05, 0xd1, 0xff, 0x05, 0xd1, 0xff, 0x05, 0xd1, 0xff, 0x05, 0xd1, 0xff, 0x05, 0xd1,
  0xff, 0x05, 0xd1, 0xcc, 0x06, 0xd1, 0x11, 0x00, 0x00, 0x00, 0x00, 0x00, 0x00, 0x00, 0x00, 0x00,
  0x00, 0x00, 0x00, 0x00, 0x00, 0x00, 0x00, 0x00, 0x00, 0x25, 0xc9, 0x0e, 0x05, 0xd1, 0xc7, 0x05,
  0xd1, 0xff, 0x05, 0xd1, 0xff, 0x05, 0xd1, 0xff, 0x05, 0xd1, 0xff, 0x05, 0xd1, 0xff, 0x05, 0xd1,
  0xff, 0x05, 0xd1, 0xff, 0x05, 0xd1, 0xff, 0x05, 0xd1, 0xff, 0x05, 0xd1, 0xff, 0x05, 0xd1, 0xff,
  0x05, 0xd1, 0xff, 0x05, 0xd1, 0xff, 0x05, 0xd1, 0xff, 0x05, 0xd1, 0xff, 0x05, 0xd1, 0xff, 0x05,
  0xd1, 0xff, 0x05, 0xd1, 0xff, 0x05, 0xd1, 0xff, 0x00, 0x00, 0x00, 0x00, 0x00, 0x00, 0x00, 0x00,
  0x00, 0x00, 0x00, 0x00, 0x00, 0x00, 0x00, 0x00, 0x00, 0x00, 0x00, 0x00, 0x00, 0x00, 0x00, 0x00,
  0x00, 0x00, 0x00, 0x00, 0x00, 0x00, 0x00, 0x00, 0x00, 0x00, 0x00, 0x00, 0x00, 0x00, 0x00, 0x00,
  0x00, 0x00, 0x00, 0x00, 0x00, 0x00, 0x00, 0x00, 0x05, 0xd1, 0xff, 0x05, 0xd1, 0xff, 0x05, 0xd1,
  0xff, 0x05, 0xd1, 0xff, 0x05, 0xd1, 0xff, 0x05, 0xd1, 0xff, 0x05, 0xd1, 0xff, 0x05, 0xd1, 0xff,
  0x05, 0xd1, 0xff, 0x05, 0xd1, 0xff, 0x05, 0xd1, 0xff, 0x05, 0xd1, 0xff, 0x05, 0xd1, 0xff, 0x05,
  0xd1, 0xff, 0x05, 0xd1, 0xff, 0x05, 0xd1, 0xff, 0x05, 0xd1, 0xff, 0x05, 0xd1, 0xff, 0x05, 0xd1,
  0xff, 0x05, 0xd1, 0xff, 0x05, 0xd1, 0xcc, 0x06, 0xd1, 0x11, 0x00, 0x00, 0x00, 0x00, 0x00, 0x00,
  0x00, 0x00, 0x00, 0x00, 0x00, 0x00, 0x25, 0xc9, 0x0e, 0x05, 0xd1, 0xc7, 0x05, 0xd1, 0xff, 0x05,
  0xd1, 0xff, 0x05, 0xd1, 0xff, 0x05, 0xd1, 0xff, 0x05, 0xd1, 0xff, 0x05, 0xd1, 0xff, 0x05, 0xd1,
  0xff, 0x05, 0xd1, 0xff, 0x05, 0xd1, 0xff, 0x05, 0xd1, 0xff, 0x05, 0xd1, 0xff, 0x05, 0xd1, 0xff,
  0x05, 0xd1, 0xff, 0x05, 0xd1, 0xff, 0x05, 0xd1, 0xff, 0x05, 0xd1, 0xff, 0x05, 0xd1, 0xff, 0x05,
  0xd1, 0xff, 0x05, 0xd1, 0xff, 0x05, 0xd1, 0xff, 0x00, 0x00, 0x00, 0x00, 0x00, 0x00, 0x00, 0x00,
  0x00, 0x00, 0x00, 0x00, 0x00, 0x00, 0x00, 0x00, 0x00, 0x00, 0x00, 0x00, 0x00, 0x00, 0x00, 0x00,
  0x00, 0x00, 0x00, 0x00, 0x00, 0x00, 0x00, 0x00, 0x00, 0x00, 0x00, 0x00, 0x00, 0x00, 0x00, 0x00,
  0x00, 0x00, 0x00, 0x00, 0x00, 0x00, 0x00, 0x00, 0x05, 0xd1, 0xff, 0x05, 0xd1, 0xff, 0x05, 0xd1,
  0xff, 0x05, 0xd1, 0xff, 0x05, 0xd1, 0xff, 0x05, 0xd1, 0xff, 0x05, 0xd1, 0xff, 0x05, 0xd1, 0xff,
  0x05, 0xd1, 0xff, 0x05, 0xd1, 0xff, 0x05, 0xd1, 0xff, 0x05, 0xd1, 0xff, 0x05, 0xd1, 0xff, 0x05,
  0xd1, 0xff, 0x05, 0xd1, 0xff, 0x05, 0xd1, 0xff, 0x05, 0xd1, 0xff, 0x05, 0xd1, 0xff, 0x05, 0xd1,
  0xff, 0x05, 0xd1, 0xff, 0x05, 0xd1, 0xff, 0x05, 0xd1, 0xcc, 0x06, 0xd1, 0x11, 0x00, 0x00, 0x00,
  0x00, 0x00, 0x00, 0x25, 0xc9, 0x0e, 0x05, 0xd1, 0xc7, 0x05, 0xd1, 0xff, 0x05, 0xd1, 0xff, 0x05,
  0xd1, 0xff, 0x05, 0xd1, 0xff, 0x05, 0xd1, 0xff, 0x05, 0xd1, 0xff, 0x05, 0xd1, 0xff, 0x05, 0xd1,
  0xff, 0x05, 0xd1, 0xff, 0x05, 0xd1, 0xff, 0x05, 0xd1, 0xff, 0x05, 0xd1, 0xff, 0x05, 0xd1, 0xff,
  0x05, 0xd1, 0xff, 0x05, 0xd1, 0xff, 0x05, 0xd1, 0xff, 0x05, 0xd1, 0xff, 0x05, 0xd1, 0xff, 0x05,
  0xd1, 0xff, 0x05, 0xd1, 0xff, 0x05, 0xd1, 0xff, 0x00, 0x00, 0x00, 0x00, 0x00, 0x00, 0x00, 0x00,
  0x00, 0x00, 0x00, 0x00, 0x00, 0x00, 0x00, 0x00, 0x00, 0x00, 0x00, 0x00, 0x00, 0x00, 0x00, 0x00,
  0x00, 0x00, 0x00, 0x00, 0x00, 0x00, 0x00, 0x00, 0x00, 0x00, 0x00, 0x00, 0x00, 0x00, 0x00, 0x00,
  0x00, 0x00, 0x00, 0x00, 0x00, 0x00, 0x00, 0x00, 0x05, 0xd1, 0xff, 0x05, 0xd1, 0xff, 0x05, 0xd1,
  0xff, 0x05, 0xd1, 0xff, 0x05, 0xd1, 0xff, 0x05, 0xd1, 0xff, 0x05, 0xd1, 0xff, 0x05, 0xd1, 0xff,
  0x05, 0xd1, 0xff, 0x05, 0xd1, 0xff, 0x05, 0xd1, 0xff, 0x05, 0xd1, 0xff, 0x05, 0xd1, 0xff, 0x05,
  0xd1, 0xff, 0x05, 0xd1, 0xff, 0x05, 0xd1, 0xff, 0x05, 0xd1, 0xff, 0x05, 0xd1, 0xff, 0x05, 0xd1,
  0xff, 0x05, 0xd1, 0xff, 0x05, 0xd1, 0xff, 0x05, 0xd1, 0xff, 0x05, 0xd1, 0xcc, 0x06, 0xd1, 0x11,
  0x25, 0xc9, 0x0e, 0x05, 0xd1, 0xc7, 0x05, 0xd1, 0xff, 0x05, 0xd1, 0xff, 0x05, 0xd1, 0xff, 0x05,
  0xd1, 0xff, 0x05, 0xd1, 0xff, 0x05, 0xd1, 0xff, 0x05, 0xd1, 0xff, 0x05, 0xd1, 0xff, 0x05, 0xd1,
  0xff, 0x05, 0xd1, 0xff, 0x05, 0xd1, 0xff, 0x05, 0xd1, 0xff, 0x05, 0xd1, 0xff, 0x05, 0xd1, 0xff,
  0x05, 0xd1, 0xff, 0x05, 0xd1, 0xff, 0x05, 0xd1, 0xff, 0x05, 0xd1, 0xff, 0x05, 0xd1, 0xff, 0x05,
  0xd1, 0xff, 0x05, 0xd1, 0xff, 0x05, 0xd1, 0xff, 0x00, 0x00, 0x00, 0x00, 0x00, 0x00, 0x00, 0x00,
  0x00, 0x00, 0x00, 0x00, 0x00, 0x00, 0x00, 0x00, 0x00, 0x00, 0x00, 0x00, 0x00, 0x00, 0x00, 0x00,
  0x00, 0x00, 0x00, 0x00, 0x00, 0x00, 0x00, 0x00, 0x00, 0x00, 0x00, 0x00, 0x00, 0x00, 0x00, 0x00,
  0x00, 0x00, 0x00, 0x00, 0x00, 0x00, 0x00, 0x00, 0x05, 0xd1, 0xff, 0x05, 0xd1, 0xff, 0x05, 0xd1,
  0xff, 0x05, 0xd1, 0xff, 0x05, 0xd1, 0xff, 0x05, 0xd1, 0xff, 0x05, 0xd1, 0xff, 0x05, 0xd1, 0xff,
  0x05, 0xd1, 0xff, 0x05, 0xd1, 0xff, 0x05, 0xd1, 0xff, 0x05, 0xd1, 0xff, 0x05, 0xd1, 0xff, 0x05,
  0xd1, 0xff, 0x05, 0xd1, 0xff, 0x05, 0xd1, 0xff, 0x05, 0xd1, 0xff, 0x05, 0xd1, 0xff, 0x05, 0xd1,
  0xff, 0x05, 0xd1, 0xff, 0x05, 0xd1, 0xff, 0x05, 0xd1, 0xff, 0x05, 0xd1, 0xff, 0x05, 0xd1, 0xc6,
  0x05, 0xd1, 0xc6, 0x05, 0xd1, 0xff, 0x05, 0xd1, 0xff, 0x05, 0xd1, 0xff, 0x05, 0xd1, 0xff, 0x05,
  0xd1, 0xff, 0x05, 0xd1, 0xff, 0x05, 0xd1, 0xff, 0x05, 0xd1, 0xff, 0x05, 0xd1, 0xff, 0x05, 0xd1,
  0xff, 0x05, 0xd1, 0xff, 0x05, 0xd1, 0xff, 0x05, 0xd1, 0xff, 0x05, 0xd1, 0xff, 0x05, 0xd1, 0xff,
  0x05, 0xd1, 0xff, 0x05, 0xd1, 0xff, 0x05, 0xd1, 0xff, 0x05, 0xd1, 0xff, 0x05, 0xd1, 0xff, 0x05,
  0xd1, 0xff, 0x05, 0xd1, 0xff, 0x05, 0xd1, 0xff, 0x00, 0x00, 0x00, 0x00, 0x00, 0x00, 0x00, 0x00,
  0x00, 0x00, 0x00, 0x00, 0x00, 0x00, 0x00, 0x00, 0x00, 0x00, 0x00, 0x00, 0x00, 0x00, 0x00, 0x00,
  0x00, 0x00, 0x00, 0x00, 0x00, 0x00, 0x00, 0x00, 0x00, 0x00, 0x00, 0x00, 0x00, 0x00, 0x00, 0x00,
  0x00, 0x00, 0x00, 0x00, 0x00, 0x00, 0x00, 0x00, 0x05, 0xd1, 0xff, 0x05, 0xd1, 0xff, 0x05, 0xd1,
  0xff, 0x05, 0xd1, 0xff, 0x05, 0xd1, 0xff, 0x05, 0xd1, 0xff, 0x05, 0xd1, 0xff, 0x05, 0xd1, 0xff,
  0x05, 0xd1, 0xff, 0x05, 0xd1, 0xff, 0x05, 0xd1, 0xff, 0x05, 0xd1, 0xff, 0x05, 0xd1, 0xff, 0x05,
  0xd1, 0xff, 0x05, 0xd1, 0xff, 0x05, 0xd1, 0xff, 0x05, 0xd1, 0xff, 0x05, 0xd1, 0xff, 0x05, 0xd1,
  0xff, 0x05, 0xd1, 0xff, 0x05, 0xd1, 0xff, 0x05, 0xd1, 0xff, 0x05, 0xd1, 0xff, 0x05, 0xd1, 0xff,
  0x05, 0xd1, 0xff, 0x05, 0xd1, 0xff, 0x05, 0xd1, 0xff, 0x05, 0xd1, 0xff, 0x05, 0xd1, 0xff, 0x05,
  0xd1, 0xff, 0x05, 0xd1, 0xff, 0x05, 0xd1, 0xff, 0x05, 0xd1, 0xff, 0x05, 0xd1, 0xff, 0x05, 0xd1,
  0xff, 0x05, 0xd1, 0xff, 0x05, 0xd1, 0xff, 0x05, 0xd1, 0xff, 0x05, 0xd1, 0xff, 0x05, 0xd1, 0xff,
  0x05, 0xd1, 0xff, 0x05, 0xd1, 0xff, 0x05, 0xd1, 0xff, 0x05, 0xd1, 0xff, 0x05, 0xd1, 0xff, 0x05,
  0xd1, 0xff, 0x05, 0xd1, 0xff, 0x05, 0xd1, 0xff, 0x00, 0x00, 0x00, 0x00, 0x00, 0x00, 0x00, 0x00,
  0x00, 0x00, 0x00, 0x00, 0x00, 0x00, 0x00, 0x00, 0x00, 0x00, 0x00, 0x00, 0x00, 0x00, 0x00, 0x00,
  0x00, 0x00, 0x00, 0x00, 0x00, 0x00, 0x00, 0x00, 0x00, 0x00, 0x00, 0x00, 0x00, 0x00, 0x00, 0x00,
  0x00, 0x00, 0x00, 0x00, 0x00, 0x00, 0x00, 0x00, 0x05, 0xd1, 0xff, 0x05, 0xd1, 0xff, 0x05, 0xd1,
  0xff, 0x05, 0xd1, 0xff, 0x05, 0xd1, 0xff, 0x05, 0xd1, 0xff, 0x05, 0xd1, 0xff, 0x05, 0xd1, 0xff,
  0x05, 0xd1, 0xff, 0x05, 0xd1, 0xff, 0x05, 0xd1, 0xff, 0x05, 0xd1, 0xff, 0x05, 0xd1, 0xff, 0x05,
  0xd1, 0xff, 0x05, 0xd1, 0xff, 0x05, 0xd1, 0xff, 0x05, 0xd1, 0xff, 0x05, 0xd1, 0xff, 0x05, 0xd1,
  0xff, 0x05, 0xd1, 0xff, 0x05, 0xd1, 0xff, 0x05, 0xd1, 0xff, 0x05, 0xd1, 0xff, 0x05, 0xd1, 0xff,
  0x05, 0xd1, 0xff, 0x05, 0xd1, 0xff, 0x05, 0xd1, 0xff, 0x05, 0xd1, 0xff, 0x05, 0xd1, 0xff, 0x05,
  0xd1, 0xff, 0x05, 0xd1, 0xff, 0x05, 0xd1, 0xff, 0x05, 0xd1, 0xff, 0x05, 0xd1, 0xff, 0x05, 0xd1,
  0xff, 0x05, 0xd1, 0xff, 0x05, 0xd1, 0xff, 0x05, 0xd1, 0xff, 0x05, 0xd1, 0xff, 0x05, 0xd1, 0xff,
  0x05, 0xd1, 0xff, 0x05, 0xd1, 0xff, 0x05, 0xd1, 0xff, 0x05, 0xd1, 0xff, 0x05, 0xd1, 0xff, 0x05,
  0xd1, 0xff, 0x05, 0xd1, 0xff, 0x05, 0xd1, 0xff, 0x00, 0x00, 0x00, 0x00, 0x00, 0x00, 0x00, 0x00,
  0x00, 0x00, 0x00, 0x00, 0x00, 0x00, 0x00, 0x00, 0x00, 0x00, 0x00, 0x00, 0x00, 0x00, 0x00, 0x00,
  0x00, 0x00, 0x00, 0x00, 0x00, 0x00, 0x00, 0x00, 0x00, 0x00, 0x00, 0x00, 0x00, 0x00, 0x00, 0x00,
  0x00, 0x00, 0x00, 0x00, 0x00, 0x00, 0x00, 0x00, 0x05, 0xd1, 0xff, 0x05, 0xd1, 0xff, 0x05, 0xd1,
  0xff, 0x05, 0xd1, 0xff, 0x05, 0xd1, 0xff, 0x05, 0xd1, 0xff, 0x05, 0xd1, 0xff, 0x05, 0xd1, 0xff,
  0x05, 0xd1, 0xff, 0x05, 0xd1, 0xff, 0x05, 0xd1, 0xff, 0x05, 0xd1, 0xff, 0x05, 0xd1, 0xff, 0x05,
  0xd1, 0xff, 0x05, 0xd1, 0xff, 0x05, 0xd1, 0xff, 0x05, 0xd1, 0xff, 0x05, 0xd1, 0xff, 0x05, 0xd1,
  0xff, 0x05, 0xd1, 0xff, 0x05, 0xd1, 0xff, 0x05, 0xd1, 0xff, 0x05, 0xd1, 0xff, 0x05, 0xd1, 0xff,
  0x05, 0xd1, 0xff, 0x05, 0xd1, 0xff, 0x05, 0xd1, 0xff, 0x05, 0xd1, 0xff, 0x05, 0xd1, 0xff, 0x05,
  0xd1, 0xff, 0x05, 0xd1, 0xff, 0x05, 0xd1, 0xff, 0x05, 0xd1, 0xff, 0x05, 0xd1, 0xff, 0x05, 0xd1,
  0xff, 0x05, 0xd1, 0xff, 0x05, 0xd1, 0xff, 0x05, 0xd1, 0xff, 0x05, 0xd1, 0xff, 0x05, 0xd1, 0xff,
  0x05, 0xd1, 0xff, 0x05, 0xd1, 0xff, 0x05, 0xd1, 0xff, 0x05, 0xd1, 0xff, 0x05, 0xd1, 0xff, 0x05,
  0xd1, 0xff, 0x05, 0xd1, 0xff, 0x05, 0xd1, 0xff, 0x00, 0x00, 0x00, 0x00, 0x00, 0x00, 0x00, 0x00,
  0x00, 0x00, 0x00, 0x00, 0x00, 0x00, 0x00, 0x00, 0x00, 0x00, 0x00, 0x00, 0x00, 0x00, 0x00, 0x00,
  0x00, 0x00, 0x00, 0x00, 0x00, 0x00, 0x00, 0x00, 0x00, 0x00, 0x00, 0x00, 0x00, 0x00, 0x00, 0x00,
  0x00, 0x00, 0x00, 0x00, 0x00, 0x00, 0x00, 0x00, 0x05, 0xd1, 0xfe, 0x05, 0xd1, 0xff, 0x05, 0xd1,
  0xff, 0x05, 0xd1, 0xff, 0x05, 0xd1, 0xff, 0x05, 0xd1, 0xff, 0x05, 0xd1, 0xff, 0x05, 0xd1, 0xff,
  0x05, 0xd1, 0xff, 0x05, 0xd1, 0xff, 0x05, 0xd1, 0xff, 0x05, 0xd1, 0xff, 0x05, 0xd1, 0xff, 0x05,
  0xd1, 0xff, 0x05, 0xd1, 0xff, 0x05, 0xd1, 0xff, 0x05, 0xd1, 0xff, 0x05, 0xd1, 0xff, 0x05, 0xd1,
  0xff, 0x05, 0xd1, 0xff, 0x05, 0xd1, 0xff, 0x05, 0xd1, 0xff, 0x05, 0xd1, 0xff, 0x05, 0xd1, 0xff,
  0x05, 0xd1, 0xff, 0x05, 0xd1, 0xff, 0x05, 0xd1, 0xff, 0x05, 0xd1, 0xff, 0x05, 0xd1, 0xff, 0x05,
  0xd1, 0xff, 0x05, 0xd1, 0xff, 0x05, 0xd1, 0xff, 0x05, 0xd1, 0xff, 0x05, 0xd1, 0xff, 0x05, 0xd1,
  0xff, 0x05, 0xd1, 0xff, 0x05, 0xd1, 0xff, 0x05, 0xd1, 0xff, 0x05, 0xd1, 0xff, 0x05, 0xd1, 0xff,
  0x05, 0xd1, 0xff, 0x05, 0xd1, 0xff, 0x05, 0xd1, 0xff, 0x05, 0xd1, 0xff, 0x05, 0xd1, 0xff, 0x05,
  0xd1, 0xff, 0x05, 0xd1, 0xff, 0x05, 0xd1, 0xfe, 0x00, 0x00, 0x00, 0x00, 0x00, 0x00, 0x00, 0x00,
  0x00, 0x00, 0x00, 0x00, 0x00, 0x00, 0x00, 0x00, 0x00, 0x00, 0x00, 0x00, 0x00, 0x00, 0x00, 0x00,
  0x00, 0x00, 0x00, 0x00, 0x00, 0x00, 0x00, 0x00, 0x00, 0x00, 0x00, 0x00, 0x00, 0x00, 0x00, 0x00,
  0x00, 0x00, 0x00, 0x00, 0x00, 0x00, 0x00, 0x00, 0x05, 0xd1, 0xe8, 0x05, 0xd1, 0xff, 0x05, 0xd1,
  0xff, 0x05, 0xd1, 0xff, 0x05, 0xd1, 0xff, 0x05, 0xd1, 0xff, 0x05, 0xd1, 0xff, 0x05, 0xd1, 0xff,
  0x05, 0xd1, 0xff, 0x05, 0xd1, 0xff, 0x05, 0xd1, 0xff, 0x05, 0xd1, 0xff, 0x05, 0xd1, 0xff, 0x05,
  0xd1, 0xff, 0x05, 0xd1, 0xff, 0x05, 0xd1, 0xff, 0x05, 0xd1, 0xff, 0x05, 0xd1, 0xff, 0x05, 0xd1,
  0xff, 0x05, 0xd1, 0xff, 0x05, 0xd1, 0xff, 0x05, 0xd1, 0xff, 0x05, 0xd1, 0xff, 0x05, 0xd1, 0xff,
  0x05, 0xd1, 0xff, 0x05, 0xd1, 0xff, 0x05, 0xd1, 0xff, 0x05, 0xd1, 0xff, 0x05, 0xd1, 0xff, 0x05,
  0xd1, 0xff, 0x05, 0xd1, 0xff, 0x05, 0xd1, 0xff, 0x05, 0xd1, 0xff, 0x05, 0xd1, 0xff, 0x05, 0xd1,
  0xff, 0x05, 0xd1, 0xff, 0x05, 0xd1, 0xff, 0x05, 0xd1, 0xff, 0x05, 0xd1, 0xff, 0x05, 0xd1, 0xff,
  0x05, 0xd1, 0xff, 0x05, 0xd1, 0xff, 0x05, 0xd1, 0xff, 0x05, 0xd1, 0xff, 0x05, 0xd1, 0xff, 0x05,
  0xd1, 0xff, 0x05, 0xd1, 0xff, 0x05, 0xd1, 0xe7, 0x00, 0x00, 0x00, 0x00, 0x00, 0x00, 0x00, 0x00,
  0x00, 0x00, 0x00, 0x00, 0x00, 0x00, 0x00, 0x00, 0x00, 0x00, 0x00, 0x00, 0x00, 0x00, 0x00, 0x00,
  0x00, 0x00, 0x00, 0x00, 0x00, 0x00, 0x00, 0x00, 0x00, 0x00, 0x00, 0x00, 0x00, 0x00, 0x00, 0x00,
  0x00, 0x00, 0x00, 0x00, 0x00, 0x00, 0x00, 0x00, 0x05, 0xd1, 0xa6, 0x05, 0xd1, 0xff, 0x05, 0xd1,
  0xff, 0x05, 0xd1, 0xff, 0x05, 0xd1, 0xff, 0x05, 0xd1, 0xff, 0x05, 0xd1, 0xff, 0x05, 0xd1, 0xff,
  0x05, 0xd1, 0xff, 0x05, 0xd1, 0xff, 0x05, 0xd1, 0xff, 0x05, 0xd1, 0xff, 0x05, 0xd1, 0xff, 0x05,
  0xd1, 0xff, 0x05, 0xd1, 0xff, 0x05, 0xd1, 0xff, 0x05, 0xd1, 0xff, 0x05, 0xd1, 0xff, 0x05, 0xd1,
  0xff, 0x05, 0xd1, 0xff, 0x05, 0xd1, 0xff, 0x05, 0xd1, 0xff, 0x05, 0xd1, 0xff, 0x05, 0xd1, 0xff,
  0x05, 0xd1, 0xff, 0x05, 0xd1, 0xff, 0x05, 0xd1, 0xff, 0x05, 0xd1, 0xff, 0x05, 0xd1, 0xff, 0x05,
  0xd1, 0xff, 0x05, 0xd1, 0xff, 0x05, 0xd1, 0xff, 0x05, 0xd1, 0xff, 0x05, 0xd1, 0xff, 0x05, 0xd1,
  0xff, 0x05, 0xd1, 0xff, 0x05, 0xd1, 0xff, 0x05, 0xd1, 0xff, 0x05, 0xd1, 0xff, 0x05, 0xd1, 0xff,
  0x05, 0xd1, 0xff, 0x05, 0xd1, 0xff, 0x05, 0xd1, 0xff, 0x05, 0xd1, 0xff, 0x05, 0xd1, 0xff, 0x05,
  0xd1, 0xff, 0x05, 0xd1, 0xff, 0x05, 0xd1, 0xa4, 0x00, 0x00, 0x00, 0x00, 0x00, 0x00, 0x00, 0x00,
  0x00, 0x00, 0x00, 0x00, 0x00, 0x00, 0x00, 0x00, 0x00, 0x00, 0x00, 0x00, 0x00, 0x00, 0x00, 0x00,
  0x00, 0x00, 0x00, 0x00, 0x00, 0x00, 0x00, 0x00, 0x00, 0x00, 0x00, 0x00, 0x00, 0x00, 0x00, 0x00,
  0x00, 0x00, 0x00, 0x00, 0x00, 0x00, 0x00, 0x00, 0x05, 0xd1, 0x2e, 0x05, 0xd1, 0xf9, 0x05, 0xd1,
  0xff, 0x05, 0xd1, 0xff, 0x05, 0xd1, 0xff, 0x05, 0xd1, 0xff, 0x05, 0xd1, 0xff, 0x05, 0xd1, 0xff,
  0x05, 0xd1, 0xff, 0x05, 0xd1, 0xff, 0x05, 0xd1, 0xff, 0x05, 0xd1, 0xff, 0x05, 0xd1, 0xff, 0x05,
  0xd1, 0xff, 0x05, 0xd1, 0xff, 0x05, 0xd1, 0xff, 0x05, 0xd1, 0xff, 0x05, 0xd1, 0xff, 0x05, 0xd1,
  0xff, 0x05, 0xd1, 0xff, 0x05, 0xd1, 0xff, 0x05, 0xd1, 0xff, 0x05, 0xd1, 0xff, 0x05, 0xd1, 0xff,
  0x05, 0xd1, 0xff, 0x05, 0xd1, 0xff, 0x05, 0xd1, 0xff, 0x05, 0xd1, 0xff, 0x05, 0xd1, 0xff, 0x05,
  0xd1, 0xff, 0x05, 0xd1, 0xff, 0x05, 0xd1, 0xff, 0x05, 0xd1, 0xff, 0x05, 0xd1, 0xff, 0x05, 0xd1,
  0xff, 0x05, 0xd1, 0xff, 0x05, 0xd1, 0xff, 0x05, 0xd1, 0xff, 0x05, 0xd1, 0xff, 0x05, 0xd1, 0xff,
  0x05, 0xd1, 0xff, 0x05, 0xd1, 0xff, 0x05, 0xd1, 0xff, 0x05, 0xd1, 0xff, 0x05, 0xd1, 0xff, 0x05,
  0xd1, 0xff, 0x05, 0xd1, 0xf8, 0x25, 0xd1, 0x2c, 0x00, 0x00, 0x00, 0x00, 0x00, 0x00, 0x00, 0x00,
  0x00, 0x00, 0x00, 0x00, 0x00, 0x00, 0x00, 0x00, 0x00, 0x00, 0x00, 0x00, 0x00, 0x00, 0x00, 0x00,
  0x00, 0x00, 0x00, 0x00, 0x00, 0x00, 0x00, 0x00, 0x00, 0x00, 0x00, 0x00, 0x00, 0x00, 0x00, 0x00,
  0x00, 0x00, 0x00, 0x00, 0x00, 0x00, 0x00, 0x00, 0x00, 0x00, 0x00, 0x25, 0xd1, 0x5a, 0x05, 0xd1,
  0xf9, 0x05, 0xd1, 0xff, 0x05, 0xd1, 0xff, 0x05, 0xd1, 0xff, 0x05, 0xd1, 0xff, 0x05, 0xd1, 0xff,
  0x05, 0xd1, 0xff, 0x05, 0xd1, 0xff, 0x05, 0xd1, 0xff, 0x05, 0xd1, 0xff, 0x05, 0xd1, 0xff, 0x05,
  0xd1, 0xff, 0x05, 0xd1, 0xff, 0x05, 0xd1, 0xff, 0x05, 0xd1, 0xff, 0x05, 0xd1, 0xff, 0x05, 0xd1,
  0xff, 0x05, 0xd1, 0xff, 0x05, 0xd1, 0xff, 0x05, 0xd1, 0xff, 0x05, 0xd1, 0xff, 0x05, 0xd1, 0xff,
  0x05, 0xd1, 0xff, 0x05, 0xd1, 0xff, 0x05, 0xd1, 0xff, 0x05, 0xd1, 0xff, 0x05, 0xd1, 0xff, 0x05,
  0xd1, 0xff, 0x05, 0xd1, 0xff, 0x05, 0xd1, 0xff, 0x05, 0xd1, 0xff, 0x05, 0xd1, 0xff, 0x05, 0xd1,
  0xff, 0x05, 0xd1, 0xff, 0x05, 0xd1, 0xff, 0x05, 0xd1, 0xff, 0x05, 0xd1, 0xff, 0x05, 0xd1, 0xff,
  0x05, 0xd1, 0xff, 0x05, 0xd1, 0xff, 0x05, 0xd1, 0xff, 0x05, 0xd1, 0xff, 0x05, 0xd1, 0xff, 0x05,
  0xd1, 0xf8, 0x25, 0xd1, 0x59, 0x00, 0x00, 0x00, 0x00, 0x00, 0x00, 0x00, 0x00, 0x00, 0x00, 0x00,
  0x00, 0x00, 0x00, 0x00, 0x00, 0x00, 0x00, 0x00, 0x00, 0x00, 0x00, 0x00, 0x00, 0x00, 0x00, 0x00,
  0x00, 0x00, 0x00, 0x00, 0x00, 0x00, 0x00, 0x00, 0x00, 0x00, 0x00, 0x00, 0x00, 0x00, 0x00, 0x00,
  0x00, 0x00, 0x00, 0x00, 0x00, 0x00, 0x00, 0x00, 0x00, 0x00, 0x00, 0x00, 0x00, 0x00, 0x05, 0xd1,
  0x2e, 0x05, 0xd1, 0xa5, 0x05, 0xd1, 0xe6, 0x05, 0xd1, 0xff, 0x05, 0xd1, 0xff, 0x05, 0xd1, 0xff,
  0x05, 0xd1, 0xff, 0x05, 0xd1, 0xff, 0x05, 0xd1, 0xff, 0x05, 0xd1, 0xff, 0x05, 0xd1, 0xff, 0x05,
  0xd1, 0xff, 0x05, 0xd1, 0xff, 0x05, 0xd1, 0xff, 0x05, 0xd1, 0xff, 0x05, 0xd1, 0xff, 0x05, 0xd1,
  0xff, 0x05, 0xd1, 0xff, 0x05, 0xd1, 0xff, 0x05, 0xd1, 0xff, 0x05, 0xd1, 0xff, 0x05, 0xd1, 0xff,
  0x05, 0xd1, 0xff, 0x05, 0xd1, 0xff, 0x05, 0xd1, 0xff, 0x05, 0xd1, 0xff, 0x05, 0xd1, 0xff, 0x05,
  0xd1, 0xff, 0x05, 0xd1, 0xff, 0x05, 0xd1, 0xff, 0x05, 0xd1, 0xff, 0x05, 0xd1, 0xff, 0x05, 0xd1,
  0xff, 0x05, 0xd1, 0xff, 0x05, 0xd1, 0xff, 0x05, 0xd1, 0xff, 0x05, 0xd1, 0xff, 0x05, 0xd1, 0xff,
  0x05, 0xd1, 0xff, 0x05, 0xd1, 0xff, 0x05, 0xd1, 0xff, 0x05, 0xd1, 0xe6, 0x05, 0xd1, 0xa4, 0x25,
  0xd1, 0x2c, 0x00, 0x00, 0x00, 0x00, 0x00, 0x00, 0x00, 0x00, 0x00, 0x00, 0x00, 0x00, 0x00, 0x00,
  0x00, 0x00, 0x00, 0x00, 0x00, 0x00, 0x00, 0x00, 0x00, 0x00, 0x00, 0x00, 0x00, 0x00, 0x00, 0x00,
  0x00, 0x00, 0x00, 0x00, 0x00, 0x00, 0x00, 0x00, 0x00, 0x00, 0x00, 0x00, 0x00, 0x00, 0x00, 0x00,
  0x00, 0x00, 0x00, 0x00, 0x00, 0x00, 0x00, 0x00, 0x00, 0x00, 0x00, 0x00, 0x00, 0x00, 0x00, 0x00,
  0x00, 0x00, 0x00, 0x00, 0x00, 0x00, 0x00, 0x00, 0x00, 0x00, 0x00, 0x00, 0x00, 0x00, 0x00, 0x00,
  0x00, 0x00, 0x00, 0x00, 0x00, 0x00, 0x00, 0x00, 0x00, 0x00, 0x00, 0x00, 0x00, 0x00, 0x00, 0x00,
  0x00, 0x00, 0x00, 0x00, 0x00, 0x00, 0x00, 0x00, 0x00, 0x00, 0x00, 0x00, 0x00, 0x00, 0x00, 0x00,
  0x00, 0x00, 0x00, 0x00, 0x00, 0x00, 0x00, 0x00, 0x00, 0x00, 0x00, 0x00, 0x00, 0x00, 0x00, 0x00,
  0x00, 0x00, 0x00, 0x00, 0x00, 0x00, 0x00, 0x00, 0x00, 0x00, 0x00, 0x00, 0x00, 0x00, 0x00, 0x00,
  0x00, 0x00, 0x00, 0x00, 0x00, 0x00, 0x00, 0x00, 0x00, 0x00, 0x00, 0x00, 0x00, 0x00, 0x00, 0x00,
  0x00, 0x00, 0x00, 0x00, 0x00, 0x00, 0x00, 0x00, 0x00, 0x00, 0x00, 0x00, 0x00, 0x00, 0x00, 0x00,
  0x00, 0x00, 0x00, 0x00, 0x00, 0x00, 0x00, 0x00, 0x00, 0x00, 0x00, 0x00, 0x00, 0x00, 0x00, 0x00,
  0x00, 0x00, 0x00, 0x00, 0x00, 0x00, 0x00, 0x00, 0x00, 0x00, 0x00, 0x00, 0x00, 0x00, 0x00, 0x00,
  0x00, 0x00, 0x00, 0x00, 0x00, 0x00, 0x00, 0x00, 0x00, 0x00, 0x00, 0x00, 0x00, 0x00, 0x00, 0x00,
  0x00, 0x00, 0x00, 0x00, 0x00, 0x00, 0x00, 0x00, 0x00, 0x00, 0x00, 0x00, 0x00, 0x00, 0x00, 0x00,
  0x00, 0x00, 0x00, 0x00, 0x00, 0x00, 0x00, 0x00, 0x00, 0x00, 0x00, 0x00, 0x00, 0x00, 0x00, 0x00,
  0x00, 0x00, 0x00, 0x00, 0x00, 0x00, 0x00, 0x00, 0x00, 0x00, 0x00, 0x00, 0x00, 0x00, 0x00, 0x00,
  0x00, 0x00, 0x00, 0x00, 0x00, 0x00, 0x00, 0x00, 0x00, 0x00, 0x00, 0x00, 0x00, 0x00, 0x00, 0x00,
  0x00, 0x00, 0x00, 0x00, 0x00, 0x00, 0x00, 0x00, 0x00, 0x00, 0x00, 0x00, 0x00, 0x00, 0x00, 0x00,
  0x00, 0x00, 0x00, 0x00, 0x00, 0x00, 0x00, 0x00, 0x00, 0x00, 0x00, 0x00, 0x00, 0x00, 0x00, 0x00,
  0x00, 0x00, 0x00, 0x00, 0x00, 0x00, 0x00, 0x00, 0x00, 0x00, 0x00, 0x00, 0x00, 0x00, 0x00, 0x00,
  0x00, 0x00, 0x00, 0x00, 0x00, 0x00, 0x00, 0x00, 0x00, 0x00, 0x00, 0x00, 0x00, 0x00, 0x00, 0x00,
  0x00, 0x00, 0x00, 0x00, 0x00, 0x00, 0x00, 0x00, 0x00, 0x00, 0x00, 0x00, 0x00, 0x00, 0x00, 0x00,
  0x00, 0x00, 0x00, 0x00, 0x00, 0x00, 0x00, 0x00, 0x00, 0x00, 0x00, 0x00, 0x00, 0x00, 0x00, 0x00,
  0x00, 0x00, 0x00, 0x00, 0x00, 0x00, 0x00, 0x00, 0x00, 0x00, 0x00, 0x00, 0x00, 0x00, 0x00, 0x00,
  0x00, 0x00, 0x00, 0x00, 0x00, 0x00, 0x00, 0x00, 0x00, 0x00, 0x00, 0x00, 0x00, 0x00, 0x00, 0x00,
  0x00, 0x00, 0x00, 0x00, 0x00, 0x00, 0x00, 0x00, 0x00, 0x00, 0x00, 0x00, 0x00, 0x00, 0x00, 0x00,
  0x00, 0x00, 0x00, 0x00, 0x00, 0x00, 0x00, 0x00, 0x00, 0x00, 0x00, 0x00, 0x00, 0x00, 0x00, 0x00,
  0x00, 0x00, 0x00, 0x00, 0x00, 0x00, 0x00, 0x00, 0x00, 0x00, 0x00, 0x00, 0x00, 0x00, 0x00, 0x00,
  0x00, 0x00, 0x00, 0x00, 0x00, 0x00, 0x00, 0x00, 0x00, 0x00, 0x00, 0x00, 0x00, 0x00, 0x00, 0x00,
  0x00, 0x00, 0x00, 0x00, 0x00, 0x00, 0x00, 0x00, 0x00, 0x00, 0x00, 0x00, 0x00, 0x00, 0x00, 0x00,
  0x00, 0x00, 0x00, 0x00, 0x00, 0x00, 0x00, 0x00, 0x00, 0x00, 0x00, 0x00, 0x00, 0x00, 0x00, 0x00,
  0x00, 0x00, 0x00, 0x00, 0x00, 0x00, 0x00, 0x00, 0x00, 0x00, 0x00, 0x00, 0x00, 0x00, 0x00, 0x00,
  0x00, 0x00, 0x00, 0x00, 0x00, 0x00, 0x00, 0x00, 0x00, 0x00, 0x00, 0x00, 0x00, 0x00, 0x00, 0x00,
  0x00, 0x00, 0x00, 0x00, 0x00, 0x00, 0x00, 0x00, 0x00, 0x00, 0x00, 0x00, 0x00, 0x00, 0x00, 0x00,
  0x00, 0x00, 0x00, 0x00, 0x00, 0x00, 0x00, 0x00, 0x00, 0x00, 0x00, 0x00, 0x00, 0x00, 0x00, 0x00,
  0x00, 0x00, 0x00, 0x00, 0x00, 0x00, 0x00, 0x00, 0x00, 0x00, 0x00, 0x00, 0x00, 0x00, 0x00, 0x00,
  0x00, 0x00, 0x00, 0x00, 0x00, 0x00, 0x00, 0x00, 0x00, 0x00, 0x00, 0x00, 0x00, 0x00, 0x00, 0x00,
  0x00, 0x00, 0x00, 0x00, 0x00, 0x00, 0x00, 0x00, 0x00, 0x00, 0x00, 0x00, 0x00, 0x00, 0x00, 0x00,
  0x00, 0x00, 0x00, 0x00, 0x00, 0x00, 0x00, 0x00, 0x00, 0x00, 0x00, 0x00, 0x00, 0x00, 0x00, 0x00,
  0x00, 0x00, 0x00, 0x00, 0x00, 0x00, 0x00, 0x00, 0x00, 0x00, 0x00, 0x00, 0x00, 0x00, 0x00, 0x00,
  0x00, 0x00, 0x00, 0x00, 0x00, 0x00, 0x00, 0x00, 0x00, 0x00, 0x00, 0x00, 0x00, 0x00, 0x00, 0x00,
  0x00, 0x00, 0x00, 0x00, 0x00, 0x00, 0x00, 0x00, 0x00, 0x00, 0x00, 0x00, 0x00, 0x00, 0x00, 0x00,
  0x00, 0x00, 0x00, 0x00, 0x00, 0x00, 0x00, 0x00, 0x00, 0x00, 0x00, 0x00, 0x00, 0x00, 0x00, 0x00,
  0x00, 0x00, 0x00, 0x00, 0x00, 0x00, 0x00, 0x00, 0x00, 0x00, 0x00, 0x00, 0x00, 0x00, 0x00, 0x00,
  0x00, 0x00, 0x00, 0x00, 0x00, 0x00, 0x00, 0x00, 0x00, 0x00, 0x00, 0x00, 0x00, 0x00, 0x00, 0x00,
  0x00, 0x00, 0x00, 0x00, 0x00, 0x00, 0x00, 0x00, 0x00, 0x00, 0x00, 0x00, 0x00, 0x00, 0x00, 0x00,
  0x00, 0x00, 0x00, 0x00, 0x00, 0x00, 0x00, 0x00, 0x00, 0x00, 0x00, 0x00, 0x00, 0x00, 0x00, 0x00,
  0x00, 0x00, 0x00, 0x00, 0x00, 0x00, 0x00, 0x00, 0x00, 0x00, 0x00, 0x00, 0x00, 0x00, 0x00, 0x00,
  0x00, 0x00, 0x00, 0x00, 0x00, 0x00, 0x00, 0x00, 0x00, 0x00, 0x00, 0x00, 0x00, 0x00, 0x00, 0x00,
  0x00, 0x00, 0x00, 0x00, 0x00, 0x00, 0x00, 0x00, 0x00, 0x00, 0x00, 0x00, 0x00, 0x00, 0x00, 0x00,
  0x00, 0x00, 0x00, 0x00, 0x00, 0x00, 0x00, 0x00, 0x00, 0x00, 0x00, 0x00, 0x00, 0x00, 0x00, 0x00,
  0x00, 0x00, 0x00, 0x00, 0x00, 0x00, 0x00, 0x00, 0x00, 0x00, 0x00, 0x00, 0x00, 0x00, 0x00, 0x00,
  0x00, 0x00, 0x00, 0x00, 0x00, 0x00, 0x00, 0x00, 0x00, 0x00, 0x00, 0x00, 0x00, 0x00, 0x00, 0x00,
  0x00, 0x00, 0x00, 0x00, 0x00, 0x00, 0x00, 0x00, 0x00, 0x00, 0x00, 0x00, 0x00, 0x00, 0x00, 0x00,
  0x00, 0x00, 0x00, 0x00, 0x00, 0x00, 0x00, 0x00, 0x00, 0x00, 0x00, 0x00, 0x00, 0x00, 0x00, 0x00,
  0x00, 0x00, 0x00, 0x00, 0x00, 0x00, 0x00, 0x00, 0x00, 0x00, 0x00, 0x00, 0x00, 0x00, 0x00, 0x00,
  0x00, 0x00, 0x00, 0x00, 0x00, 0x00, 0x00, 0x00, 0x00, 0x00, 0x00, 0x00, 0x00, 0x00, 0x00, 0x00,
  0x00, 0x00, 0x00, 0x00, 0x00, 0x00, 0x00, 0x00, 0x00, 0x00, 0x00, 0x00, 0x00, 0x00, 0x00, 0x00,
  0x00, 0x00, 0x00, 0x00, 0x00, 0x00, 0x00, 0x00, 0x00, 0x00, 0x00, 0x00, 0x00, 0x00, 0x00, 0x00,
  0x00, 0x00, 0x00, 0x00, 0x00, 0x00, 0x00, 0x00, 0x00, 0x00, 0x00, 0x00, 0x00, 0x00, 0x00, 0x00,
  0x00, 0x00, 0x00, 0x00, 0x00, 0x00, 0x00, 0x00, 0x00, 0x00, 0x00, 0x00, 0x00, 0x00, 0x00, 0x00,
  0x00, 0x00, 0x00, 0x00, 0x00, 0x00, 0x00, 0x00, 0x00, 0x00, 0x00, 0x00, 0x00, 0x00, 0x00, 0x00,
  0x00, 0x00, 0x00, 0x00, 0x00, 0x00, 0x00, 0x00, 0x00, 0x00, 0x00, 0x00, 0x00, 0x00, 0x00, 0x00,
  0x00, 0x00, 0x00, 0x00, 0x00, 0x00, 0x00, 0x00, 0x00, 0x00, 0x00, 0x00, 0x00, 0x00, 0x00, 0x00,
  0x00, 0x00, 0x00, 0x00, 0x00, 0x00, 0x00, 0x00, 0x00, 0x00, 0x00, 0x00, 0x00, 0x00, 0x00, 0x00,
  0x00, 0x00, 0x00, 0x00, 0x00, 0x00, 0x00, 0x00, 0x00, 0x00, 0x00, 0x00, 0x00, 0x00, 0x00, 0x00,
  0x00, 0x00, 0x00, 0x00, 0x00, 0x00, 0x00, 0x00, 0x00, 0x00, 0x00, 0x00, 0x00, 0x00, 0x00, 0x00,
  0x00, 0x00, 0x00, 0x00, 0x00, 0x00, 0x00, 0x00, 0x00, 0x00, 0x00, 0x00, 0x00, 0x00, 0x00, 0x00,
  0x00, 0x00, 0x00, 0x00, 0x00, 0x00, 0x00, 0x00, 0x00, 0x00, 0x00, 0x00, 0x00, 0x00, 0x00, 0x00,
  0x00, 0x00, 0x00, 0x00, 0x00, 0x00, 0x00, 0x00, 0x00, 0x00, 0x00, 0x00, 0x00, 0x00, 0x00, 0x00,
  0x00, 0x00, 0x00, 0x00, 0x00, 0x00, 0x00, 0x00, 0x00, 0x00, 0x00, 0x00, 0x00, 0x00, 0x00, 0x00,
  0x00, 0x00, 0x00, 0x00, 0x00, 0x00, 0x00, 0x00, 0x00, 0x00, 0x00, 0x00, 0x00, 0x00, 0x00, 0x00,
  0x00, 0x00, 0x00, 0x00, 0x00, 0x00, 0x00, 0x00, 0x00, 0x00, 0x00, 0x00, 0x00, 0x00, 0x00, 0x00,
  0x00, 0x00, 0x00, 0x00, 0x00, 0x00, 0x00, 0x00, 0x00, 0x00, 0x00, 0x00, 0x00, 0x00, 0x00, 0x00,
  0x00, 0x00, 0x00, 0x00, 0x00, 0x00, 0x00, 0x00, 0x00, 0x00, 0x00, 0x00, 0x00, 0x00, 0x00, 0x00,
  0x00, 0x00, 0x00, 0x00, 0x00, 0x00, 0x00, 0x00, 0x00, 0x00, 0x00, 0x00, 0x00, 0x00, 0x00, 0x00,
  0x00, 0x00, 0x00, 0x00, 0x00, 0x00, 0x00, 0x00, 0x00, 0x00, 0x00, 0x00, 0x00, 0x00, 0x00, 0x00,
  0x00, 0x00, 0x00, 0x00, 0x00, 0x00, 0x00, 0x00, 0x00, 0x00, 0x00, 0x00, 0x00, 0x00, 0x00, 0x00,
  0x00, 0x00, 0x00, 0x00, 0x00, 0x00, 0x00, 0x00, 0x00, 0x00, 0x00, 0x00, 0x00, 0x00, 0x00, 0x00,
  0x00, 0x00, 0x00, 0x00, 0x00, 0x00, 0x00, 0x00, 0x00, 0x00, 0x00, 0x00, 0x00, 0x00, 0x00, 0x00,
  0x00, 0x00, 0x00, 0x00, 0x00, 0x00, 0x00, 0x00, 0x00, 0x00, 0x00, 0x00, 0x00, 0x00, 0x00, 0x00,
  0x00, 0x00, 0x00, 0x00, 0x00, 0x00, 0x00, 0x00, 0x00, 0x00, 0x00, 0x00, 0x00, 0x00, 0x00, 0x00,
  0x00, 0x00, 0x00, 0x00, 0x00, 0x00, 0x00, 0x00, 0x00, 0x00, 0x00, 0x00, 0x00, 0x00, 0x00, 0x00,
  0x00, 0x00, 0x00, 0x00, 0x00, 0x00, 0x00, 0x00, 0x00, 0x00, 0x00, 0x00, 0x00, 0x00, 0x00, 0x00,
  0x00, 0x00, 0x00, 0x00, 0x00, 0x00, 0x00, 0x00, 0x00, 0x00, 0x00, 0x00, 0x00, 0x00, 0x00, 0x00,
  0x00, 0x00, 0x00, 0x00, 0x00, 0x00, 0x00, 0x00, 0x00, 0x00, 0x00, 0x00, 0x00, 0x00, 0x00, 0x00,
  0x00, 0x00, 0x00, 0x00, 0x00, 0x00, 0x00, 0x00, 0x00, 0x00, 0x00, 0x00, 0x00, 0x00, 0x00, 0x00,
  0x00, 0x00, 0x00, 0x00, 0x00, 0x00, 0x00, 0x00, 0x00, 0x00, 0x00, 0x00, 0x00, 0x00, 0x00, 0x00,
  0x00, 0x00, 0x00, 0x00, 0x00, 0x00, 0x00, 0x00, 0x00, 0x00, 0x00, 0x00, 0x00, 0x00, 0x00, 0x00,
  0x00, 0x00, 0x00, 0x00, 0x00, 0x00, 0x00, 0x00, 0x00, 0x00, 0x00, 0x00, 0x00, 0x00, 0x00, 0x00,
  0x00, 0x00, 0x00, 0x00, 0x00, 0x00, 0x00, 0x00, 0x00, 0x00, 0x00, 0x00, 0x00, 0x00, 0x00, 0x00,
  0x00, 0x00, 0x00, 0x00, 0x00, 0x00, 0x00, 0x00, 0x00, 0x00, 0x00, 0x00, 0x00, 0x00, 0x00, 0x00,
  0x00, 0x00, 0x00, 0x00, 0x00, 0x00, 0x00, 0x00, 0x00, 0x00, 0x00, 0x00, 0x00, 0x00, 0x00, 0x00,
  0x00, 0x00, 0x00, 0x00, 0x00, 0x00, 0x00, 0x00, 0x00, 0x00, 0x00, 0x00, 0x00, 0x00, 0x00, 0x00,
  0x00, 0x00, 0x00, 0x00, 0x00, 0x00, 0x00, 0x00, 0x00, 0x00, 0x00, 0x00, 0x00, 0x00, 0x00, 0x00,
  0x00, 0x00, 0x00, 0x00, 0x00, 0x00, 0x00, 0x00, 0x00, 0x00, 0x00, 0x00, 0x00, 0x00, 0x00, 0x00,
  0x00, 0x00, 0x00, 0x00, 0x00, 0x00, 0x00, 0x00, 0x00, 0x00, 0x00, 0x00, 0x00, 0x00, 0x00, 0x00,
#endif
#if LV_COLOR_DEPTH == 16 && LV_COLOR_16_SWAP != 0
  /*Pixel format: Alpha 8 bit, Red: 5 bit, Green: 6 bit, Blue: 5 bit*/
  0x00, 0x00, 0x00, 0x00, 0x00, 0x00, 0x00, 0x00, 0x00, 0x00, 0x00, 0x00, 0x00, 0x00, 0x00, 0x00,
  0x00, 0x00, 0x00, 0x00, 0x00, 0x00, 0x00, 0x00, 0x00, 0x00, 0x00, 0x00, 0x00, 0x00, 0x00, 0x00,
  0x00, 0x00, 0x00, 0x00, 0x00, 0x00, 0x00, 0x00, 0x00, 0x00, 0x00, 0x00, 0x00, 0x00, 0x00, 0x00,
  0x00, 0x00, 0x00, 0x00, 0x00, 0x00, 0x00, 0x00, 0x00, 0x00, 0x00, 0x00, 0x00, 0x00, 0x00, 0x00,
  0x00, 0x00, 0x00, 0x00, 0x00, 0x00, 0x00, 0x00, 0x00, 0x00, 0x00, 0x00, 0x00, 0x00, 0x00, 0x00,
  0x00, 0x00, 0x00, 0x00, 0x00, 0x00, 0x00, 0x00, 0x00, 0x00, 0x00, 0x00, 0x00, 0x00, 0x00, 0x00,
  0x00, 0x00, 0x00, 0x00, 0x00, 0x00, 0x00, 0x00, 0x00, 0x00, 0x00, 0x00, 0x00, 0x00, 0x00, 0x00,
  0x00, 0x00, 0x00, 0x00, 0x00, 0x00, 0x00, 0x00, 0x00, 0x00, 0x00, 0x00, 0x00, 0x00, 0x00, 0x00,
  0x00, 0x00, 0x00, 0x00, 0x00, 0x00, 0x00, 0x00, 0x00, 0x00, 0x00, 0x00, 0x00, 0x00, 0x00, 0x00,
  0x00, 0x00, 0x00, 0x00, 0x00, 0x00, 0x00, 0x00, 0x00, 0x00, 0x00, 0x00, 0x00, 0x00, 0x00, 0x00,
  0x00, 0x00, 0x00, 0x00, 0x00, 0x00, 0x00, 0x00, 0x00, 0x00, 0x00, 0x00, 0x00, 0x00, 0x00, 0x00,
  0x00, 0x00, 0x00, 0x00, 0x00, 0x00, 0x00, 0x00, 0x00, 0x00, 0x00, 0x00, 0x00, 0x00, 0x00, 0x00,
  0x00, 0x00, 0x00, 0x00, 0x00, 0x00, 0x00, 0x00, 0x00, 0x00, 0x00, 0x00, 0x00, 0x00, 0x00, 0x00,
  0x00, 0x00, 0x00, 0x00, 0x00, 0x00, 0x00, 0x00, 0x00, 0x00, 0x00, 0x00, 0x00, 0x00, 0x00, 0x00,
  0x00, 0x00, 0x00, 0x00, 0x00, 0x00, 0x00, 0x00, 0x00, 0x00, 0x00, 0x00, 0x00, 0x00, 0x00, 0x00,
  0x00, 0x00, 0x00, 0x00, 0x00, 0x00, 0x00, 0x00, 0x00, 0x00, 0x00, 0x00, 0x00, 0x00, 0x00, 0x00,
  0x00, 0x00, 0x00, 0x00, 0x00, 0x00, 0x00, 0x00, 0x00, 0x00, 0x00, 0x00, 0x00, 0x00, 0x00, 0x00,
  0x00, 0x00, 0x00, 0x00, 0x00, 0x00, 0x00, 0x00, 0x00, 0x00, 0x00, 0x00, 0x00, 0x00, 0x00, 0x00,
  0x00, 0x00, 0x00, 0x00, 0x00, 0x00, 0x00, 0x00, 0x00, 0x00, 0x00, 0x00, 0x00, 0x00, 0x00, 0x00,
  0x00, 0x00, 0x00, 0x00, 0x00, 0x00, 0x00, 0x00, 0x00, 0x00, 0x00, 0x00, 0x00, 0x00, 0x00, 0x00,
  0x00, 0x00, 0x00, 0x00, 0x00, 0x00, 0x00, 0x00, 0x00, 0x00, 0x00, 0x00, 0x00, 0x00, 0x00, 0x00,
  0x00, 0x00, 0x00, 0x00, 0x00, 0x00, 0x00, 0x00, 0x00, 0x00, 0x00, 0x00, 0x00, 0x00, 0x00, 0x00,
  0x00, 0x00, 0x00, 0x00, 0x00, 0x00, 0x00, 0x00, 0x00, 0x00, 0x00, 0x00, 0x00, 0x00, 0x00, 0x00,
  0x00, 0x00, 0x00, 0x00, 0x00, 0x00, 0x00, 0x00, 0x00, 0x00, 0x00, 0x00, 0x00, 0x00, 0x00, 0x00,
  0x00, 0x00, 0x00, 0x00, 0x00, 0x00, 0x00, 0x00, 0x00, 0x00, 0x00, 0x00, 0x00, 0x00, 0x00, 0x00,
  0x00, 0x00, 0x00, 0x00, 0x00, 0x00, 0x00, 0x00, 0x00, 0x00, 0x00, 0x00, 0x00, 0x00, 0x00, 0x00,
  0x00, 0x00, 0x00, 0x00, 0x00, 0x00, 0x00, 0x00, 0x00, 0x00, 0x00, 0x00, 0x00, 0x00, 0x00, 0x00,
  0x00, 0x00, 0x00, 0x00, 0x00, 0x00, 0x00, 0x00, 0x00, 0x00, 0x00, 0x00, 0x00, 0x00, 0x00, 0x00,
  0x00, 0x00, 0x00, 0x00, 0x00, 0x00, 0x00, 0x00, 0x00, 0x00, 0x00, 0x00, 0x00, 0x00, 0x00, 0x00,
  0x00, 0x00, 0x00, 0x00, 0x00, 0x00, 0x00, 0x00, 0x00, 0x00, 0x00, 0x00, 0x00, 0x00, 0x00, 0x00,
  0x00, 0x00, 0x00, 0x00, 0x00, 0x00, 0x00, 0x00, 0x00, 0x00, 0x00, 0x00, 0x00, 0x00, 0x00, 0x00,
  0x00, 0x00, 0x00, 0x00, 0x00, 0x00, 0x00, 0x00, 0x00, 0x00, 0x00, 0x00, 0x00, 0x00, 0x00, 0x00,
  0x00, 0x00, 0x00, 0x00, 0x00, 0x00, 0x00, 0x00, 0x00, 0x00, 0x00, 0x00, 0x00, 0x00, 0x00, 0x00,
  0x00, 0x00, 0x00, 0x00, 0x00, 0x00, 0x00, 0x00, 0x00, 0x00, 0x00, 0x00, 0x00, 0x00, 0x00, 0x00,
  0x00, 0x00, 0x00, 0x00, 0x00, 0x00, 0x00, 0x00, 0x00, 0x00, 0x00, 0x00, 0x00, 0x00, 0x00, 0x00,
  0x00, 0x00, 0x00, 0x00, 0x00, 0x00, 0x00, 0x00, 0x00, 0x00, 0x00, 0x00, 0x00, 0x00, 0x00, 0x00,
  0x00, 0x00, 0x00, 0x00, 0x00, 0x00, 0x00, 0x00, 0x00, 0x00, 0x00, 0x00, 0x00, 0x00, 0x00, 0x00,
  0x00, 0x00, 0x00, 0x00, 0x00, 0x00, 0x00, 0x00, 0x00, 0x00, 0x00, 0x00, 0x00, 0x00, 0x00, 0x00,
  0x00, 0x00, 0x00, 0x00, 0x00, 0x00, 0x00, 0x00, 0x00, 0x00, 0x00, 0x00, 0x00, 0x00, 0x00, 0x00,
  0x00, 0x00, 0x00, 0x00, 0x00, 0x00, 0x00, 0x00, 0x00, 0x00, 0x00, 0x00, 0x00, 0x00, 0x00, 0x00,
  0x00, 0x00, 0x00, 0x00, 0x00, 0x00, 0x00, 0x00, 0x00, 0x00, 0x00, 0x00, 0x00, 0x00, 0x00, 0x00,
  0x00, 0x00, 0x00, 0x00, 0x00, 0x00, 0x00, 0x00, 0x00, 0x00, 0x00, 0x00, 0x00, 0x00, 0x00, 0x00,
  0x00, 0x00, 0x00, 0x00, 0x00, 0x00, 0x00, 0x00, 0x00, 0x00, 0x00, 0x00, 0x00, 0x00, 0x00, 0x00,
  0x00, 0x00, 0x00, 0x00, 0x00, 0x00, 0x00, 0x00, 0x00, 0x00, 0x00, 0x00, 0x00, 0x00, 0x00, 0x00,
  0x00, 0x00, 0x00, 0x00, 0x00, 0x00, 0x00, 0x00, 0x00, 0x00, 0x00, 0x00, 0x00, 0x00, 0x00, 0x00,
  0x00, 0x00, 0x00, 0x00, 0x00, 0x00, 0x00, 0x00, 0x00, 0x00, 0x00, 0x00, 0x00, 0x00, 0x00, 0x00,
  0x00, 0x00, 0x00, 0x00, 0x00, 0x00, 0x00, 0x00, 0x00, 0x00, 0x00, 0x00, 0x00, 0x00, 0x00, 0x00,
  0x00, 0x00, 0x00, 0x00, 0x00, 0x00, 0x00, 0x00, 0x00, 0x00, 0x00, 0x00, 0x00, 0x00, 0x00, 0x00,
  0x00, 0x00, 0x00, 0x00, 0x00, 0x00, 0x00, 0x00, 0x00, 0x00, 0x00, 0x00, 0x00, 0x00, 0x00, 0x00,
  0x00, 0x00, 0x00, 0x00, 0x00, 0x00, 0x00, 0x00, 0x00, 0x00, 0x00, 0x00, 0x00, 0x00, 0x00, 0x00,
  0x00, 0x00, 0x00, 0x00, 0x00, 0x00, 0x00, 0x00, 0x00, 0x00, 0x00, 0x00, 0x00, 0x00, 0x00, 0x00,
  0x00, 0x00, 0x00, 0x00, 0x00, 0x00, 0x00, 0x00, 0x00, 0x00, 0x00, 0x00, 0x00, 0x00, 0x00, 0x00,
  0x00, 0x00, 0x00, 0x00, 0x00, 0x00, 0x00, 0x00, 0x00, 0x00, 0x00, 0x00, 0x00, 0x00, 0x00, 0x00,
  0x00, 0x00, 0x00, 0x00, 0x00, 0x00, 0x00, 0x00, 0x00, 0x00, 0x00, 0x00, 0x00, 0x00, 0x00, 0x00,
  0x00, 0x00, 0x00, 0x00, 0x00, 0x00, 0x00, 0x00, 0x00, 0x00, 0x00, 0x00, 0x00, 0x00, 0x00, 0x00,
  0x00, 0x00, 0x00, 0x00, 0x00, 0x00, 0x00, 0x00, 0x00, 0x00, 0x00, 0x00, 0x00, 0x00, 0x00, 0x00,
  0x00, 0x00, 0x00, 0x00, 0x00, 0x00, 0x00, 0x00, 0x00, 0x00, 0x00, 0x00, 0x00, 0x00, 0x00, 0x00,
  0x00, 0x00, 0x00, 0x00, 0x00, 0x00, 0x00, 0x00, 0x00, 0x00, 0x00, 0x00, 0x00, 0x00, 0x00, 0x00,
  0x00, 0x00, 0x00, 0x00, 0x00, 0x00, 0x00, 0x00, 0x00, 0x00, 0x00, 0x00, 0x00, 0x00, 0x00, 0x00,
  0x00, 0x00, 0x00, 0x00, 0x00, 0x00, 0x00, 0x00, 0x00, 0x00, 0x00, 0x00, 0x00, 0x00, 0x00, 0x00,
  0x00, 0x00, 0x00, 0x00, 0x00, 0x00, 0x00, 0x00, 0x00, 0x00, 0x00, 0x00, 0x00, 0x00, 0x00, 0x00,
  0x00, 0x00, 0x00, 0x00, 0x00, 0x00, 0x00, 0x00, 0x00, 0x00, 0x00, 0x00, 0x00, 0x00, 0x00, 0x00,
  0x00, 0x00, 0x00, 0x00, 0x00, 0x00, 0x00, 0x00, 0x00, 0x00, 0x00, 0x00, 0x00, 0x00, 0x00, 0x00,
  0x00, 0x00, 0x00, 0x00, 0x00, 0x00, 0x00, 0x00, 0x00, 0x00, 0x00, 0x00, 0x00, 0x00, 0x00, 0x00,
  0x00, 0x00, 0x00, 0x00, 0x00, 0x00, 0x00, 0x00, 0x00, 0x00, 0x00, 0x00, 0x00, 0x00, 0x00, 0x00,
  0x00, 0x00, 0x00, 0x00, 0x00, 0x00, 0x00, 0x00, 0x00, 0x00, 0x00, 0x00, 0x00, 0x00, 0x00, 0x00,
  0x00, 0x00, 0x00, 0x00, 0x00, 0x00, 0x00, 0x00, 0x00, 0x00, 0x00, 0x00, 0x00, 0x00, 0x00, 0x00,
  0x00, 0x00, 0x00, 0x00, 0x00, 0x00, 0x00, 0x00, 0x00, 0x00, 0x00, 0x00, 0x00, 0x00, 0x00, 0x00,
  0x00, 0x00, 0x00, 0x00, 0x00, 0x00, 0x00, 0x00, 0x00, 0x00, 0x00, 0x00, 0x00, 0x00, 0x00, 0x00,
  0x00, 0x00, 0x00, 0x00, 0x00, 0x00, 0x00, 0x00, 0x00, 0x00, 0x00, 0x00, 0x00, 0x00, 0x00, 0x00,
  0x00, 0x00, 0x00, 0x00, 0x00, 0x00, 0x00, 0x00, 0x00, 0x00, 0x00, 0x00, 0x00, 0x00, 0x00, 0x00,
  0x00, 0x00, 0x00, 0x00, 0x00, 0x00, 0x00, 0x00, 0x00, 0x00, 0x00, 0x00, 0x00, 0x00, 0x00, 0x00,
  0x00, 0x00, 0x00, 0x00, 0x00, 0x00, 0x00, 0x00, 0x00, 0x00, 0x00, 0x00, 0x00, 0x00, 0x00, 0x00,
  0x00, 0x00, 0x00, 0x00, 0x00, 0x00, 0x00, 0x00, 0x00, 0x00, 0x00, 0x00, 0x00, 0x00, 0x00, 0x00,
  0x00, 0x00, 0x00, 0x00, 0x00, 0x00, 0x00, 0x00, 0x00, 0x00, 0x00, 0x00, 0x00, 0x00, 0x00, 0x00,
  0x00, 0x00, 0x00, 0x00, 0x00, 0x00, 0x00, 0x00, 0x00, 0x00, 0x00, 0x00, 0x00, 0x00, 0x00, 0x00,
  0x00, 0x00, 0x00, 0x00, 0x00, 0x00, 0x00, 0x00, 0x00, 0x00, 0x00, 0x00, 0x00, 0x00, 0x00, 0x00,
  0x00, 0x00, 0x00, 0x00, 0x00, 0x00, 0x00, 0x00, 0x00, 0x00, 0x00, 0x00, 0x00, 0x00, 0x00, 0x00,
  0x00, 0x00, 0x00, 0x00, 0x00, 0x00, 0x00, 0x00, 0x00, 0x00, 0x00, 0x00, 0x00, 0x00, 0x00, 0x00,
  0x00, 0x00, 0x00, 0x00, 0x00, 0x00, 0x00, 0x00, 0x00, 0x00, 0x00, 0x00, 0x00, 0x00, 0x00, 0x00,
  0x00, 0x00, 0x00, 0x00, 0x00, 0x00, 0x00, 0x00, 0x00, 0x00, 0x00, 0x00, 0x00, 0x00, 0x00, 0x00,
  0x00, 0x00, 0x00, 0x00, 0x00, 0x00, 0x00, 0x00, 0x00, 0x00, 0x00, 0x00, 0x00, 0x00, 0x00, 0x00,
  0x00, 0x00, 0x00, 0x00, 0x00, 0x00, 0x00, 0x00, 0x00, 0x00, 0x00, 0x00, 0x00, 0x00, 0x00, 0x00,
  0x00, 0x00, 0x00, 0x00, 0x00, 0x00, 0x00, 0x00, 0x00, 0x00, 0x00, 0x00, 0x00, 0x00, 0x00, 0x00,
  0x00, 0x00, 0x00, 0x00, 0x00, 0x00, 0x00, 0x00, 0x00, 0x00, 0x00, 0x00, 0x00, 0x00, 0x00, 0x00,
  0x00, 0x00, 0x00, 0x00, 0x00, 0x00, 0x00, 0x00, 0x00, 0x00, 0x00, 0x00, 0x00, 0x00, 0x00, 0x00,
  0x00, 0x00, 0x00, 0x00, 0x00, 0x00, 0x00, 0x00, 0x00, 0x00, 0x00, 0x00, 0x00, 0x00, 0x00, 0x00,
  0x00, 0x00, 0x00, 0x00, 0x00, 0x00, 0x00, 0x00, 0x00, 0x00, 0x00, 0x00, 0x00, 0x00, 0x00, 0x00,
  0x00, 0x00, 0x00, 0x00, 0x00, 0x00, 0x00, 0x00, 0x00, 0x00, 0x00, 0x00, 0x00, 0x00, 0x00, 0x00,
  0x00, 0x00, 0x00, 0x00, 0x00, 0x00, 0x00, 0x00, 0x00, 0x00, 0x00, 0x00, 0x00, 0x00, 0x00, 0x00,
  0x00, 0x00, 0x00, 0x00, 0x00, 0x00, 0x00, 0x00, 0x00, 0x00, 0x00, 0x00, 0x00, 0x00, 0x00, 0x00,
  0x00, 0x00, 0x00, 0x00, 0x00, 0x00, 0x00, 0x00, 0x00, 0x00, 0x00, 0x00, 0x00, 0x00, 0x00, 0x00,
  0x00, 0x00, 0x00, 0x00, 0x00, 0x00, 0x00, 0x00, 0x00, 0x00, 0x00, 0x00, 0x00, 0x00, 0x00, 0x00,
  0x00, 0x00, 0x00, 0x00, 0x00, 0x00, 0x00, 0x00, 0x00, 0x00, 0x00, 0x00, 0x00, 0x00, 0x00, 0x00,
  0x00, 0x00, 0x00, 0x00, 0x00, 0x00, 0x00, 0x00, 0x00, 0x00, 0x00, 0x00, 0x00, 0x00, 0x00, 0x00,
  0x00, 0x00, 0x00, 0x00, 0x00, 0x00, 0x00, 0x00, 0x00, 0x00, 0x00, 0x00, 0x00, 0x00, 0x00, 0x00,
  0x00, 0x00, 0x00, 0x00, 0x00, 0x00, 0x00, 0x00, 0x00, 0x00, 0x00, 0x00, 0x00, 0x00, 0x00, 0x00,
  0x00, 0x00, 0x00, 0x00, 0x00, 0x00, 0x00, 0x00, 0x00, 0x00, 0x00, 0x00, 0x00, 0x00, 0x00, 0x00,
  0x00, 0x00, 0x00, 0x00, 0x00, 0x00, 0x00, 0xd1, 0x05, 0x27, 0xd1, 0x25, 0xaf, 0xd1, 0x05, 0xf2,
  0xd1, 0x05, 0xff, 0xd1, 0x05, 0xff, 0xd1, 0x05, 0xff, 0xd1, 0x05, 0xff, 0xd1, 0x05, 0xff, 0xd1,
  0x05, 0xff, 0xd1, 0x05, 0xff, 0xd1, 0x05, 0xff, 0xd1, 0x05, 0xff, 0xd1, 0x05, 0xff, 0xd1, 0x05,
  0xff, 0xd1, 0x05, 0xff, 0xd1, 0x05, 0xff, 0xd1, 0x05, 0xff, 0xd1, 0x05, 0xff, 0xd1, 0x05, 0xff,
  0xd1, 0x05, 0xff, 0xd1, 0x05, 0xff, 0xd1, 0x05, 0xff, 0xd1, 0x05, 0xff, 0xd1, 0x05, 0xff, 0xd1,
  0x05, 0xff, 0xd1, 0x05, 0xff, 0xd1, 0x05, 0xff, 0xd1, 0x05, 0xff, 0xd1, 0x05, 0xff, 0xd1, 0x05,
  0xff, 0xd1, 0x05, 0xff, 0xd1, 0x05, 0xff, 0xd1, 0x05, 0xff, 0xd1, 0x05, 0xff, 0xd1, 0x05, 0xff,
  0xd1, 0x05, 0xf2, 0xd1, 0x25, 0xae, 0xd1, 0x25, 0x25, 0x00, 0x00, 0x00, 0x00, 0x00, 0x00, 0x00,
  0x00, 0x00, 0x00, 0x00, 0x00, 0x00, 0x00, 0x00, 0x00, 0x00, 0x00, 0x00, 0x00, 0x00, 0x00, 0x00,
  0x00, 0x00, 0x00, 0x00, 0x00, 0x00, 0x00, 0x00, 0x00, 0x00, 0x00, 0x00, 0x00, 0x00, 0x00, 0x00,
  0x00, 0x00, 0x00, 0x00, 0x00, 0x00, 0x00, 0x00, 0x00, 0x00, 0x00, 0x00, 0x00, 0x00, 0x00, 0x00,
  0x00, 0x00, 0x00, 0x00, 0x00, 0x00, 0x00, 0x00, 0x00, 0x00, 0x00, 0x00, 0x00, 0x00, 0x00, 0x00,
  0x00, 0x00, 0x00, 0x00, 0xd1, 0x25, 0x2c, 0xd1, 0x05, 0xed, 0xd1, 0x05, 0xff, 0xd1, 0x05, 0xff,
  0xd1, 0x05, 0xff, 0xd1, 0x05, 0xff, 0xd1, 0x05, 0xff, 0xd1, 0x05, 0xff, 0xd1, 0x05, 0xff, 0xd1,
  0x05, 0xff, 0xd1, 0x05, 0xff, 0xd1, 0x05, 0xff, 0xd1, 0x05, 0xff, 0xd1, 0x05, 0xff, 0xd1, 0x05,
  0xff, 0xd1, 0x05, 0xff, 0xd1, 0x05, 0xff, 0xd1, 0x05, 0xff, 0xd1, 0x05, 0xff, 0xd1, 0x05, 0xff,
  0xd1, 0x05, 0xff, 0xd1, 0x05, 0xff, 0xd1, 0x05, 0xff, 0xd1, 0x05, 0xff, 0xd1, 0x05, 0xff, 0xd1,
  0x05, 0xff, 0xd1, 0x05, 0xff, 0xd1, 0x05, 0xff, 0xd1, 0x05, 0xff, 0xd1, 0x05, 0xff, 0xd1, 0x05,
  0xff, 0xd1, 0x05, 0xff, 0xd1, 0x05, 0xff, 0xd1, 0x05, 0xff, 0xd1, 0x05, 0xff, 0xd1, 0x05, 0xff,
  0xd1, 0x05, 0xff, 0xd1, 0x05, 0xff, 0xd1, 0x05, 0xeb, 0xd1, 0x05, 0x28, 0x00, 0x00, 0x00, 0x00,
  0x00, 0x00, 0x00, 0x00, 0x00, 0x00, 0x00, 0x00, 0x00, 0x00, 0x00, 0x00, 0x00, 0x00, 0x00, 0x00,
  0x00, 0x00, 0x00, 0x00, 0x00, 0x00, 0x00, 0x00, 0x00, 0x00, 0x00, 0x00, 0x00, 0x00, 0x00, 0x00,
  0x00, 0x00, 0x00, 0x00, 0x00, 0x00, 0x00, 0x00, 0x00, 0x00, 0x00, 0x00, 0x00, 0x00, 0x00, 0x00,
  0x00, 0x00, 0x00, 0x00, 0x00, 0x00, 0x00, 0x00, 0x00, 0x00, 0x00, 0x00, 0x00, 0x00, 0x00, 0x00,
  0x00, 0xd1, 0x45, 0x14, 0xd1, 0x05, 0xde, 0xd1, 0x05, 0xff, 0xd1, 0x05, 0xff, 0xd1, 0x25, 0xe4,
  0xd1, 0x05, 0xaa, 0xd1, 0x05, 0xaa, 0xd1, 0x05, 0xaa, 0xd1, 0x05, 0xaa, 0xd1, 0x05, 0xaa, 0xd1,
  0x05, 0xaa, 0xd1, 0x05, 0xaa, 0xd1, 0x05, 0xaa, 0xd1, 0x05, 0xaa, 0xd1, 0x05, 0xaa, 0xd1, 0x05,
  0xaa, 0xd1, 0x05, 0xaa, 0xd1, 0x05, 0xaa, 0xd1, 0x05, 0xaa, 0xd1, 0x05, 0xaa, 0xd1, 0x05, 0xaa,
  0xd1, 0x05, 0xaa, 0xd1, 0x05, 0xaa, 0xd1, 0x05, 0xaa, 0xd1, 0x05, 0xaa, 0xd1, 0x05, 0xaa, 0xd1,
  0x05, 0xaa, 0xd1, 0x05, 0xaa, 0xd1, 0x05, 0xaa, 0xd1, 0x05, 0xaa, 0xd1, 0x05, 0xaa, 0xd1, 0x05,
  0xaa, 0xd1, 0x05, 0xaa, 0xd1, 0x05, 0xaa, 0xd1, 0x05, 0xaa, 0xd1, 0x05, 0xaa, 0xd1, 0x25, 0xaf,
  0xd1, 0x05, 0xfd, 0xd1, 0x05, 0xff, 0xd1, 0x05, 0xff, 0xd1, 0x05, 0xda, 0xd1, 0x06, 0x11, 0x00,
  0x00, 0x00, 0x00, 0x00, 0x00, 0x00, 0x00, 0x00, 0x00, 0x00, 0x00, 0x00, 0x00, 0x00, 0x00, 0x00,
  0x00, 0x00, 0x00, 0x00, 0x00, 0x00, 0x00, 0x00, 0x00, 0x00, 0x00, 0x00, 0x00, 0x00, 0x00, 0x00,
  0x00, 0x00, 0x00, 0x00, 0x00, 0x00, 0x00, 0x00, 0x00, 0x00, 0x00, 0x00, 0x00, 0x00, 0x00, 0x00,
  0x00, 0x00, 0x00, 0x00, 0x00, 0x00, 0x00, 0x00, 0x00, 0x00, 0x00, 0x00, 0x00, 0x00, 0xd1, 0xa6,
  0x05, 0xd1, 0x05, 0xbd, 0xd1, 0x05, 0xff, 0xd1, 0x05, 0xff, 0xd1, 0x05, 0xf6, 0xd1, 0x05, 0x32,
  0x00, 0x00, 0x00, 0x00, 0x00, 0x00, 0x00, 0x00, 0x00, 0x00, 0x00, 0x00, 0x00, 0x00, 0x00, 0x00,
  0x00, 0x00, 0x00, 0x00, 0x00, 0x00, 0x00, 0x00, 0x00, 0x00, 0x00, 0x00, 0x00, 0x00, 0x00, 0x00,
  0x00, 0x00, 0x00, 0x00, 0x00, 0x00, 0x00, 0x00, 0x00, 0x00, 0x00, 0x00, 0x00, 0x00, 0x00, 0x00,
  0x00, 0x00, 0x00, 0x00, 0x00, 0x00, 0x00, 0x00, 0x00, 0x00, 0x00, 0x00, 0x00, 0x00, 0x00, 0x00,
  0x00, 0x00, 0x00, 0x00, 0x00, 0x00, 0x00, 0x00, 0x00, 0x00, 0x00, 0x00, 0x00, 0x00, 0x00, 0x00,
  0x00, 0x00, 0x00, 0x00, 0x00, 0x00, 0x00, 0x00, 0x00, 0x00, 0x00, 0x00, 0x00, 0x00, 0x00, 0x00,
  0xd1, 0x25, 0x61, 0xd1, 0x05, 0xfe, 0xd1, 0x05, 0xff, 0xd1, 0x05, 0xff, 0xd1, 0x05, 0xbb, 0xc2,
  0x08, 0x04, 0x00, 0x00, 0x00, 0x00, 0x00, 0x00, 0x00, 0x00, 0x00, 0x00, 0x00, 0x00, 0x00, 0x00,
  0x00, 0x00, 0x00, 0x00, 0x00, 0x00, 0x00, 0x00, 0x00, 0x00, 0x00, 0x00, 0x00, 0x00, 0x00, 0x00,
  0x00, 0x00, 0x00, 0x00, 0x00, 0x00, 0x00, 0x00, 0x00, 0x00, 0x00, 0x00, 0x00, 0x00, 0x00, 0x00,
  0x00, 0x00, 0x00, 0x00, 0x00, 0x00, 0x00, 0x00, 0x00, 0x00, 0x00, 0x00, 0x00, 0x00, 0xd1, 0x05,
  0x96, 0xd1, 0x05, 0xff, 0xd1, 0x05, 0xff, 0xd1, 0x05, 0xfe, 0xd1, 0x05, 0x57, 0x00, 0x00, 0x00,
  0x00, 0x00, 0x00, 0x00, 0x00, 0x00, 0x00, 0x00, 0x00, 0x00, 0x00, 0x00, 0x00, 0x00, 0x00, 0x00,
  0x00, 0x00, 0x00, 0x00, 0x00, 0x00, 0x00, 0x00, 0x00, 0x00, 0x00, 0x00, 0x00, 0x00, 0x00, 0x00,
  0x00, 0x00, 0x00, 0x00, 0x00, 0x00, 0x00, 0x00, 0x00, 0x00, 0x00, 0x00, 0x00, 0x00, 0x00, 0x00,
  0x00, 0x00, 0x00, 0x00, 0x00, 0x00, 0x00, 0x00, 0x00, 0x00, 0x00, 0x00, 0x00, 0x00, 0x00, 0x00,
  0x00, 0x00, 0x00, 0x00, 0x00, 0x00, 0x00, 0x00, 0x00, 0x00, 0x00, 0x00, 0x00, 0x00, 0x00, 0x00,
  0x00, 0x00, 0x00, 0x00, 0x00, 0x00, 0x00, 0x00, 0x00, 0x00, 0x00, 0x00, 0x00, 0x00, 0x00, 0x00,
  0x00, 0x00, 0x00, 0xd1, 0x05, 0x6f, 0xd1, 0x05, 0xff, 0xd1, 0x05, 0xff, 0xd1, 0x05, 0xff, 0xd1,
  0x05, 0x92, 0x00, 0x00, 0x00, 0x00, 0x00, 0x00, 0x00, 0x00, 0x00, 0x00, 0x00, 0x00, 0x00, 0x00,
  0x00, 0x00, 0x00, 0x00, 0x00, 0x00, 0x00, 0x00, 0x00, 0x00, 0x00, 0x00, 0x00, 0x00, 0x00, 0x00,
  0x00, 0x00, 0x00, 0x00, 0x00, 0x00, 0x00, 0x00, 0x00, 0x00, 0x00, 0x00, 0x00, 0x00, 0x00, 0x00,
  0x00, 0x00, 0x00, 0x00, 0x00, 0x00, 0x00, 0x00, 0x00, 0x00, 0x00, 0xd1, 0x05, 0x68, 0xd1, 0x05,
  0xff, 0xd1, 0x05, 0xff, 0xd1, 0x05, 0xff, 0xd1, 0x05, 0xed, 0xd1, 0x05, 0xaa, 0xd1, 0x05, 0xaa,
  0xd1, 0x05, 0xaa, 0xd1, 0x05, 0xaa, 0xd1, 0x05, 0xaa, 0xd1, 0x05, 0xaa, 0xd1, 0x05, 0xaa, 0xd1,
  0x05, 0xaa, 0xd1, 0x05, 0xaa, 0xd1, 0x05, 0xaa, 0xd1, 0x05, 0xaa, 0xd1, 0x05, 0xaa, 0xd1, 0x05,
  0xaa, 0xd1, 0x05, 0xaa, 0xd1, 0x05, 0xaa, 0xd1, 0x05, 0xaa, 0xd1, 0x05, 0xaa, 0xd1, 0x05, 0xaa,
  0xd1, 0x05, 0xaa, 0xd1, 0x05, 0xaa, 0xd1, 0x05, 0xaa, 0xd1, 0x05, 0xaa, 0xd1, 0x05, 0xaa, 0xd1,
  0x05, 0xaa, 0xd1, 0x05, 0xaa, 0xd1, 0x05, 0xaa, 0xd1, 0x05, 0xaa, 0xd1, 0x05, 0xaa, 0xd1, 0x05,
  0xaa, 0xd1, 0x05, 0xaa, 0xd1, 0x05, 0xaa, 0xd1, 0x05, 0xaa, 0xd1, 0x05, 0xaa, 0xd1, 0x05, 0xaa,
  0xd1, 0x05, 0xaa, 0xd1, 0x05, 0xaa, 0xd1, 0x05, 0xf1, 0xd1, 0x05, 0xff, 0xd1, 0x05, 0xff, 0xd1,
  0x05, 0xff, 0xd1, 0x05, 0x67, 0x00, 0x00, 0x00, 0x00, 0x00, 0x00, 0x00, 0x00, 0x00, 0x00, 0x00,
  0x00, 0x00, 0x00, 0x00, 0x00, 0x00, 0x00, 0x00, 0x00, 0x00, 0x00, 0x00, 0x00, 0x00, 0x00, 0x00,
  0x00, 0x00, 0x00, 0x00, 0x00, 0x00, 0x00, 0x00, 0x00, 0x00, 0x00, 0x00, 0x00, 0x00, 0x00, 0x00,
  0x00, 0x00, 0x00, 0x00, 0x00, 0x00, 0x00, 0x00, 0xd1, 0x05, 0x2f, 0xd1, 0x05, 0xf9, 0xd1, 0x05,
  0xff, 0xd1, 0x05, 0xff, 0xd1, 0x05, 0xff, 0xd1, 0x05, 0xff, 0xd1, 0x05, 0xff, 0xd1, 0x05, 0xff,
  0xd1, 0x05, 0xff, 0xd1, 0x05, 0xff, 0xd1, 0x05, 0xff, 0xd1, 0x05, 0xff, 0xd1, 0x05, 0xff, 0xd1,
  0x05, 0xff, 0xd1, 0x05, 0xff, 0xd1, 0x05, 0xff, 0xd1, 0x05, 0xff, 0xd1, 0x05, 0xff, 0xd1, 0x05,
  0xff, 0xd1, 0x05, 0xff, 0xd1, 0x05, 0xff, 0xd1, 0x05, 0xff, 0xd1, 0x05, 0xff, 0xd1, 0x05, 0xff,
  0xd1, 0x05, 0xff, 0xd1, 0x05, 0xff, 0xd1, 0x05, 0xff, 0xd1, 0x05, 0xff, 0xd1, 0x05, 0xff, 0xd1,
  0x05, 0xff, 0xd1, 0x05, 0xff, 0xd1, 0x05, 0xff, 0xd1, 0x05, 0xff, 0xd1, 0x05, 0xff, 0xd1, 0x05,
  0xff, 0xd1, 0x05, 0xff, 0xd1, 0x05, 0xff, 0xd1, 0x05, 0xff, 0xd1, 0x05, 0xff, 0xd1, 0x05, 0xff,
  0xd1, 0x05, 0xff, 0xd1, 0x05, 0xff, 0xd1, 0x05, 0xff, 0xd1, 0x05, 0xff, 0xd1, 0x05, 0xff, 0xd1,
  0x05, 0xff, 0xd1, 0x05, 0xf9, 0xd1, 0x05, 0x2e, 0x00, 0x00, 0x00, 0x00, 0x00, 0x00, 0x00, 0x00,
  0x00, 0x00, 0x00, 0x00, 0x00, 0x00, 0x00, 0x00, 0x00, 0x00, 0x00, 0x00, 0x00, 0x00, 0x00, 0x00,
  0x00, 0x00, 0x00, 0x00, 0x00, 0x00, 0x00, 0x00, 0x00, 0x00, 0x00, 0x00, 0x00, 0x00, 0x00, 0x00,
  0x00, 0x00, 0x00, 0x00, 0x00, 0x00, 0x00, 0x00, 0xd1, 0x05, 0xa9, 0xd1, 0x05, 0xff, 0xd1, 0x05,
  0xff, 0xd1, 0x05, 0xff, 0xd1, 0x05, 0xff, 0xd1, 0x05, 0xff, 0xd1, 0x05, 0xff, 0xd1, 0x05, 0xff,
  0xd1, 0x05, 0xff, 0xd1, 0x05, 0xff, 0xd1, 0x05, 0xff, 0xd1, 0x05, 0xff, 0xd1, 0x05, 0xff, 0xd1,
  0x05, 0xff, 0xd1, 0x05, 0xff, 0xd1, 0x05, 0xff, 0xd1, 0x05, 0xff, 0xd1, 0x05, 0xff, 0xd1, 0x05,
  0xff, 0xd1, 0x05, 0xff, 0xd1, 0x05, 0xff, 0xd1, 0x05, 0xff, 0xd1, 0x05, 0xff, 0xd1, 0x05, 0xff,
  0xd1, 0x05, 0xff, 0xd1, 0x05, 0xff, 0xd1, 0x05, 0xff, 0xd1, 0x05, 0xff, 0xd1, 0x05, 0xff, 0xd1,
  0x05, 0xff, 0xd1, 0x05, 0xff, 0xd1, 0x05, 0xff, 0xd1, 0x05, 0xff, 0xd1, 0x05, 0xff, 0xd1, 0x05,
  0xff, 0xd1, 0x05, 0xff, 0xd1, 0x05, 0xff, 0xd1, 0x05, 0xff, 0xd1, 0x05, 0xff, 0xd1, 0x05, 0xff,
  0xd1, 0x05, 0xff, 0xd1, 0x05, 0xff, 0xd1, 0x05, 0xff, 0xd1, 0x05, 0xff, 0xd1, 0x05, 0xff, 0xd1,
  0x05, 0xff, 0xd1, 0x05, 0xff, 0xd1, 0x05, 0xa8, 0x00, 0x00, 0x00, 0x00, 0x00, 0x00, 0x00, 0x00,
  0x00, 0x00, 0x00, 0x00, 0x00, 0x00, 0x00, 0x00, 0x00, 0x00, 0x00, 0x00, 0x00, 0x00, 0x00, 0x00,
  0x00, 0x00, 0x00, 0x00, 0x00, 0x00, 0x00, 0x00, 0x00, 0x00, 0x00, 0x00, 0x00, 0x00, 0x00, 0x00,
  0x00, 0x00, 0x00, 0x00, 0x00, 0x00, 0x00, 0x00, 0xd1, 0x05, 0xeb, 0xd1, 0x05, 0xff, 0xd1, 0x05,
  0xff, 0xd1, 0x05, 0xff, 0xd1, 0x05, 0xff, 0xd1, 0x05, 0xff, 0xd1, 0x05, 0xff, 0xd1, 0x05, 0xff,
  0xd1, 0x05, 0xff, 0xd1, 0x05, 0xff, 0xd1, 0x05, 0xff, 0xd1, 0x05, 0xff, 0xd1, 0x05, 0xff, 0xd1,
  0x05, 0xff, 0xd1, 0x05, 0xff, 0xd1, 0x05, 0xff, 0xd1, 0x05, 0xff, 0xd1, 0x05, 0xff, 0xd1, 0x05,
  0xff, 0xd1, 0x05, 0xff, 0xd1, 0x05, 0xff, 0xd1, 0x05, 0xff, 0xd1, 0x05, 0xff, 0xd1, 0x05, 0xff,
  0xd1, 0x05, 0xff, 0xd1, 0x05, 0xff, 0xd1, 0x05, 0xff, 0xd1, 0x05, 0xff, 0xd1, 0x05, 0xff, 0xd1,
  0x05, 0xff, 0xd1, 0x05, 0xff, 0xd1, 0x05, 0xff, 0xd1, 0x05, 0xff, 0xd1, 0x05, 0xff, 0xd1, 0x05,
  0xff, 0xd1, 0x05, 0xff, 0xd1, 0x05, 0xff, 0xd1, 0x05, 0xff, 0xd1, 0x05, 0xff, 0xd1, 0x05, 0xff,
  0xd1, 0x05, 0xff, 0xd1, 0x05, 0xff, 0xd1, 0x05, 0xff, 0xd1, 0x05, 0xff, 0xd1, 0x05, 0xff, 0xd1,
  0x05, 0xff, 0xd1, 0x05, 0xff, 0xd1, 0x05, 0xe9, 0x00, 0x00, 0x00, 0x00, 0x00, 0x00, 0x00, 0x00,
  0x00, 0x00, 0x00, 0x00, 0x00, 0x00, 0x00, 0x00, 0x00, 0x00, 0x00, 0x00, 0x00, 0x00, 0x00, 0x00,
  0x00, 0x00, 0x00, 0x00, 0x00, 0x00, 0x00, 0x00, 0x00, 0x00, 0x00, 0x00, 0x00, 0x00, 0x00, 0x00,
  0x00, 0x00, 0x00, 0x00, 0x00, 0x00, 0x00, 0x00, 0xd1, 0x05, 0xfe, 0xd1, 0x05, 0xff, 0xd1, 0x05,
  0xff, 0xd1, 0x05, 0xff, 0xd1, 0x05, 0xff, 0xd1, 0x05, 0xff, 0xd1, 0x05, 0xff, 0xd1, 0x05, 0xff,
  0xd1, 0x05, 0xff, 0xd1, 0x05, 0xff, 0xd1, 0x05, 0xff, 0xd1, 0x05, 0xff, 0xd1, 0x05, 0xff, 0xd1,
  0x05, 0xff, 0xd1, 0x05, 0xff, 0xd1, 0x05, 0xff, 0xd1, 0x05, 0xff, 0xd1, 0x05, 0xff, 0xd1, 0x05,
  0xff, 0xd1, 0x05, 0xff, 0xd1, 0x05, 0xff, 0xd1, 0x05, 0xff, 0xd1, 0x05, 0xff, 0xd1, 0x05, 0xff,
  0xd1, 0x05, 0xff, 0xd1, 0x05, 0xff, 0xd1, 0x05, 0xff, 0xd1, 0x05, 0xff, 0xd1, 0x05, 0xff, 0xd1,
  0x05, 0xff, 0xd1, 0x05, 0xff, 0xd1, 0x05, 0xff, 0xd1, 0x05, 0xff, 0xd1, 0x05, 0xff, 0xd1, 0x05,
  0xff, 0xd1, 0x05, 0xff, 0xd1, 0x05, 0xff, 0xd1, 0x05, 0xff, 0xd1, 0x05, 0xff, 0xd1, 0x05, 0xff,
  0xd1, 0x05, 0xff, 0xd1, 0x05, 0xff, 0xd1, 0x05, 0xff, 0xd1, 0x05, 0xff, 0xd1, 0x05, 0xff, 0xd1,
  0x05, 0xff, 0xd1, 0x05, 0xff, 0xd1, 0x05, 0xfe, 0x00, 0x00, 0x00, 0x00, 0x00, 0x00, 0x00, 0x00,
  0x00, 0x00, 0x00, 0x00, 0x00, 0x00, 0x00, 0x00, 0x00, 0x00, 0x00, 0x00, 0x00, 0x00, 0x00, 0x00,
  0x00, 0x00, 0x00, 0x00, 0x00, 0x00, 0x00, 0x00, 0x00, 0x00, 0x00, 0x00, 0x00, 0x00, 0x00, 0x00,
  0x00, 0x00, 0x00, 0x00, 0x00, 0x00, 0x00, 0x00, 0xd1, 0x05, 0xff, 0xd1, 0x05, 0xff, 0xd1, 0x05,
  0xff, 0xd1, 0x05, 0xff, 0xd1, 0x05, 0xff, 0xd1, 0x05, 0xff, 0xd1, 0x05, 0xff, 0xd1, 0x05, 0xff,
  0xd1, 0x05, 0xff, 0xd1, 0x05, 0xff, 0xd1, 0x05, 0xff, 0xd1, 0x05, 0xff, 0xd1, 0x05, 0xff, 0xd1,
  0x05, 0xff, 0xd1, 0x05, 0xff, 0xd1, 0x05, 0xff, 0xd1, 0x05, 0xff, 0xd1, 0x05, 0xff, 0xd1, 0x05,
  0xff, 0xd1, 0x05, 0xff, 0xd1, 0x05, 0xff, 0xd1, 0x05, 0xff, 0xd1, 0x05, 0xff, 0xd1, 0x05, 0xff,
  0xd1, 0x05, 0xff, 0xd1, 0x05, 0xff, 0xd1, 0x05, 0xff, 0xd1, 0x05, 0xff, 0xd1, 0x05, 0xff, 0xd1,
  0x05, 0xff, 0xd1, 0x05, 0xff, 0xd1, 0x05, 0xff, 0xd1, 0x05, 0xff, 0xd1, 0x05, 0xff, 0xd1, 0x05,
  0xff, 0xd1, 0x05, 0xff, 0xd1, 0x05, 0xff, 0xd1, 0x05, 0xff, 0xd1, 0x05, 0xff, 0xd1, 0x05, 0xff,
  0xd1, 0x05, 0xff, 0xd1, 0x05, 0xff, 0xd1, 0x05, 0xff, 0xd1, 0x05, 0xff, 0xd1, 0x05, 0xff, 0xd1,
  0x05, 0xff, 0xd1, 0x05, 0xff, 0xd1, 0x05, 0xff, 0x00, 0x00, 0x00, 0x00, 0x00, 0x00, 0x00, 0x00,
  0x00, 0x00, 0x00, 0x00, 0x00, 0x00, 0x00, 0x00, 0x00, 0x00, 0x00, 0x00, 0x00, 0x00, 0x00, 0x00,
  0x00, 0x00, 0x00, 0x00, 0x00, 0x00, 0x00, 0x00, 0x00, 0x00, 0x00, 0x00, 0x00, 0x00, 0x00, 0x00,
  0x00, 0x00, 0x00, 0x00, 0x00, 0x00, 0x00, 0x00, 0xd1, 0x05, 0xff, 0xd1, 0x05, 0xff, 0xd1, 0x05,
  0xff, 0xd1, 0x05, 0xff, 0xd1, 0x05, 0xff, 0xd1, 0x05, 0xff, 0xd1, 0x05, 0xff, 0xd1, 0x05, 0xff,
  0xd1, 0x05, 0xff, 0xd1, 0x05, 0xff, 0xd1, 0x05, 0xff, 0xd1, 0x05, 0xff, 0xd1, 0x05, 0xff, 0xd1,
  0x05, 0xff, 0xd1, 0x05, 0xff, 0xd1, 0x05, 0xff, 0xd1, 0x05, 0xff, 0xd1, 0x05, 0xff, 0xd1, 0x05,
  0xff, 0xd1, 0x05, 0xff, 0xd1, 0x05, 0xff, 0xd1, 0x05, 0xff, 0xd1, 0x05, 0xff, 0xd1, 0x05, 0xff,
  0xd1, 0x05, 0xff, 0xd1, 0x05, 0xff, 0xd1, 0x05, 0xff, 0xd1, 0x05, 0xff, 0xd1, 0x05, 0xff, 0xd1,
  0x05, 0xff, 0xd1, 0x05, 0xff, 0xd1, 0x05, 0xff, 0xd1, 0x05, 0xff, 0xd1, 0x05, 0xff, 0xd1, 0x05,
  0xff, 0xd1, 0x05, 0xff, 0xd1, 0x05, 0xff, 0xd1, 0x05, 0xff, 0xd1, 0x05, 0xff, 0xd1, 0x05, 0xff,
  0xd1, 0x05, 0xff, 0xd1, 0x05, 0xff, 0xd1, 0x05, 0xff, 0xd1, 0x05, 0xff, 0xd1, 0x05, 0xff, 0xd1,
  0x05, 0xff, 0xd1, 0x05, 0xff, 0xd1, 0x05, 0xff, 0x00, 0x00, 0x00, 0x00, 0x00, 0x00, 0x00, 0x00,
  0x00, 0x00, 0x00, 0x00, 0x00, 0x00, 0x00, 0x00, 0x00, 0x00, 0x00, 0x00, 0x00, 0x00, 0x00, 0x00,
  0x00, 0x00, 0x00, 0x00, 0x00, 0x00, 0x00, 0x00, 0x00, 0x00, 0x00, 0x00, 0x00, 0x00, 0x00, 0x00,
  0x00, 0x00, 0x00, 0x00, 0x00, 0x00, 0x00, 0x00, 0xd1, 0x05, 0xff, 0xd1, 0x05, 0xff, 0xd1, 0x05,
  0xff, 0xd1, 0x05, 0xff, 0xd1, 0x05, 0xff, 0xd1, 0x05, 0xff, 0xd1, 0x05, 0xff, 0xd1, 0x05, 0xff,
  0xd1, 0x05, 0xff, 0xd1, 0x05, 0xff, 0xd1, 0x05, 0xff, 0xd1, 0x05, 0xff, 0xd1, 0x05, 0xff, 0xd1,
  0x05, 0xff, 0xd1, 0x05, 0xff, 0xd1, 0x05, 0xff, 0xd1, 0x05, 0xff, 0xd1, 0x05, 0xff, 0xd1, 0x05,
  0xff, 0xd1, 0x05, 0xff, 0xd1, 0x05, 0xff, 0xd1, 0x05, 0xff, 0xd1, 0x05, 0xff, 0xd1, 0x05, 0xff,
  0xd1, 0x05, 0xff, 0xd1, 0x05, 0xff, 0xd1, 0x05, 0xff, 0xd1, 0x05, 0xff, 0xd1, 0x05, 0xff, 0xd1,
  0x05, 0xff, 0xd1, 0x05, 0xff, 0xd1, 0x05, 0xff, 0xd1, 0x05, 0xff, 0xd1, 0x05, 0xff, 0xd1, 0x05,
  0xff, 0xd1, 0x05, 0xff, 0xd1, 0x05, 0xff, 0xd1, 0x05, 0xff, 0xd1, 0x05, 0xff, 0xd1, 0x05, 0xff,
  0xd1, 0x05, 0xff, 0xd1, 0x05, 0xff, 0xd1, 0x05, 0xff, 0xd1, 0x05, 0xff, 0xd1, 0x05, 0xff, 0xd1,
  0x05, 0xff, 0xd1, 0x05, 0xff, 0xd1, 0x05, 0xff, 0x00, 0x00, 0x00, 0x00, 0x00, 0x00, 0x00, 0x00,
  0x00, 0x00, 0x00, 0x00, 0x00, 0x00, 0x00, 0x00, 0x00, 0x00, 0x00, 0x00, 0x00, 0x00, 0x00, 0x00,
  0x00, 0x00, 0x00, 0x00, 0x00, 0x00, 0x00, 0x00, 0x00, 0x00, 0x00, 0x00, 0x00, 0x00, 0x00, 0x00,
  0x00, 0x00, 0x00, 0x00, 0x00, 0x00, 0x00, 0x00, 0xd1, 0x05, 0xff, 0xd1, 0x05, 0xff, 0xd1, 0x05,
  0xff, 0xd1, 0x05, 0xff, 0xd1, 0x05, 0xff, 0xd1, 0x05, 0xff, 0xd1, 0x05, 0xff, 0xd1, 0x05, 0xff,
  0xd1, 0x05, 0xff, 0xd1, 0x05, 0xff, 0xd1, 0x05, 0xff, 0xd1, 0x05, 0xff, 0xd1, 0x05, 0xff, 0xd1,
  0x05, 0xff, 0xd1, 0x05, 0xff, 0xd1, 0x05, 0xff, 0xd1, 0x05, 0xff, 0xd1, 0x05, 0xff, 0xd1, 0x05,
  0xff, 0xd1, 0x05, 0xff, 0xd1, 0x05, 0xff, 0xd1, 0x05, 0xff, 0xd1, 0x05, 0xff, 0xd1, 0x05, 0xff,
  0xd1, 0x05, 0xff, 0xd1, 0x05, 0xff, 0xd1, 0x05, 0xff, 0xd1, 0x05, 0xff, 0xd1, 0x05, 0xff, 0xd1,
  0x05, 0xff, 0xd1, 0x05, 0xff, 0xd1, 0x05, 0xff, 0xd1, 0x05, 0xff, 0xd1, 0x05, 0xff, 0xd1, 0x05,
  0xff, 0xd1, 0x05, 0xff, 0xd1, 0x05, 0xff, 0xd1, 0x05, 0xff, 0xd1, 0x05, 0xff, 0xd1, 0x05, 0xff,
  0xd1, 0x05, 0xff, 0xd1, 0x05, 0xff, 0xd1, 0x05, 0xff, 0xd1, 0x05, 0xff, 0xd1, 0x05, 0xff, 0xd1,
  0x05, 0xff, 0xd1, 0x05, 0xff, 0xd1, 0x05, 0xff, 0x00, 0x00, 0x00, 0x00, 0x00, 0x00, 0x00, 0x00,
  0x00, 0x00, 0x00, 0x00, 0x00, 0x00, 0x00, 0x00, 0x00, 0x00, 0x00, 0x00, 0x00, 0x00, 0x00, 0x00,
  0x00, 0x00, 0x00, 0x00, 0x00, 0x00, 0x00, 0x00, 0x00, 0x00, 0x00, 0x00, 0x00, 0x00, 0x00, 0x00,
  0x00, 0x00, 0x00, 0x00, 0x00, 0x00, 0x00, 0x00, 0xd1, 0x05, 0xff, 0xd1, 0x05, 0xff, 0xd1, 0x05,
  0xff, 0xd1, 0x05, 0xff, 0xd1, 0x05, 0xff, 0xd1, 0x05, 0xff, 0xd1, 0x05, 0xff, 0xd1, 0x05, 0xff,
  0xd1, 0x05, 0xff, 0xd1, 0x05, 0xff, 0xd1, 0x05, 0xff, 0xd1, 0x05, 0xff, 0xd1, 0x05, 0xff, 0xd1,
  0x05, 0xff, 0xd1, 0x05, 0xff, 0xd1, 0x05, 0xff, 0xd1, 0x05, 0xff, 0xd1, 0x05, 0xff, 0xd1, 0x05,
  0xff, 0xd1, 0x05, 0xff, 0xd1, 0x05, 0xff, 0xd1, 0x05, 0xff, 0xd1, 0x05, 0xff, 0xd1, 0x05, 0xff,
  0xd1, 0x05, 0xff, 0xd1, 0x05, 0xff, 0xd1, 0x05, 0xff, 0xd1, 0x05, 0xff, 0xd1, 0x05, 0xff, 0xd1,
  0x05, 0xff, 0xd1, 0x05, 0xff, 0xd1, 0x05, 0xff, 0xd1, 0x05, 0xff, 0xd1, 0x05, 0xff, 0xd1, 0x05,
  0xff, 0xd1, 0x05, 0xff, 0xd1, 0x05, 0xff, 0xd1, 0x05, 0xff, 0xd1, 0x05, 0xff, 0xd1, 0x05, 0xff,
  0xd1, 0x05, 0xff, 0xd1, 0x05, 0xff, 0xd1, 0x05, 0xff, 0xd1, 0x05, 0xff, 0xd1, 0x05, 0xff, 0xd1,
  0x05, 0xff, 0xd1, 0x05, 0xff, 0xd1, 0x05, 0xff, 0x00, 0x00, 0x00, 0x00, 0x00, 0x00, 0x00, 0x00,
  0x00, 0x00, 0x00, 0x00, 0x00, 0x00, 0x00, 0x00, 0x00, 0x00, 0x00, 0x00, 0x00, 0x00, 0x00, 0x00,
  0x00, 0x00, 0x00, 0x00, 0x00, 0x00, 0x00, 0x00, 0x00, 0x00, 0x00, 0x00, 0x00, 0x00, 0x00, 0x00,
  0x00, 0x00, 0x00, 0x00, 0x00, 0x00, 0x00, 0x00, 0xd1, 0x05, 0xff, 0xd1, 0x05, 0xff, 0xd1, 0x05,
  0xff, 0xd1, 0x05, 0xff, 0xd1, 0x05, 0xff, 0xd1, 0x05, 0xff, 0xd1, 0x05, 0xff, 0xd1, 0x05, 0xff,
  0xd1, 0x05, 0xff, 0xd1, 0x05, 0xff, 0xd1, 0x05, 0xff, 0xd1, 0x05, 0xff, 0xd1, 0x05, 0xff, 0xd1,
  0x05, 0xff, 0xd1, 0x05, 0xff, 0xd1, 0x05, 0xff, 0xd1, 0x05, 0xff, 0xd1, 0x05, 0xff, 0xd1, 0x05,
  0xff, 0xd1, 0x05, 0xff, 0xd1, 0x05, 0xff, 0xd1, 0x05, 0xff, 0xd1, 0x05, 0xff, 0xd1, 0x05, 0xff,
  0xd1, 0x05, 0xff, 0xd1, 0x05, 0xff, 0xd1, 0x05, 0xff, 0xd1, 0x05, 0xff, 0xd1, 0x05, 0xff, 0xd1,
  0x05, 0xff, 0xd1, 0x05, 0xff, 0xd1, 0x05, 0xff, 0xd1, 0x05, 0xff, 0xd1, 0x05, 0xff, 0xd1, 0x05,
  0xff, 0xd1, 0x05, 0xff, 0xd1, 0x05, 0xff, 0xd1, 0x05, 0xff, 0xd1, 0x05, 0xff, 0xd1, 0x05, 0xff,
  0xd1, 0x05, 0xff, 0xd1, 0x05, 0xff, 0xd1, 0x05, 0xff, 0xd1, 0x05, 0xff, 0xd1, 0x05, 0xff, 0xd1,
  0x05, 0xff, 0xd1, 0x05, 0xff, 0xd1, 0x05, 0xff, 0x00, 0x00, 0x00, 0x00, 0x00, 0x00, 0x00, 0x00,
  0x00, 0x00, 0x00, 0x00, 0x00, 0x00, 0x00, 0x00, 0x00, 0x00, 0x00, 0x00, 0x00, 0x00, 0x00, 0x00,
  0x00, 0x00, 0x00, 0x00, 0x00, 0x00, 0x00, 0x00, 0x00, 0x00, 0x00, 0x00, 0x00, 0x00, 0x00, 0x00,
  0x00, 0x00, 0x00, 0x00, 0x00, 0x00, 0x00, 0x00, 0xd1, 0x05, 0xff, 0xd1, 0x05, 0xff, 0xd1, 0x05,
  0xff, 0xd1, 0x05, 0xff, 0xd1, 0x05, 0xff, 0xd1, 0x05, 0xff, 0xd1, 0x05, 0xff, 0xd1, 0x05, 0xff,
  0xd1, 0x05, 0xff, 0xd1, 0x05, 0xff, 0xd1, 0x05, 0xff, 0xd1, 0x05, 0xff, 0xd1, 0x05, 0xff, 0xd1,
  0x05, 0xff, 0xd1, 0x05, 0xff, 0xd1, 0x05, 0xff, 0xd1, 0x05, 0xff, 0xd1, 0x05, 0xff, 0xd1, 0x05,
  0xff, 0xd1, 0x05, 0xff, 0xd1, 0x05, 0xff, 0xd1, 0x05, 0xff, 0xd1, 0x05, 0xff, 0xd1, 0x05, 0xff,
  0xd1, 0x05, 0xff, 0xd1, 0x05, 0xff, 0xd1, 0x05, 0xff, 0xd1, 0x05, 0xff, 0xd1, 0x05, 0xff, 0xd1,
  0x05, 0xff, 0xd1, 0x05, 0xff, 0xd1, 0x05, 0xff, 0xd1, 0x05, 0xff, 0xd1, 0x05, 0xff, 0xd1, 0x05,
  0xff, 0xd1, 0x05, 0xff, 0xd1, 0x05, 0xff, 0xd1, 0x05, 0xff, 0xd1, 0x05, 0xff, 0xd1, 0x05, 0xff,
  0xd1, 0x05, 0xff, 0xd1, 0x05, 0xff, 0xd1, 0x05, 0xff, 0xd1, 0x05, 0xff, 0xd1, 0x05, 0xff, 0xd1,
  0x05, 0xff, 0xd1, 0x05, 0xff, 0xd1, 0x05, 0xff, 0x00, 0x00, 0x00, 0x00, 0x00, 0x00, 0x00, 0x00,
  0x00, 0x00, 0x00, 0x00, 0x00, 0x00, 0x00, 0x00, 0x00, 0x00, 0x00, 0x00, 0x00, 0x00, 0x00, 0x00,
  0x00, 0x00, 0x00, 0x00, 0x00, 0x00, 0x00, 0x00, 0x00, 0x00, 0x00, 0x00, 0x00, 0x00, 0x00, 0x00,
  0x00, 0x00, 0x00, 0x00, 0x00, 0x00, 0x00, 0x00, 0xd1, 0x05, 0xff, 0xd1, 0x05, 0xff, 0xd1, 0x05,
  0xff, 0xd1, 0x05, 0xff, 0xd1, 0x05, 0xff, 0xd1, 0x05, 0xff, 0xd1, 0x05, 0xff, 0xd1, 0x05, 0xff,
  0xd1, 0x05, 0xff, 0xd1, 0x05, 0xff, 0xd1, 0x05, 0xff, 0xd1, 0x05, 0xff, 0xd1, 0x05, 0xff, 0xd1,
  0x05, 0xff, 0xd1, 0x05, 0xff, 0xd1, 0x05, 0xff, 0xd1, 0x05, 0xff, 0xd1, 0x05, 0xff, 0xd1, 0x05,
  0xff, 0xd1, 0x05, 0xff, 0xd1, 0x05, 0xff, 0xd1, 0x05, 0xff, 0xd1, 0x05, 0xff, 0xd1, 0x05, 0xff,
  0xd1, 0x05, 0xff, 0xd1, 0x05, 0xff, 0xd1, 0x05, 0xff, 0xd1, 0x05, 0xff, 0xd1, 0x05, 0xff, 0xd1,
  0x05, 0xff, 0xd1, 0x05, 0xff, 0xd1, 0x05, 0xff, 0xd1, 0x05, 0xff, 0xd1, 0x05, 0xff, 0xd1, 0x05,
  0xff, 0xd1, 0x05, 0xff, 0xd1, 0x05, 0xff, 0xd1, 0x05, 0xff, 0xd1, 0x05, 0xff, 0xd1, 0x05, 0xff,
  0xd1, 0x05, 0xff, 0xd1, 0x05, 0xff, 0xd1, 0x05, 0xff, 0xd1, 0x05, 0xff, 0xd1, 0x05, 0xff, 0xd1,
  0x05, 0xff, 0xd1, 0x05, 0xff, 0xd1, 0x05, 0xff, 0x00, 0x00, 0x00, 0x00, 0x00, 0x00, 0x00, 0x00,
  0x00, 0x00, 0x00, 0x00, 0x00, 0x00, 0x00, 0x00, 0x00, 0x00, 0x00, 0x00, 0x00, 0x00, 0x00, 0x00,
  0x00, 0x00, 0x00, 0x00, 0x00, 0x00, 0x00, 0x00, 0x00, 0x00, 0x00, 0x00, 0x00, 0x00, 0x00, 0x00,
  0x00, 0x00, 0x00, 0x00, 0x00, 0x00, 0x00, 0x00, 0xd1, 0x05, 0xff, 0xd1, 0x05, 0xff, 0xd1, 0x05,
  0xff, 0xd1, 0x05, 0xff, 0xd1, 0x05, 0xff, 0xd1, 0x05, 0xff, 0xd1, 0x05, 0xff, 0xd1, 0x05, 0xff,
  0xd1, 0x05, 0xff, 0xd1, 0x05, 0xff, 0xd1, 0x05, 0xff, 0xd1, 0x05, 0xff, 0xd1, 0x05, 0xff, 0xd1,
  0x05, 0xff, 0xd1, 0x05, 0xff, 0xd1, 0x05, 0xff, 0xd1, 0x05, 0xff, 0xd1, 0x05, 0xff, 0xd1, 0x05,
  0xe3, 0xd1, 0x05, 0xaa, 0xd1, 0x05, 0xaa, 0xd1, 0x05, 0xaa, 0xd1, 0x05, 0xaa, 0xd1, 0x05, 0xaa,
  0xd1, 0x05, 0xaa, 0xd1, 0x05, 0xaa, 0xd1, 0x05, 0xaa, 0xd1, 0x05, 0xaa, 0xd1, 0x05, 0xaa, 0xd1,
  0x05, 0xe3, 0xd1, 0x05, 0xff, 0xd1, 0x05, 0xff, 0xd1, 0x05, 0xff, 0xd1, 0x05, 0xff, 0xd1, 0x05,
  0xff, 0xd1, 0x05, 0xff, 0xd1, 0x05, 0xff, 0xd1, 0x05, 0xff, 0xd1, 0x05, 0xff, 0xd1, 0x05, 0xff,
  0xd1, 0x05, 0xff, 0xd1, 0x05, 0xff, 0xd1, 0x05, 0xff, 0xd1, 0x05, 0xff, 0xd1, 0x05, 0xff, 0xd1,
  0x05, 0xff, 0xd1, 0x05, 0xff, 0xd1, 0x05, 0xff, 0x00, 0x00, 0x00, 0x00, 0x00, 0x00, 0x00, 0x00,
  0x00, 0x00, 0x00, 0x00, 0x00, 0x00, 0x00, 0x00, 0x00, 0x00, 0x00, 0x00, 0x00, 0x00, 0x00, 0x00,
  0x00, 0x00, 0x00, 0x00, 0x00, 0x00, 0x00, 0x00, 0x00, 0x00, 0x00, 0x00, 0x00, 0x00, 0x00, 0x00,
  0x00, 0x00, 0x00, 0x00, 0x00, 0x00, 0x00, 0x00, 0xd1, 0x05, 0xff, 0xd1, 0x05, 0xff, 0xd1, 0x05,
  0xff, 0xd1, 0x05, 0xff, 0xd1, 0x05, 0xff, 0xd1, 0x05, 0xff, 0xd1, 0x05, 0xff, 0xd1, 0x05, 0xff,
  0xd1, 0x05, 0xff, 0xd1, 0x05, 0xff, 0xd1, 0x05, 0xff, 0xd1, 0x05, 0xff, 0xd1, 0x05, 0xff, 0xd1,
  0x05, 0xff, 0xd1, 0x05, 0xff, 0xd1, 0x05, 0xff, 0xd1, 0x05, 0xff, 0xd1, 0x05, 0xff, 0xd1, 0x05,
  0xaa, 0x00, 0x00, 0x00, 0x00, 0x00, 0x00, 0x00, 0x00, 0x00, 0x00, 0x00, 0x00, 0x00, 0x00, 0x00,
  0x00, 0x00, 0x00, 0x00, 0x00, 0x00, 0x00, 0x00, 0x00, 0x00, 0x00, 0x00, 0x00, 0x00, 0x00, 0xd1,
  0x05, 0xaa, 0xd1, 0x05, 0xff, 0xd1, 0x05, 0xff, 0xd1, 0x05, 0xff, 0xd1, 0x05, 0xff, 0xd1, 0x05,
  0xff, 0xd1, 0x05, 0xff, 0xd1, 0x05, 0xff, 0xd1, 0x05, 0xff, 0xd1, 0x05, 0xff, 0xd1, 0x05, 0xff,
  0xd1, 0x05, 0xff, 0xd1, 0x05, 0xff, 0xd1, 0x05, 0xff, 0xd1, 0x05, 0xff, 0xd1, 0x05, 0xff, 0xd1,
  0x05, 0xff, 0xd1, 0x05, 0xff, 0xd1, 0x05, 0xff, 0x00, 0x00, 0x00, 0x00, 0x00, 0x00, 0x00, 0x00,
  0x00, 0x00, 0x00, 0x00, 0x00, 0x00, 0x00, 0x00, 0x00, 0x00, 0x00, 0x00, 0x00, 0x00, 0x00, 0x00,
  0x00, 0x00, 0x00, 0x00, 0x00, 0x00, 0x00, 0x00, 0x00, 0x00, 0x00, 0x00, 0x00, 0x00, 0x00, 0x00,
  0x00, 0x00, 0x00, 0x00, 0x00, 0x00, 0x00, 0x00, 0xd1, 0x05, 0xff, 0xd1, 0x05, 0xff, 0xd1, 0x05,
  0xff, 0xd1, 0x05, 0xff, 0xd1, 0x05, 0xff, 0xd1, 0x05, 0xff, 0xd1, 0x05, 0xff, 0xd1, 0x05, 0xff,
  0xd1, 0x05, 0xff, 0xd1, 0x05, 0xff, 0xd1, 0x05, 0xff, 0xd1, 0x05, 0xff, 0xd1, 0x05, 0xff, 0xd1,
  0x05, 0xff, 0xd1, 0x05, 0xff, 0xd1, 0x05, 0xff, 0xd1, 0x05, 0xff, 0xd1, 0x05, 0xff, 0xd1, 0x05,
  0xaa, 0x00, 0x00, 0x00, 0x00, 0x00, 0x00, 0x00, 0x00, 0x00, 0x00, 0x00, 0x00, 0x00, 0x00, 0x00,
  0x00, 0x00, 0x00, 0x00, 0x00, 0x00, 0x00, 0x00, 0x00, 0x00, 0x00, 0x00, 0x00, 0x00, 0x00, 0xd1,
  0x05, 0xaa, 0xd1, 0x05, 0xff, 0xd1, 0x05, 0xff, 0xd1, 0x05, 0xff, 0xd1, 0x05, 0xff, 0xd1, 0x05,
  0xff, 0xd1, 0x05, 0xff, 0xd1, 0x05, 0xff, 0xd1, 0x05, 0xff, 0xd1, 0x05, 0xff, 0xd1, 0x05, 0xff,
  0xd1, 0x05, 0xff, 0xd1, 0x05, 0xff, 0xd1, 0x05, 0xff, 0xd1, 0x05, 0xff, 0xd1, 0x05, 0xff, 0xd1,
  0x05, 0xff, 0xd1, 0x05, 0xff, 0xd1, 0x05, 0xff, 0x00, 0x00, 0x00, 0x00, 0x00, 0x00, 0x00, 0x00,
  0x00, 0x00, 0x00, 0x00, 0x00, 0x00, 0x00, 0x00, 0x00, 0x00, 0x00, 0x00, 0x00, 0x00, 0x00, 0x00,
  0x00, 0x00, 0x00, 0x00, 0x00, 0x00, 0x00, 0x00, 0x00, 0x00, 0x00, 0x00, 0x00, 0x00, 0x00, 0x00,
  0x00, 0x00, 0x00, 0x00, 0x00, 0x00, 0x00, 0x00, 0xd1, 0x05, 0xff, 0xd1, 0x05, 0xff, 0xd1, 0x05,
  0xff, 0xd1, 0x05, 0xff, 0xd1, 0x05, 0xff, 0xd1, 0x05, 0xff, 0xd1, 0x05, 0xff, 0xd1, 0x05, 0xff,
  0xd1, 0x05, 0xff, 0xd1, 0x05, 0xff, 0xd1, 0x05, 0xff, 0xd1, 0x05, 0xff, 0xd1, 0x05, 0xff, 0xd1,
  0x05, 0xff, 0xd1, 0x05, 0xff, 0xd1, 0x05, 0xff, 0xd1, 0x05, 0xff, 0xd1, 0x05, 0xff, 0xd1, 0x05,
  0xaa, 0x00, 0x00, 0x00, 0x00, 0x00, 0x00, 0x00, 0x00, 0x00, 0x00, 0x00, 0x00, 0x00, 0x00, 0x00,
  0x00, 0x00, 0x00, 0x00, 0x00, 0x00, 0x00, 0x00, 0x00, 0x00, 0x00, 0x00, 0x00, 0x00, 0x00, 0xd1,
  0x05, 0xaa, 0xd1, 0x05, 0xff, 0xd1, 0x05, 0xff, 0xd1, 0x05, 0xff, 0xd1, 0x05, 0xff, 0xd1, 0x05,
  0xff, 0xd1, 0x05, 0xff, 0xd1, 0x05, 0xff, 0xd1, 0x05, 0xff, 0xd1, 0x05, 0xff, 0xd1, 0x05, 0xff,
  0xd1, 0x05, 0xff, 0xd1, 0x05, 0xff, 0xd1, 0x05, 0xff, 0xd1, 0x05, 0xff, 0xd1, 0x05, 0xff, 0xd1,
  0x05, 0xff, 0xd1, 0x05, 0xff, 0xd1, 0x05, 0xff, 0x00, 0x00, 0x00, 0x00, 0x00, 0x00, 0x00, 0x00,
  0x00, 0x00, 0x00, 0x00, 0x00, 0x00, 0x00, 0x00, 0x00, 0x00, 0x00, 0x00, 0x00, 0x00, 0x00, 0x00,
  0x00, 0x00, 0x00, 0x00, 0x00, 0x00, 0x00, 0x00, 0x00, 0x00, 0x00, 0x00, 0x00, 0x00, 0x00, 0x00,
  0x00, 0x00, 0x00, 0x00, 0x00, 0x00, 0x00, 0x00, 0xd1, 0x05, 0xff, 0xd1, 0x05, 0xff, 0xd1, 0x05,
  0xff, 0xd1, 0x05, 0xff, 0xd1, 0x05, 0xff, 0xd1, 0x05, 0xff, 0xd1, 0x05, 0xff, 0xd1, 0x05, 0xff,
  0xd1, 0x05, 0xff, 0xd1, 0x05, 0xff, 0xd1, 0x05, 0xff, 0xd1, 0x05, 0xff, 0xd1, 0x05, 0xff, 0xd1,
  0x05, 0xff, 0xd1, 0x05, 0xff, 0xd1, 0x05, 0xff, 0xd1, 0x05, 0xff, 0xd1, 0x05, 0xff, 0xd1, 0x05,
  0xaa, 0x00, 0x00, 0x00, 0x00, 0x00, 0x00, 0x00, 0x00, 0x00, 0x00, 0x00, 0x00, 0x00, 0x00, 0x00,
  0x00, 0x00, 0x00, 0x00, 0x00, 0x00, 0x00, 0x00, 0x00, 0x00, 0x00, 0x00, 0x00, 0x00, 0x00, 0xd1,
  0x05, 0xaa, 0xd1, 0x05, 0xff, 0xd1, 0x05, 0xff, 0xd1, 0x05, 0xff, 0xd1, 0x05, 0xff, 0xd1, 0x05,
  0xff, 0xd1, 0x05, 0xff, 0xd1, 0x05, 0xff, 0xd1, 0x05, 0xff, 0xd1, 0x05, 0xff, 0xd1, 0x05, 0xff,
  0xd1, 0x05, 0xff, 0xd1, 0x05, 0xff, 0xd1, 0x05, 0xff, 0xd1, 0x05, 0xff, 0xd1, 0x05, 0xff, 0xd1,
  0x05, 0xff, 0xd1, 0x05, 0xff, 0xd1, 0x05, 0xff, 0x00, 0x00, 0x00, 0x00, 0x00, 0x00, 0x00, 0x00,
  0x00, 0x00, 0x00, 0x00, 0x00, 0x00, 0x00, 0x00, 0x00, 0x00, 0x00, 0x00, 0x00, 0x00, 0x00, 0x00,
  0x00, 0x00, 0x00, 0x00, 0x00, 0x00, 0x00, 0x00, 0x00, 0x00, 0x00, 0x00, 0x00, 0x00, 0x00, 0x00,
  0x00, 0x00, 0x00, 0x00, 0x00, 0x00, 0x00, 0x00, 0xd1, 0x05, 0xff, 0xd1, 0x05, 0xff, 0xd1, 0x05,
  0xff, 0xd1, 0x05, 0xff, 0xd1, 0x05, 0xff, 0xd1, 0x05, 0xff, 0xd1, 0x05, 0xff, 0xd1, 0x05, 0xff,
  0xd1, 0x05, 0xff, 0xd1, 0x05, 0xff, 0xd1, 0x05, 0xff, 0xd1, 0x05, 0xff, 0xd1, 0x05, 0xff, 0xd1,
  0x05, 0xff, 0xd1, 0x05, 0xff, 0xd1, 0x05, 0xff, 0xd1, 0x05, 0xff, 0xd1, 0x05, 0xff, 0xd1, 0x05,
  0xaa, 0x00, 0x00, 0x00, 0x00, 0x00, 0x00, 0x00, 0x00, 0x00, 0x00, 0x00, 0x00, 0x00, 0x00, 0x00,
  0x00, 0x00, 0x00, 0x00, 0x00, 0x00, 0x00, 0x00, 0x00, 0x00, 0x00, 0x00, 0x00, 0x00, 0x00, 0xd1,
  0x05, 0xaa, 0xd1, 0x05, 0xff, 0xd1, 0x05, 0xff, 0xd1, 0x05, 0xff, 0xd1, 0x05, 0xff, 0xd1, 0x05,
  0xff, 0xd1, 0x05, 0xff, 0xd1, 0x05, 0xff, 0xd1, 0x05, 0xff, 0xd1, 0x05, 0xff, 0xd1, 0x05, 0xff,
  0xd1, 0x05, 0xff, 0xd1, 0x05, 0xff, 0xd1, 0x05, 0xff, 0xd1, 0x05, 0xff, 0xd1, 0x05, 0xff, 0xd1,
  0x05, 0xff, 0xd1, 0x05, 0xff, 0xd1, 0x05, 0xff, 0x00, 0x00, 0x00, 0x00, 0x00, 0x00, 0x00, 0x00,
  0x00, 0x00, 0x00, 0x00, 0x00, 0x00, 0x00, 0x00, 0x00, 0x00, 0x00, 0x00, 0x00, 0x00, 0x00, 0x00,
  0x00, 0x00, 0x00, 0x00, 0x00, 0x00, 0x00, 0x00, 0x00, 0x00, 0x00, 0x00, 0x00, 0x00, 0x00, 0x00,
  0x00, 0x00, 0x00, 0x00, 0x00, 0x00, 0x00, 0x00, 0xd1, 0x05, 0xff, 0xd1, 0x05, 0xff, 0xd1, 0x05,
  0xff, 0xd1, 0x05, 0xff, 0xd1, 0x05, 0xff, 0xd1, 0x05, 0xff, 0xd1, 0x05, 0xff, 0xd1, 0x05, 0xff,
  0xd1, 0x05, 0xff, 0xd1, 0x05, 0xcc, 0xd1, 0x06, 0x11, 0x00, 0x00, 0x00, 0x00, 0x00, 0x00, 0x00,
  0x00, 0x00, 0x00, 0x00, 0x00, 0x00, 0x00, 0x00, 0x00, 0x00, 0x00, 0x00, 0x00, 0x00, 0x00, 0x00,
  0x00, 0x00, 0x00, 0x00, 0x00, 0x00, 0x00, 0x00, 0x00, 0x00, 0x00, 0x00, 0x00, 0x00, 0x00, 0x00,
  0x00, 0x00, 0x00, 0x00, 0x00, 0x00, 0x00, 0x00, 0x00, 0x00, 0x00, 0x00, 0x00, 0x00, 0x00, 0x00,
  0x00, 0x00, 0x00, 0x00, 0x00, 0x00, 0x00, 0x00, 0x00, 0x00, 0x00, 0x00, 0x00, 0x00, 0x00, 0x00,
  0x00, 0x00, 0x00, 0x00, 0x00, 0x00, 0x00, 0xc9, 0x25, 0x0e, 0xd1, 0x05, 0xc7, 0xd1, 0x05, 0xff,
  0xd1, 0x05, 0xff, 0xd1, 0x05, 0xff, 0xd1, 0x05, 0xff, 0xd1, 0x05, 0xff, 0xd1, 0x05, 0xff, 0xd1,
  0x05, 0xff, 0xd1, 0x05, 0xff, 0xd1, 0x05, 0xff, 0x00, 0x00, 0x00, 0x00, 0x00, 0x00, 0x00, 0x00,
  0x00, 0x00, 0x00, 0x00, 0x00, 0x00, 0x00, 0x00, 0x00, 0x00, 0x00, 0x00, 0x00, 0x00, 0x00, 0x00,
  0x00, 0x00, 0x00, 0x00, 0x00, 0x00, 0x00, 0x00, 0x00, 0x00, 0x00, 0x00, 0x00, 0x00, 0x00, 0x00,
  0x00, 0x00, 0x00, 0x00, 0x00, 0x00, 0x00, 0x00, 0xd1, 0x05, 0xff, 0xd1, 0x05, 0xff, 0xd1, 0x05,
  0xff, 0xd1, 0x05, 0xff, 0xd1, 0x05, 0xff, 0xd1, 0x05, 0xff, 0xd1, 0x05, 0xff, 0xd1, 0x05, 0xff,
  0xd1, 0x05, 0xff, 0xd1, 0x05, 0xff, 0xd1, 0x05, 0xcc, 0xd1, 0x06, 0x11, 0x00, 0x00, 0x00, 0x00,
  0x00, 0x00, 0x00, 0x00, 0x00, 0x00, 0x00, 0x00, 0x00, 0x00, 0x00, 0x00, 0x00, 0x00, 0x00, 0x00,
  0x00, 0x00, 0x00, 0x00, 0x00, 0x00, 0x00, 0x00, 0x00, 0x00, 0x00, 0x00, 0x00, 0x00, 0x00, 0x00,
  0x00, 0x00, 0x00, 0x00, 0x00, 0x00, 0x00, 0x00, 0x00, 0x00, 0x00, 0x00, 0x00, 0x00, 0x00, 0x00,
  0x00, 0x00, 0x00, 0x00, 0x00, 0x00, 0x00, 0x00, 0x00, 0x00, 0x00, 0x00, 0x00, 0x00, 0x00, 0x00,
  0x00, 0x00, 0x00, 0x00, 0xc9, 0x25, 0x0e, 0xd1, 0x05, 0xc7, 0xd1, 0x05, 0xff, 0xd1, 0x05, 0xff,
  0xd1, 0x05, 0xff, 0xd1, 0x05, 0xff, 0xd1, 0x05, 0xff, 0xd1, 0x05, 0xff, 0xd1, 0x05, 0xff, 0xd1,
  0x05, 0xff, 0xd1, 0x05, 0xff, 0xd1, 0x05, 0xff, 0x00, 0x00, 0x00, 0x00, 0x00, 0x00, 0x00, 0x00,
  0x00, 0x00, 0x00, 0x00, 0x00, 0x00, 0x00, 0x00, 0x00, 0x00, 0x00, 0x00, 0x00, 0x00, 0x00, 0x00,
  0x00, 0x00, 0x00, 0x00, 0x00, 0x00, 0x00, 0x00, 0x00, 0x00, 0x00, 0x00, 0x00, 0x00, 0x00, 0x00,
  0x00, 0x00, 0x00, 0x00, 0x00, 0x00, 0x00, 0x00, 0xd1, 0x05, 0xff, 0xd1, 0x05, 0xff, 0xd1, 0x05,
  0xff, 0xd1, 0x05, 0xff, 0xd1, 0x05, 0xff, 0xd1, 0x05, 0xff, 0xd1, 0x05, 0xff, 0xd1, 0x05, 0xff,
  0xd1, 0x05, 0xff, 0xd1, 0x05, 0xff, 0xd1, 0x05, 0xff, 0xd1, 0x05, 0xcc, 0xd1, 0x06, 0x11, 0x00,
  0x00, 0x00, 0x00, 0x00, 0x00, 0x00, 0x00, 0x00, 0x00, 0x00, 0x00, 0x00, 0x00, 0x00, 0x00, 0x00,
  0x00, 0x00, 0x00, 0x00, 0x00, 0x00, 0x00, 0x00, 0x00, 0x00, 0x00, 0x00, 0x00, 0x00, 0x00, 0x00,
  0x00, 0x00, 0x00, 0x00, 0x00, 0x00, 0x00, 0x00, 0x00, 0x00, 0x00, 0x00, 0x00, 0x00, 0x00, 0x00,
  0x00, 0x00, 0x00, 0x00, 0x00, 0x00, 0x00, 0x00, 0x00, 0x00, 0x00, 0x00, 0x00, 0x00, 0x00, 0x00,
  0x00, 0xc9, 0x25, 0x0e, 0xd1, 0x05, 0xc7, 0xd1, 0x05, 0xff, 0xd1, 0x05, 0xff, 0xd1, 0x05, 0xff,
  0xd1, 0x05, 0xff, 0xd1, 0x05, 0xff, 0xd1, 0x05, 0xff, 0xd1, 0x05, 0xff, 0xd1, 0x05, 0xff, 0xd1,
  0x05, 0xff, 0xd1, 0x05, 0xff, 0xd1, 0x05, 0xff, 0x00, 0x00, 0x00, 0x00, 0x00, 0x00, 0x00, 0x00,
  0x00, 0x00, 0x00, 0x00, 0x00, 0x00, 0x00, 0x00, 0x00, 0x00, 0x00, 0x00, 0x00, 0x00, 0x00, 0x00,
  0x00, 0x00, 0x00, 0x00, 0x00, 0x00, 0x00, 0x00, 0x00, 0x00, 0x00, 0x00, 0x00, 0x00, 0x00, 0x00,
  0x00, 0x00, 0x00, 0x00, 0x00, 0x00, 0x00, 0x00, 0xd1, 0x05, 0xff, 0xd1, 0x05, 0xff, 0xd1, 0x05,
  0xff, 0xd1, 0x05, 0xff, 0xd1, 0x05, 0xff, 0xd1, 0x05, 0xff, 0xd1, 0x05, 0xff, 0xd1, 0x05, 0xff,
  0xd1, 0x05, 0xff, 0xd1, 0x05, 0xff, 0xd1, 0x05, 0xff, 0xd1, 0x05, 0xff, 0xd1, 0x05, 0xcc, 0xd1,
  0x06, 0x11, 0x00, 0x00, 0x00, 0x00, 0x00, 0x00, 0x00, 0x00, 0x00, 0x00, 0x00, 0x00, 0x00, 0x00,
  0x00, 0x00, 0x00, 0x00, 0x00, 0x00, 0x00, 0x00, 0x00, 0x00, 0x00, 0x00, 0x00, 0x00, 0x00, 0x00,
  0x00, 0x00, 0x00, 0x00, 0x00, 0x00, 0x00, 0x00, 0x00, 0x00, 0x00, 0x00, 0x00, 0x00, 0x00, 0x00,
  0x00, 0x00, 0x00, 0x00, 0x00, 0x00, 0x00, 0x00, 0x00, 0x00, 0x00, 0x00, 0x00, 0x00, 0xc9, 0x25,
  0x0e, 0xd1, 0x05, 0xc7, 0xd1, 0x05, 0xff, 0xd1, 0x05, 0xff, 0xd1, 0x05, 0xff, 0xd1, 0x05, 0xff,
  0xd1, 0x05, 0xff, 0xd1, 0x05, 0xff, 0xd1, 0x05, 0xff, 0xd1, 0x05, 0xff, 0xd1, 0x05, 0xff, 0xd1,
  0x05, 0xff, 0xd1, 0x05, 0xff, 0xd1, 0x05, 0xff, 0x00, 0x00, 0x00, 0x00, 0x00, 0x00, 0x00, 0x00,
  0x00, 0x00, 0x00, 0x00, 0x00, 0x00, 0x00, 0x00, 0x00, 0x00, 0x00, 0x00, 0x00, 0x00, 0x00, 0x00,
  0x00, 0x00, 0x00, 0x00, 0x00, 0x00, 0x00, 0x00, 0x00, 0x00, 0x00, 0x00, 0x00, 0x00, 0x00, 0x00,
  0x00, 0x00, 0x00, 0x00, 0x00, 0x00, 0x00, 0x00, 0xd1, 0x05, 0xff, 0xd1, 0x05, 0xff, 0xd1, 0x05,
  0xff, 0xd1, 0x05, 0xff, 0xd1, 0x05, 0xff, 0xd1, 0x05, 0xff, 0xd1, 0x05, 0xff, 0xd1, 0x05, 0xff,
  0xd1, 0x05, 0xff, 0xd1, 0x05, 0xff, 0xd1, 0x05, 0xff, 0xd1, 0x05, 0xff, 0xd1, 0x05, 0xff, 0xd1,
  0x05, 0xcc, 0xd1, 0x06, 0x11, 0x00, 0x00, 0x00, 0x00, 0x00, 0x00, 0x00, 0x00, 0x00, 0x00, 0x00,
  0x00, 0x00, 0x00, 0x00, 0x00, 0x00, 0x00, 0x00, 0x00, 0x00, 0x00, 0x00, 0x00, 0x00, 0x00, 0x00,
  0x00, 0x00, 0x00, 0x00, 0x00, 0x00, 0x00, 0x00, 0x00, 0x00, 0x00, 0x00, 0x00, 0x00, 0x00, 0x00,
  0x00, 0x00, 0x00, 0x00, 0x00, 0x00, 0x00, 0x00, 0x00, 0x00, 0x00, 0xc9, 0x25, 0x0e, 0xd1, 0x05,
  0xc7, 0xd1, 0x05, 0xff, 0xd1, 0x05, 0xff, 0xd1, 0x05, 0xff, 0xd1, 0x05, 0xff, 0xd1, 0x05, 0xff,
  0xd1, 0x05, 0xff, 0xd1, 0x05, 0xff, 0xd1, 0x05, 0xff, 0xd1, 0x05, 0xff, 0xd1, 0x05, 0xff, 0xd1,
  0x05, 0xff, 0xd1, 0x05, 0xff, 0xd1, 0x05, 0xff, 0x00, 0x00, 0x00, 0x00, 0x00, 0x00, 0x00, 0x00,
  0x00, 0x00, 0x00, 0x00, 0x00, 0x00, 0x00, 0x00, 0x00, 0x00, 0x00, 0x00, 0x00, 0x00, 0x00, 0x00,
  0x00, 0x00, 0x00, 0x00, 0x00, 0x00, 0x00, 0x00, 0x00, 0x00, 0x00, 0x00, 0x00, 0x00, 0x00, 0x00,
  0x00, 0x00, 0x00, 0x00, 0x00, 0x00, 0x00, 0x00, 0xd1, 0x05, 0xff, 0xd1, 0x05, 0xff, 0xd1, 0x05,
  0xff, 0xd1, 0x05, 0xff, 0xd1, 0x05, 0xff, 0xd1, 0x05, 0xff, 0xd1, 0x05, 0xff, 0xd1, 0x05, 0xff,
  0xd1, 0x05, 0xff, 0xd1, 0x05, 0xff, 0xd1, 0x05, 0xff, 0xd1, 0x05, 0xff, 0xd1, 0x05, 0xff, 0xd1,
  0x05, 0xff, 0xd1, 0x05, 0xcc, 0xd1, 0x06, 0x11, 0x00, 0x00, 0x00, 0x00, 0x00, 0x00, 0x00, 0x00,
  0x00, 0x00, 0x00, 0x00, 0x00, 0x00, 0x00, 0x00, 0x00, 0x00, 0x00, 0x00, 0x00, 0x00, 0x00, 0x00,
  0x00, 0x00, 0x00, 0x00, 0x00, 0x00, 0x00, 0x00, 0x00, 0x00, 0x00, 0x00, 0x00, 0x00, 0x00, 0x00,
  0x00, 0x00, 0x00, 0x00, 0x00, 0x00, 0x00, 0x00, 0xc9, 0x25, 0x0e, 0xd1, 0x05, 0xc7, 0xd1, 0x05,
  0xff, 0xd1, 0x05, 0xff, 0xd1, 0x05, 0xff, 0xd1, 0x05, 0xff, 0xd1, 0x05, 0xff, 0xd1, 0x05, 0xff,
  0xd1, 0x05, 0xff, 0xd1, 0x05, 0xff, 0xd1, 0x05, 0xff, 0xd1, 0x05, 0xff, 0xd1, 0x05, 0xff, 0xd1,
  0x05, 0xff, 0xd1, 0x05, 0xff, 0xd1, 0x05, 0xff, 0x00, 0x00, 0x00, 0x00, 0x00, 0x00, 0x00, 0x00,
  0x00, 0x00, 0x00, 0x00, 0x00, 0x00, 0x00, 0x00, 0x00, 0x00, 0x00, 0x00, 0x00, 0x00, 0x00, 0x00,
  0x00, 0x00, 0x00, 0x00, 0x00, 0x00, 0x00, 0x00, 0x00, 0x00, 0x00, 0x00, 0x00, 0x00, 0x00, 0x00,
  0x00, 0x00, 0x00, 0x00, 0x00, 0x00, 0x00, 0x00, 0xd1, 0x05, 0xff, 0xd1, 0x05, 0xff, 0xd1, 0x05,
  0xff, 0xd1, 0x05, 0xff, 0xd1, 0x05, 0xff, 0xd1, 0x05, 0xff, 0xd1, 0x05, 0xff, 0xd1, 0x05, 0xff,
  0xd1, 0x05, 0xff, 0xd1, 0x05, 0xff, 0xd1, 0x05, 0xff, 0xd1, 0x05, 0xff, 0xd1, 0x05, 0xff, 0xd1,
  0x05, 0xff, 0xd1, 0x05, 0xff, 0xd1, 0x05, 0xcc, 0xd1, 0x06, 0x11, 0x00, 0x00, 0x00, 0x00, 0x00,
  0x00, 0x00, 0x00, 0x00, 0x00, 0x00, 0x00, 0x00, 0x00, 0x00, 0x00, 0x00, 0x00, 0x00, 0x00, 0x00,
  0x00, 0x00, 0x00, 0x00, 0x00, 0x00, 0x00, 0x00, 0x00, 0x00, 0x00, 0x00, 0x00, 0x00, 0x00, 0x00,
  0x00, 0x00, 0x00, 0x00, 0x00, 0xc9, 0x25, 0x0e, 0xd1, 0x05, 0xc7, 0xd1, 0x05, 0xff, 0xd1, 0x05,
  0xff, 0xd1, 0x05, 0xff, 0xd1, 0x05, 0xff, 0xd1, 0x05, 0xff, 0xd1, 0x05, 0xff, 0xd1, 0x05, 0xff,
  0xd1, 0x05, 0xff, 0xd1, 0x05, 0xff, 0xd1, 0x05, 0xff, 0xd1, 0x05, 0xff, 0xd1, 0x05, 0xff, 0xd1,
  0x05, 0xff, 0xd1, 0x05, 0xff, 0xd1, 0x05, 0xff, 0x00, 0x00, 0x00, 0x00, 0x00, 0x00, 0x00, 0x00,
  0x00, 0x00, 0x00, 0x00, 0x00, 0x00, 0x00, 0x00, 0x00, 0x00, 0x00, 0x00, 0x00, 0x00, 0x00, 0x00,
  0x00, 0x00, 0x00, 0x00, 0x00, 0x00, 0x00, 0x00, 0x00, 0x00, 0x00, 0x00, 0x00, 0x00, 0x00, 0x00,
  0x00, 0x00, 0x00, 0x00, 0x00, 0x00, 0x00, 0x00, 0xd1, 0x05, 0xff, 0xd1, 0x05, 0xff, 0xd1, 0x05,
  0xff, 0xd1, 0x05, 0xff, 0xd1, 0x05, 0xff, 0xd1, 0x05, 0xff, 0xd1, 0x05, 0xff, 0xd1, 0x05, 0xff,
  0xd1, 0x05, 0xff, 0xd1, 0x05, 0xff, 0xd1, 0x05, 0xff, 0xd1, 0x05, 0xff, 0xd1, 0x05, 0xff, 0xd1,
  0x05, 0xff, 0xd1, 0x05, 0xff, 0xd1, 0x05, 0xff, 0xd1, 0x05, 0xcc, 0xd1, 0x06, 0x11, 0x00, 0x00,
  0x00, 0x00, 0x00, 0x00, 0x00, 0x00, 0x00, 0x00, 0x00, 0x00, 0x00, 0x00, 0x00, 0x00, 0x00, 0x00,
  0x00, 0x00, 0x00, 0x00, 0x00, 0x00, 0x00, 0x00, 0x00, 0x00, 0x00, 0x00, 0x00, 0x00, 0x00, 0x00,
  0x00, 0x00, 0xc9, 0x25, 0x0e, 0xd1, 0x05, 0xc7, 0xd1, 0x05, 0xff, 0xd1, 0x05, 0xff, 0xd1, 0x05,
  0xff, 0xd1, 0x05, 0xff, 0xd1, 0x05, 0xff, 0xd1, 0x05, 0xff, 0xd1, 0x05, 0xff, 0xd1, 0x05, 0xff,
  0xd1, 0x05, 0xff, 0xd1, 0x05, 0xff, 0xd1, 0x05, 0xff, 0xd1, 0x05, 0xff, 0xd1, 0x05, 0xff, 0xd1,
  0x05, 0xff, 0xd1, 0x05, 0xff, 0xd1, 0x05, 0xff, 0x00, 0x00, 0x00, 0x00, 0x00, 0x00, 0x00, 0x00,
  0x00, 0x00, 0x00, 0x00, 0x00, 0x00, 0x00, 0x00, 0x00, 0x00, 0x00, 0x00, 0x00, 0x00, 0x00, 0x00,
  0x00, 0x00, 0x00, 0x00, 0x00, 0x00, 0x00, 0x00, 0x00, 0x00, 0x00, 0x00, 0x00, 0x00, 0x00, 0x00,
  0x00, 0x00, 0x00, 0x00, 0x00, 0x00, 0x00, 0x00, 0xd1, 0x05, 0xff, 0xd1, 0x05, 0xff, 0xd1, 0x05,
  0xff, 0xd1, 0x05, 0xff, 0xd1, 0x05, 0xff, 0xd1, 0x05, 0xff, 0xd1, 0x05, 0xff, 0xd1, 0x05, 0xff,
  0xd1, 0x05, 0xff, 0xd1, 0x05, 0xff, 0xd1, 0x05, 0xff, 0xd1, 0x05, 0xff, 0xd1, 0x05, 0xff, 0xd1,
  0x05, 0xff, 0xd1, 0x05, 0xff, 0xd1, 0x05, 0xff, 0xd1, 0x05, 0xff, 0xd1, 0x05, 0xcc, 0xd1, 0x06,
  0x11, 0x00, 0x00, 0x00, 0x00, 0x00, 0x00, 0x00, 0x00, 0x00, 0x00, 0x00, 0x00, 0x00, 0x00, 0x00,
  0x00, 0x00, 0x00, 0x00, 0x00, 0x00, 0x00, 0x00, 0x00, 0x00, 0x00, 0x00, 0x00, 0x00, 0x00, 0xc9,
  0x25, 0x0e, 0xd1, 0x05, 0xc7, 0xd1, 0x05, 0xff, 0xd1, 0x05, 0xff, 0xd1, 0x05, 0xff, 0xd1, 0x05,
  0xff, 0xd1, 0x05, 0xff, 0xd1, 0x05, 0xff, 0xd1, 0x05, 0xff, 0xd1, 0x05, 0xff, 0xd1, 0x05, 0xff,
  0xd1, 0x05, 0xff, 0xd1, 0x05, 0xff, 0xd1, 0x05, 0xff, 0xd1, 0x05, 0xff, 0xd1, 0x05, 0xff, 0xd1,
  0x05, 0xff, 0xd1, 0x05, 0xff, 0xd1, 0x05, 0xff, 0x00, 0x00, 0x00, 0x00, 0x00, 0x00, 0x00, 0x00,
  0x00, 0x00, 0x00, 0x00, 0x00, 0x00, 0x00, 0x00, 0x00, 0x00, 0x00, 0x00, 0x00, 0x00, 0x00, 0x00,
  0x00, 0x00, 0x00, 0x00, 0x00, 0x00, 0x00, 0x00, 0x00, 0x00, 0x00, 0x00, 0x00, 0x00, 0x00, 0x00,
  0x00, 0x00, 0x00, 0x00, 0x00, 0x00, 0x00, 0x00, 0xd1, 0x05, 0xff, 0xd1, 0x05, 0xff, 0xd1, 0x05,
  0xff, 0xd1, 0x05, 0xff, 0xd1, 0x05, 0xff, 0xd1, 0x05, 0xff, 0xd1, 0x05, 0xff, 0xd1, 0x05, 0xff,
  0xd1, 0x05, 0xff, 0xd1, 0x05, 0xff, 0xd1, 0x05, 0xff, 0xd1, 0x05, 0xff, 0xd1, 0x05, 0xff, 0xd1,
  0x05, 0xff, 0xd1, 0x05, 0xff, 0xd1, 0x05, 0xff, 0xd1, 0x05, 0xff, 0xd1, 0x05, 0xff, 0xd1, 0x05,
  0xcc, 0xd1, 0x06, 0x11, 0x00, 0x00, 0x00, 0x00, 0x00, 0x00, 0x00, 0x00, 0x00, 0x00, 0x00, 0x00,
  0x00, 0x00, 0x00, 0x00, 0x00, 0x00, 0x00, 0x00, 0x00, 0x00, 0x00, 0x00, 0xc9, 0x25, 0x0e, 0xd1,
  0x05, 0xc7, 0xd1, 0x05, 0xff, 0xd1, 0x05, 0xff, 0xd1, 0x05, 0xff, 0xd1, 0x05, 0xff, 0xd1, 0x05,
  0xff, 0xd1, 0x05, 0xff, 0xd1, 0x05, 0xff, 0xd1, 0x05, 0xff, 0xd1, 0x05, 0xff, 0xd1, 0x05, 0xff,
  0xd1, 0x05, 0xff, 0xd1, 0x05, 0xff, 0xd1, 0x05, 0xff, 0xd1, 0x05, 0xff, 0xd1, 0x05, 0xff, 0xd1,
  0x05, 0xff, 0xd1, 0x05, 0xff, 0xd1, 0x05, 0xff, 0x00, 0x00, 0x00, 0x00, 0x00, 0x00, 0x00, 0x00,
  0x00, 0x00, 0x00, 0x00, 0x00, 0x00, 0x00, 0x00, 0x00, 0x00, 0x00, 0x00, 0x00, 0x00, 0x00, 0x00,
  0x00, 0x00, 0x00, 0x00, 0x00, 0x00, 0x00, 0x00, 0x00, 0x00, 0x00, 0x00, 0x00, 0x00, 0x00, 0x00,
  0x00, 0x00, 0x00, 0x00, 0x00, 0x00, 0x00, 0x00, 0xd1, 0x05, 0xff, 0xd1, 0x05, 0xff, 0xd1, 0x05,
  0xff, 0xd1, 0x05, 0xff, 0xd1, 0x05, 0xff, 0xd1, 0x05, 0xff, 0xd1, 0x05, 0xff, 0xd1, 0x05, 0xff,
  0xd1, 0x05, 0xff, 0xd1, 0x05, 0xff, 0xd1, 0x05, 0xff, 0xd1, 0x05, 0xff, 0xd1, 0x05, 0xff, 0xd1,
  0x05, 0xff, 0xd1, 0x05, 0xff, 0xd1, 0x05, 0xff, 0xd1, 0x05, 0xff, 0xd1, 0x05, 0xff, 0xd1, 0x05,
  0xff, 0xd1, 0x05, 0xcc, 0xd1, 0x06, 0x11, 0x00, 0x00, 0x00, 0x00, 0x00, 0x00, 0x00, 0x00, 0x00,
  0x00, 0x00, 0x00, 0x00, 0x00, 0x00, 0x00, 0x00, 0x00, 0xc9, 0x25, 0x0e, 0xd1, 0x05, 0xc7, 0xd1,
  0x05, 0xff, 0xd1, 0x05, 0xff, 0xd1, 0x05, 0xff, 0xd1, 0x05, 0xff, 0xd1, 0x05, 0xff, 0xd1, 0x05,
  0xff, 0xd1, 0x05, 0xff, 0xd1, 0x05, 0xff, 0xd1, 0x05, 0xff, 0xd1, 0x05, 0xff, 0xd1, 0x05, 0xff,
  0xd1, 0x05, 0xff, 0xd1, 0x05, 0xff, 0xd1, 0x05, 0xff, 0xd1, 0x05, 0xff, 0xd1, 0x05, 0xff, 0xd1,
  0x05, 0xff, 0xd1, 0x05, 0xff, 0xd1, 0x05, 0xff, 0x00, 0x00, 0x00, 0x00, 0x00, 0x00, 0x00, 0x00,
  0x00, 0x00, 0x00, 0x00, 0x00, 0x00, 0x00, 0x00, 0x00, 0x00, 0x00, 0x00, 0x00, 0x00, 0x00, 0x00,
  0x00, 0x00, 0x00, 0x00, 0x00, 0x00, 0x00, 0x00, 0x00, 0x00, 0x00, 0x00, 0x00, 0x00, 0x00, 0x00,
  0x00, 0x00, 0x00, 0x00, 0x00, 0x00, 0x00, 0x00, 0xd1, 0x05, 0xff, 0xd1, 0x05, 0xff, 0xd1, 0x05,
  0xff, 0xd1, 0x05, 0xff, 0xd1, 0x05, 0xff, 0xd1, 0x05, 0xff, 0xd1, 0x05, 0xff, 0xd1, 0x05, 0xff,
  0xd1, 0x05, 0xff, 0xd1, 0x05, 0xff, 0xd1, 0x05, 0xff, 0xd1, 0x05, 0xff, 0xd1, 0x05, 0xff, 0xd1,
  0x05, 0xff, 0xd1, 0x05, 0xff, 0xd1, 0x05, 0xff, 0xd1, 0x05, 0xff, 0xd1, 0x05, 0xff, 0xd1, 0x05,
  0xff, 0xd1, 0x05, 0xff, 0xd1, 0x05, 0xcc, 0xd1, 0x06, 0x11, 0x00, 0x00, 0x00, 0x00, 0x00, 0x00,
  0x00, 0x00, 0x00, 0x00, 0x00, 0x00, 0xc9, 0x25, 0x0e, 0xd1, 0x05, 0xc7, 0xd1, 0x05, 0xff, 0xd1,
  0x05, 0xff, 0xd1, 0x05, 0xff, 0xd1, 0x05, 0xff, 0xd1, 0x05, 0xff, 0xd1, 0x05, 0xff, 0xd1, 0x05,
  0xff, 0xd1, 0x05, 0xff, 0xd1, 0x05, 0xff, 0xd1, 0x05, 0xff, 0xd1, 0x05, 0xff, 0xd1, 0x05, 0xff,
  0xd1, 0x05, 0xff, 0xd1, 0x05, 0xff, 0xd1, 0x05, 0xff, 0xd1, 0x05, 0xff, 0xd1, 0x05, 0xff, 0xd1,
  0x05, 0xff, 0xd1, 0x05, 0xff, 0xd1, 0x05, 0xff, 0x00, 0x00, 0x00, 0x00, 0x00, 0x00, 0x00, 0x00,
  0x00, 0x00, 0x00, 0x00, 0x00, 0x00, 0x00, 0x00, 0x00, 0x00, 0x00, 0x00, 0x00, 0x00, 0x00, 0x00,
  0x00, 0x00, 0x00, 0x00, 0x00, 0x00, 0x00, 0x00, 0x00, 0x00, 0x00, 0x00, 0x00, 0x00, 0x00, 0x00,
  0x00, 0x00, 0x00, 0x00, 0x00, 0x00, 0x00, 0x00, 0xd1, 0x05, 0xff, 0xd1, 0x05, 0xff, 0xd1, 0x05,
  0xff, 0xd1, 0x05, 0xff, 0xd1, 0x05, 0xff, 0xd1, 0x05, 0xff, 0xd1, 0x05, 0xff, 0xd1, 0x05, 0xff,
  0xd1, 0x05, 0xff, 0xd1, 0x05, 0xff, 0xd1, 0x05, 0xff, 0xd1, 0x05, 0xff, 0xd1, 0x05, 0xff, 0xd1,
  0x05, 0xff, 0xd1, 0x05, 0xff, 0xd1, 0x05, 0xff, 0xd1, 0x05, 0xff, 0xd1, 0x05, 0xff, 0xd1, 0x05,
  0xff, 0xd1, 0x05, 0xff, 0xd1, 0x05, 0xff, 0xd1, 0x05, 0xcc, 0xd1, 0x06, 0x11, 0x00, 0x00, 0x00,
  0x00, 0x00, 0x00, 0xc9, 0x25, 0x0e, 0xd1, 0x05, 0xc7, 0xd1, 0x05, 0xff, 0xd1, 0x05, 0xff, 0xd1,
  0x05, 0xff, 0xd1, 0x05, 0xff, 0xd1, 0x05, 0xff, 0xd1, 0x05, 0xff, 0xd1, 0x05, 0xff, 0xd1, 0x05,
  0xff, 0xd1, 0x05, 0xff, 0xd1, 0x05, 0xff, 0xd1, 0x05, 0xff, 0xd1, 0x05, 0xff, 0xd1, 0x05, 0xff,
  0xd1, 0x05, 0xff, 0xd1, 0x05, 0xff, 0xd1, 0x05, 0xff, 0xd1, 0x05, 0xff, 0xd1, 0x05, 0xff, 0xd1,
  0x05, 0xff, 0xd1, 0x05, 0xff, 0xd1, 0x05, 0xff, 0x00, 0x00, 0x00, 0x00, 0x00, 0x00, 0x00, 0x00,
  0x00, 0x00, 0x00, 0x00, 0x00, 0x00, 0x00, 0x00, 0x00, 0x00, 0x00, 0x00, 0x00, 0x00, 0x00, 0x00,
  0x00, 0x00, 0x00, 0x00, 0x00, 0x00, 0x00, 0x00, 0x00, 0x00, 0x00, 0x00, 0x00, 0x00, 0x00, 0x00,
  0x00, 0x00, 0x00, 0x00, 0x00, 0x00, 0x00, 0x00, 0xd1, 0x05, 0xff, 0xd1, 0x05, 0xff, 0xd1, 0x05,
  0xff, 0xd1, 0x05, 0xff, 0xd1, 0x05, 0xff, 0xd1, 0x05, 0xff, 0xd1, 0x05, 0xff, 0xd1, 0x05, 0xff,
  0xd1, 0x05, 0xff, 0xd1, 0x05, 0xff, 0xd1, 0x05, 0xff, 0xd1, 0x05, 0xff, 0xd1, 0x05, 0xff, 0xd1,
  0x05, 0xff, 0xd1, 0x05, 0xff, 0xd1, 0x05, 0xff, 0xd1, 0x05, 0xff, 0xd1, 0x05, 0xff, 0xd1, 0x05,
  0xff, 0xd1, 0x05, 0xff, 0xd1, 0x05, 0xff, 0xd1, 0x05, 0xff, 0xd1, 0x05, 0xcc, 0xd1, 0x06, 0x11,
  0xc9, 0x25, 0x0e, 0xd1, 0x05, 0xc7, 0xd1, 0x05, 0xff, 0xd1, 0x05, 0xff, 0xd1, 0x05, 0xff, 0xd1,
  0x05, 0xff, 0xd1, 0x05, 0xff, 0xd1, 0x05, 0xff, 0xd1, 0x05, 0xff, 0xd1, 0x05, 0xff, 0xd1, 0x05,
  0xff, 0xd1, 0x05, 0xff, 0xd1, 0x05, 0xff, 0xd1, 0x05, 0xff, 0xd1, 0x05, 0xff, 0xd1, 0x05, 0xff,
  0xd1, 0x05, 0xff, 0xd1, 0x05, 0xff, 0xd1, 0x05, 0xff, 0xd1, 0x05, 0xff, 0xd1, 0x05, 0xff, 0xd1,
  0x05, 0xff, 0xd1, 0x05, 0xff, 0xd1, 0x05, 0xff, 0x00, 0x00, 0x00, 0x00, 0x00, 0x00, 0x00, 0x00,
  0x00, 0x00, 0x00, 0x00, 0x00, 0x00, 0x00, 0x00, 0x00, 0x00, 0x00, 0x00, 0x00, 0x00, 0x00, 0x00,
  0x00, 0x00, 0x00, 0x00, 0x00, 0x00, 0x00, 0x00, 0x00, 0x00, 0x00, 0x00, 0x00, 0x00, 0x00, 0x00,
  0x00, 0x00, 0x00, 0x00, 0x00, 0x00, 0x00, 0x00, 0xd1, 0x05, 0xff, 0xd1, 0x05, 0xff, 0xd1, 0x05,
  0xff, 0xd1, 0x05, 0xff, 0xd1, 0x05, 0xff, 0xd1, 0x05, 0xff, 0xd1, 0x05, 0xff, 0xd1, 0x05, 0xff,
  0xd1, 0x05, 0xff, 0xd1, 0x05, 0xff, 0xd1, 0x05, 0xff, 0xd1, 0x05, 0xff, 0xd1, 0x05, 0xff, 0xd1,
  0x05, 0xff, 0xd1, 0x05, 0xff, 0xd1, 0x05, 0xff, 0xd1, 0x05, 0xff, 0xd1, 0x05, 0xff, 0xd1, 0x05,
  0xff, 0xd1, 0x05, 0xff, 0xd1, 0x05, 0xff, 0xd1, 0x05, 0xff, 0xd1, 0x05, 0xff, 0xd1, 0x05, 0xc6,
  0xd1, 0x05, 0xc6, 0xd1, 0x05, 0xff, 0xd1, 0x05, 0xff, 0xd1, 0x05, 0xff, 0xd1, 0x05, 0xff, 0xd1,
  0x05, 0xff, 0xd1, 0x05, 0xff, 0xd1, 0x05, 0xff, 0xd1, 0x05, 0xff, 0xd1, 0x05, 0xff, 0xd1, 0x05,
  0xff, 0xd1, 0x05, 0xff, 0xd1, 0x05, 0xff, 0xd1, 0x05, 0xff, 0xd1, 0x05, 0xff, 0xd1, 0x05, 0xff,
  0xd1, 0x05, 0xff, 0xd1, 0x05, 0xff, 0xd1, 0x05, 0xff, 0xd1, 0x05, 0xff, 0xd1, 0x05, 0xff, 0xd1,
  0x05, 0xff, 0xd1, 0x05, 0xff, 0xd1, 0x05, 0xff, 0x00, 0x00, 0x00, 0x00, 0x00, 0x00, 0x00, 0x00,
  0x00, 0x00, 0x00, 0x00, 0x00, 0x00, 0x00, 0x00, 0x00, 0x00, 0x00, 0x00, 0x00, 0x00, 0x00, 0x00,
  0x00, 0x00, 0x00, 0x00, 0x00, 0x00, 0x00, 0x00, 0x00, 0x00, 0x00, 0x00, 0x00, 0x00, 0x00, 0x00,
  0x00, 0x00, 0x00, 0x00, 0x00, 0x00, 0x00, 0x00, 0xd1, 0x05, 0xff, 0xd1, 0x05, 0xff, 0xd1, 0x05,
  0xff, 0xd1, 0x05, 0xff, 0xd1, 0x05, 0xff, 0xd1, 0x05, 0xff, 0xd1, 0x05, 0xff, 0xd1, 0x05, 0xff,
  0xd1, 0x05, 0xff, 0xd1, 0x05, 0xff, 0xd1, 0x05, 0xff, 0xd1, 0x05, 0xff, 0xd1, 0x05, 0xff, 0xd1,
  0x05, 0xff, 0xd1, 0x05, 0xff, 0xd1, 0x05, 0xff, 0xd1, 0x05, 0xff, 0xd1, 0x05, 0xff, 0xd1, 0x05,
  0xff, 0xd1, 0x05, 0xff, 0xd1, 0x05, 0xff, 0xd1, 0x05, 0xff, 0xd1, 0x05, 0xff, 0xd1, 0x05, 0xff,
  0xd1, 0x05, 0xff, 0xd1, 0x05, 0xff, 0xd1, 0x05, 0xff, 0xd1, 0x05, 0xff, 0xd1, 0x05, 0xff, 0xd1,
  0x05, 0xff, 0xd1, 0x05, 0xff, 0xd1, 0x05, 0xff, 0xd1, 0x05, 0xff, 0xd1, 0x05, 0xff, 0xd1, 0x05,
  0xff, 0xd1, 0x05, 0xff, 0xd1, 0x05, 0xff, 0xd1, 0x05, 0xff, 0xd1, 0x05, 0xff, 0xd1, 0x05, 0xff,
  0xd1, 0x05, 0xff, 0xd1, 0x05, 0xff, 0xd1, 0x05, 0xff, 0xd1, 0x05, 0xff, 0xd1, 0x05, 0xff, 0xd1,
  0x05, 0xff, 0xd1, 0x05, 0xff, 0xd1, 0x05, 0xff, 0x00, 0x00, 0x00, 0x00, 0x00, 0x00, 0x00, 0x00,
  0x00, 0x00, 0x00, 0x00, 0x00, 0x00, 0x00, 0x00, 0x00, 0x00, 0x00, 0x00, 0x00, 0x00, 0x00, 0x00,
  0x00, 0x00, 0x00, 0x00, 0x00, 0x00, 0x00, 0x00, 0x00, 0x00, 0x00, 0x00, 0x00, 0x00, 0x00, 0x00,
  0x00, 0x00, 0x00, 0x00, 0x00, 0x00, 0x00, 0x00, 0xd1, 0x05, 0xff, 0xd1, 0x05, 0xff, 0xd1, 0x05,
  0xff, 0xd1, 0x05, 0xff, 0xd1, 0x05, 0xff, 0xd1, 0x05, 0xff, 0xd1, 0x05, 0xff, 0xd1, 0x05, 0xff,
  0xd1, 0x05, 0xff, 0xd1, 0x05, 0xff, 0xd1, 0x05, 0xff, 0xd1, 0x05, 0xff, 0xd1, 0x05, 0xff, 0xd1,
  0x05, 0xff, 0xd1, 0x05, 0xff, 0xd1, 0x05, 0xff, 0xd1, 0x05, 0xff, 0xd1, 0x05, 0xff, 0xd1, 0x05,
  0xff, 0xd1, 0x05, 0xff, 0xd1, 0x05, 0xff, 0xd1, 0x05, 0xff, 0xd1, 0x05, 0xff, 0xd1, 0x05, 0xff,
  0xd1, 0x05, 0xff, 0xd1, 0x05, 0xff, 0xd1, 0x05, 0xff, 0xd1, 0x05, 0xff, 0xd1, 0x05, 0xff, 0xd1,
  0x05, 0xff, 0xd1, 0x05, 0xff, 0xd1, 0x05, 0xff, 0xd1, 0x05, 0xff, 0xd1, 0x05, 0xff, 0xd1, 0x05,
  0xff, 0xd1, 0x05, 0xff, 0xd1, 0x05, 0xff, 0xd1, 0x05, 0xff, 0xd1, 0x05, 0xff, 0xd1, 0x05, 0xff,
  0xd1, 0x05, 0xff, 0xd1, 0x05, 0xff, 0xd1, 0x05, 0xff, 0xd1, 0x05, 0xff, 0xd1, 0x05, 0xff, 0xd1,
  0x05, 0xff, 0xd1, 0x05, 0xff, 0xd1, 0x05, 0xff, 0x00, 0x00, 0x00, 0x00, 0x00, 0x00, 0x00, 0x00,
  0x00, 0x00, 0x00, 0x00, 0x00, 0x00, 0x00, 0x00, 0x00, 0x00, 0x00, 0x00, 0x00, 0x00, 0x00, 0x00,
  0x00, 0x00, 0x00, 0x00, 0x00, 0x00, 0x00, 0x00, 0x00, 0x00, 0x00, 0x00, 0x00, 0x00, 0x00, 0x00,
  0x00, 0x00, 0x00, 0x00, 0x00, 0x00, 0x00, 0x00, 0xd1, 0x05, 0xff, 0xd1, 0x05, 0xff, 0xd1, 0x05,
  0xff, 0xd1, 0x05, 0xff, 0xd1, 0x05, 0xff, 0xd1, 0x05, 0xff, 0xd1, 0x05, 0xff, 0xd1, 0x05, 0xff,
  0xd1, 0x05, 0xff, 0xd1, 0x05, 0xff, 0xd1, 0x05, 0xff, 0xd1, 0x05, 0xff, 0xd1, 0x05, 0xff, 0xd1,
  0x05, 0xff, 0xd1, 0x05, 0xff, 0xd1, 0x05, 0xff, 0xd1, 0x05, 0xff, 0xd1, 0x05, 0xff, 0xd1, 0x05,
  0xff, 0xd1, 0x05, 0xff, 0xd1, 0x05, 0xff, 0xd1, 0x05, 0xff, 0xd1, 0x05, 0xff, 0xd1, 0x05, 0xff,
  0xd1, 0x05, 0xff, 0xd1, 0x05, 0xff, 0xd1, 0x05, 0xff, 0xd1, 0x05, 0xff, 0xd1, 0x05, 0xff, 0xd1,
  0x05, 0xff, 0xd1, 0x05, 0xff, 0xd1, 0x05, 0xff, 0xd1, 0x05, 0xff, 0xd1, 0x05, 0xff, 0xd1, 0x05,
  0xff, 0xd1, 0x05, 0xff, 0xd1, 0x05, 0xff, 0xd1, 0x05, 0xff, 0xd1, 0x05, 0xff, 0xd1, 0x05, 0xff,
  0xd1, 0x05, 0xff, 0xd1, 0x05, 0xff, 0xd1, 0x05, 0xff, 0xd1, 0x05, 0xff, 0xd1, 0x05, 0xff, 0xd1,
  0x05, 0xff, 0xd1, 0x05, 0xff, 0xd1, 0x05, 0xff, 0x00, 0x00, 0x00, 0x00, 0x00, 0x00, 0x00, 0x00,
  0x00, 0x00, 0x00, 0x00, 0x00, 0x00, 0x00, 0x00, 0x00, 0x00, 0x00, 0x00, 0x00, 0x00, 0x00, 0x00,
  0x00, 0x00, 0x00, 0x00, 0x00, 0x00, 0x00, 0x00, 0x00, 0x00, 0x00, 0x00, 0x00, 0x00, 0x00, 0x00,
  0x00, 0x00, 0x00, 0x00, 0x00, 0x00, 0x00, 0x00, 0xd1, 0x05, 0xfe, 0xd1, 0x05, 0xff, 0xd1, 0x05,
  0xff, 0xd1, 0x05, 0xff, 0xd1, 0x05, 0xff, 0xd1, 0x05, 0xff, 0xd1, 0x05, 0xff, 0xd1, 0x05, 0xff,
  0xd1, 0x05, 0xff, 0xd1, 0x05, 0xff, 0xd1, 0x05, 0xff, 0xd1, 0x05, 0xff, 0xd1, 0x05, 0xff, 0xd1,
  0x05, 0xff, 0xd1, 0x05, 0xff, 0xd1, 0x05, 0xff, 0xd1, 0x05, 0xff, 0xd1, 0x05, 0xff, 0xd1, 0x05,
  0xff, 0xd1, 0x05, 0xff, 0xd1, 0x05, 0xff, 0xd1, 0x05, 0xff, 0xd1, 0x05, 0xff, 0xd1, 0x05, 0xff,
  0xd1, 0x05, 0xff, 0xd1, 0x05, 0xff, 0xd1, 0x05, 0xff, 0xd1, 0x05, 0xff, 0xd1, 0x05, 0xff, 0xd1,
  0x05, 0xff, 0xd1, 0x05, 0xff, 0xd1, 0x05, 0xff, 0xd1, 0x05, 0xff, 0xd1, 0x05, 0xff, 0xd1, 0x05,
  0xff, 0xd1, 0x05, 0xff, 0xd1, 0x05, 0xff, 0xd1, 0x05, 0xff, 0xd1, 0x05, 0xff, 0xd1, 0x05, 0xff,
  0xd1, 0x05, 0xff, 0xd1, 0x05, 0xff, 0xd1, 0x05, 0xff, 0xd1, 0x05, 0xff, 0xd1, 0x05, 0xff, 0xd1,
  0x05, 0xff, 0xd1, 0x05, 0xff, 0xd1, 0x05, 0xfe, 0x00, 0x00, 0x00, 0x00, 0x00, 0x00, 0x00, 0x00,
  0x00, 0x00, 0x00, 0x00, 0x00, 0x00, 0x00, 0x00, 0x00, 0x00, 0x00, 0x00, 0x00, 0x00, 0x00, 0x00,
  0x00, 0x00, 0x00, 0x00, 0x00, 0x00, 0x00, 0x00, 0x00, 0x00, 0x00, 0x00, 0x00, 0x00, 0x00, 0x00,
  0x00, 0x00, 0x00, 0x00, 0x00, 0x00, 0x00, 0x00, 0xd1, 0x05, 0xe8, 0xd1, 0x05, 0xff, 0xd1, 0x05,
  0xff, 0xd1, 0x05, 0xff, 0xd1, 0x05, 0xff, 0xd1, 0x05, 0xff, 0xd1, 0x05, 0xff, 0xd1, 0x05, 0xff,
  0xd1, 0x05, 0xff, 0xd1, 0x05, 0xff, 0xd1, 0x05, 0xff, 0xd1, 0x05, 0xff, 0xd1, 0x05, 0xff, 0xd1,
  0x05, 0xff, 0xd1, 0x05, 0xff, 0xd1, 0x05, 0xff, 0xd1, 0x05, 0xff, 0xd1, 0x05, 0xff, 0xd1, 0x05,
  0xff, 0xd1, 0x05, 0xff, 0xd1, 0x05, 0xff, 0xd1, 0x05, 0xff, 0xd1, 0x05, 0xff, 0xd1, 0x05, 0xff,
  0xd1, 0x05, 0xff, 0xd1, 0x05, 0xff, 0xd1, 0x05, 0xff, 0xd1, 0x05, 0xff, 0xd1, 0x05, 0xff, 0xd1,
  0x05, 0xff, 0xd1, 0x05, 0xff, 0xd1, 0x05, 0xff, 0xd1, 0x05, 0xff, 0xd1, 0x05, 0xff, 0xd1, 0x05,
  0xff, 0xd1, 0x05, 0xff, 0xd1, 0x05, 0xff, 0xd1, 0x05, 0xff, 0xd1, 0x05, 0xff, 0xd1, 0x05, 0xff,
  0xd1, 0x05, 0xff, 0xd1, 0x05, 0xff, 0xd1, 0x05, 0xff, 0xd1, 0x05, 0xff, 0xd1, 0x05, 0xff, 0xd1,
  0x05, 0xff, 0xd1, 0x05, 0xff, 0xd1, 0x05, 0xe7, 0x00, 0x00, 0x00, 0x00, 0x00, 0x00, 0x00, 0x00,
  0x00, 0x00, 0x00, 0x00, 0x00, 0x00, 0x00, 0x00, 0x00, 0x00, 0x00, 0x00, 0x00, 0x00, 0x00, 0x00,
  0x00, 0x00, 0x00, 0x00, 0x00, 0x00, 0x00, 0x00, 0x00, 0x00, 0x00, 0x00, 0x00, 0x00, 0x00, 0x00,
  0x00, 0x00, 0x00, 0x00, 0x00, 0x00, 0x00, 0x00, 0xd1, 0x05, 0xa6, 0xd1, 0x05, 0xff, 0xd1, 0x05,
  0xff, 0xd1, 0x05, 0xff, 0xd1, 0x05, 0xff, 0xd1, 0x05, 0xff, 0xd1, 0x05, 0xff, 0xd1, 0x05, 0xff,
  0xd1, 0x05, 0xff, 0xd1, 0x05, 0xff, 0xd1, 0x05, 0xff, 0xd1, 0x05, 0xff, 0xd1, 0x05, 0xff, 0xd1,
  0x05, 0xff, 0xd1, 0x05, 0xff, 0xd1, 0x05, 0xff, 0xd1, 0x05, 0xff, 0xd1, 0x05, 0xff, 0xd1, 0x05,
  0xff, 0xd1, 0x05, 0xff, 0xd1, 0x05, 0xff, 0xd1, 0x05, 0xff, 0xd1, 0x05, 0xff, 0xd1, 0x05, 0xff,
  0xd1, 0x05, 0xff, 0xd1, 0x05, 0xff, 0xd1, 0x05, 0xff, 0xd1, 0x05, 0xff, 0xd1, 0x05, 0xff, 0xd1,
  0x05, 0xff, 0xd1, 0x05, 0xff, 0xd1, 0x05, 0xff, 0xd1, 0x05, 0xff, 0xd1, 0x05, 0xff, 0xd1, 0x05,
  0xff, 0xd1, 0x05, 0xff, 0xd1, 0x05, 0xff, 0xd1, 0x05, 0xff, 0xd1, 0x05, 0xff, 0xd1, 0x05, 0xff,
  0xd1, 0x05, 0xff, 0xd1, 0x05, 0xff, 0xd1, 0x05, 0xff, 0xd1, 0x05, 0xff, 0xd1, 0x05, 0xff, 0xd1,
  0x05, 0xff, 0xd1, 0x05, 0xff, 0xd1, 0x05, 0xa4, 0x00, 0x00, 0x00, 0x00, 0x00, 0x00, 0x00, 0x00,
  0x00, 0x00, 0x00, 0x00, 0x00, 0x00, 0x00, 0x00, 0x00, 0x00, 0x00, 0x00, 0x00, 0x00, 0x00, 0x00,
  0x00, 0x00, 0x00, 0x00, 0x00, 0x00, 0x00, 0x00, 0x00, 0x00, 0x00, 0x00, 0x00, 0x00, 0x00, 0x00,
  0x00, 0x00, 0x00, 0x00, 0x00, 0x00, 0x00, 0x00, 0xd1, 0x05, 0x2e, 0xd1, 0x05, 0xf9, 0xd1, 0x05,
  0xff, 0xd1, 0x05, 0xff, 0xd1, 0x05, 0xff, 0xd1, 0x05, 0xff, 0xd1, 0x05, 0xff, 0xd1, 0x05, 0xff,
  0xd1, 0x05, 0xff, 0xd1, 0x05, 0xff, 0xd1, 0x05, 0xff, 0xd1, 0x05, 0xff, 0xd1, 0x05, 0xff, 0xd1,
  0x05, 0xff, 0xd1, 0x05, 0xff, 0xd1, 0x05, 0xff, 0xd1, 0x05, 0xff, 0xd1, 0x05, 0xff, 0xd1, 0x05,
  0xff, 0xd1, 0x05, 0xff, 0xd1, 0x05, 0xff, 0xd1, 0x05, 0xff, 0xd1, 0x05, 0xff, 0xd1, 0x05, 0xff,
  0xd1, 0x05, 0xff, 0xd1, 0x05, 0xff, 0xd1, 0x05, 0xff, 0xd1, 0x05, 0xff, 0xd1, 0x05, 0xff, 0xd1,
  0x05, 0xff, 0xd1, 0x05, 0xff, 0xd1, 0x05, 0xff, 0xd1, 0x05, 0xff, 0xd1, 0x05, 0xff, 0xd1, 0x05,
  0xff, 0xd1, 0x05, 0xff, 0xd1, 0x05, 0xff, 0xd1, 0x05, 0xff, 0xd1, 0x05, 0xff, 0xd1, 0x05, 0xff,
  0xd1, 0x05, 0xff, 0xd1, 0x05, 0xff, 0xd1, 0x05, 0xff, 0xd1, 0x05, 0xff, 0xd1, 0x05, 0xff, 0xd1,
  0x05, 0xff, 0xd1, 0x05, 0xf8, 0xd1, 0x25, 0x2c, 0x00, 0x00, 0x00, 0x00, 0x00, 0x00, 0x00, 0x00,
  0x00, 0x00, 0x00, 0x00, 0x00, 0x00, 0x00, 0x00, 0x00, 0x00, 0x00, 0x00, 0x00, 0x00, 0x00, 0x00,
  0x00, 0x00, 0x00, 0x00, 0x00, 0x00, 0x00, 0x00, 0x00, 0x00, 0x00, 0x00, 0x00, 0x00, 0x00, 0x00,
  0x00, 0x00, 0x00, 0x00, 0x00, 0x00, 0x00, 0x00, 0x00, 0x00, 0x00, 0xd1, 0x25, 0x5a, 0xd1, 0x05,
  0xf9, 0xd1, 0x05, 0xff, 0xd1, 0x05, 0xff, 0xd1, 0x05, 0xff, 0xd1, 0x05, 0xff, 0xd1, 0x05, 0xff,
  0xd1, 0x05, 0xff, 0xd1, 0x05, 0xff, 0xd1, 0x05, 0xff, 0xd1, 0x05, 0xff, 0xd1, 0x05, 0xff, 0xd1,
  0x05, 0xff, 0xd1, 0x05, 0xff, 0xd1, 0x05, 0xff, 0xd1, 0x05, 0xff, 0xd1, 0x05, 0xff, 0xd1, 0x05,
  0xff, 0xd1, 0x05, 0xff, 0xd1, 0x05, 0xff, 0xd1, 0x05, 0xff, 0xd1, 0x05, 0xff, 0xd1, 0x05, 0xff,
  0xd1, 0x05, 0xff, 0xd1, 0x05, 0xff, 0xd1, 0x05, 0xff, 0xd1, 0x05, 0xff, 0xd1, 0x05, 0xff, 0xd1,
  0x05, 0xff, 0xd1, 0x05, 0xff, 0xd1, 0x05, 0xff, 0xd1, 0x05, 0xff, 0xd1, 0x05, 0xff, 0xd1, 0x05,
  0xff, 0xd1, 0x05, 0xff, 0xd1, 0x05, 0xff, 0xd1, 0x05, 0xff, 0xd1, 0x05, 0xff, 0xd1, 0x05, 0xff,
  0xd1, 0x05, 0xff, 0xd1, 0x05, 0xff, 0xd1, 0x05, 0xff, 0xd1, 0x05, 0xff, 0xd1, 0x05, 0xff, 0xd1,
  0x05, 0xf8, 0xd1, 0x25, 0x59, 0x00, 0x00, 0x00, 0x00, 0x00, 0x00, 0x00, 0x00, 0x00, 0x00, 0x00,
  0x00, 0x00, 0x00, 0x00, 0x00, 0x00, 0x00, 0x00, 0x00, 0x00, 0x00, 0x00, 0x00, 0x00, 0x00, 0x00,
  0x00, 0x00, 0x00, 0x00, 0x00, 0x00, 0x00, 0x00, 0x00, 0x00, 0x00, 0x00, 0x00, 0x00, 0x00, 0x00,
  0x00, 0x00, 0x00, 0x00, 0x00, 0x00, 0x00, 0x00, 0x00, 0x00, 0x00, 0x00, 0x00, 0x00, 0xd1, 0x05,
  0x2e, 0xd1, 0x05, 0xa5, 0xd1, 0x05, 0xe6, 0xd1, 0x05, 0xff, 0xd1, 0x05, 0xff, 0xd1, 0x05, 0xff,
  0xd1, 0x05, 0xff, 0xd1, 0x05, 0xff, 0xd1, 0x05, 0xff, 0xd1, 0x05, 0xff, 0xd1, 0x05, 0xff, 0xd1,
  0x05, 0xff, 0xd1, 0x05, 0xff, 0xd1, 0x05, 0xff, 0xd1, 0x05, 0xff, 0xd1, 0x05, 0xff, 0xd1, 0x05,
  0xff, 0xd1, 0x05, 0xff, 0xd1, 0x05, 0xff, 0xd1, 0x05, 0xff, 0xd1, 0x05, 0xff, 0xd1, 0x05, 0xff,
  0xd1, 0x05, 0xff, 0xd1, 0x05, 0xff, 0xd1, 0x05, 0xff, 0xd1, 0x05, 0xff, 0xd1, 0x05, 0xff, 0xd1,
  0x05, 0xff, 0xd1, 0x05, 0xff, 0xd1, 0x05, 0xff, 0xd1, 0x05, 0xff, 0xd1, 0x05, 0xff, 0xd1, 0x05,
  0xff, 0xd1, 0x05, 0xff, 0xd1, 0x05, 0xff, 0xd1, 0x05, 0xff, 0xd1, 0x05, 0xff, 0xd1, 0x05, 0xff,
  0xd1, 0x05, 0xff, 0xd1, 0x05, 0xff, 0xd1, 0x05, 0xff, 0xd1, 0x05, 0xe6, 0xd1, 0x05, 0xa4, 0xd1,
  0x25, 0x2c, 0x00, 0x00, 0x00, 0x00, 0x00, 0x00, 0x00, 0x00, 0x00, 0x00, 0x00, 0x00, 0x00, 0x00,
  0x00, 0x00, 0x00, 0x00, 0x00, 0x00, 0x00, 0x00, 0x00, 0x00, 0x00, 0x00, 0x00, 0x00, 0x00, 0x00,
  0x00, 0x00, 0x00, 0x00, 0x00, 0x00, 0x00, 0x00, 0x00, 0x00, 0x00, 0x00, 0x00, 0x00, 0x00, 0x00,
  0x00, 0x00, 0x00, 0x00, 0x00, 0x00, 0x00, 0x00, 0x00, 0x00, 0x00, 0x00, 0x00, 0x00, 0x00, 0x00,
  0x00, 0x00, 0x00, 0x00, 0x00, 0x00, 0x00, 0x00, 0x00, 0x00, 0x00, 0x00, 0x00, 0x00, 0x00, 0x00,
  0x00, 0x00, 0x00, 0x00, 0x00, 0x00, 0x00, 0x00, 0x00, 0x00, 0x00, 0x00, 0x00, 0x00, 0x00, 0x00,
  0x00, 0x00, 0x00, 0x00, 0x00, 0x00, 0x00, 0x00, 0x00, 0x00, 0x00, 0x00, 0x00, 0x00, 0x00, 0x00,
  0x00, 0x00, 0x00, 0x00, 0x00, 0x00, 0x00, 0x00, 0x00, 0x00, 0x00, 0x00, 0x00, 0x00, 0x00, 0x00,
  0x00, 0x00, 0x00, 0x00, 0x00, 0x00, 0x00, 0x00, 0x00, 0x00, 0x00, 0x00, 0x00, 0x00, 0x00, 0x00,
  0x00, 0x00, 0x00, 0x00, 0x00, 0x00, 0x00, 0x00, 0x00, 0x00, 0x00, 0x00, 0x00, 0x00, 0x00, 0x00,
  0x00, 0x00, 0x00, 0x00, 0x00, 0x00, 0x00, 0x00, 0x00, 0x00, 0x00, 0x00, 0x00, 0x00, 0x00, 0x00,
  0x00, 0x00, 0x00, 0x00, 0x00, 0x00, 0x00, 0x00, 0x00, 0x00, 0x00, 0x00, 0x00, 0x00, 0x00, 0x00,
  0x00, 0x00, 0x00, 0x00, 0x00, 0x00, 0x00, 0x00, 0x00, 0x00, 0x00, 0x00, 0x00, 0x00, 0x00, 0x00,
  0x00, 0x00, 0x00, 0x00, 0x00, 0x00, 0x00, 0x00, 0x00, 0x00, 0x00, 0x00, 0x00, 0x00, 0x00, 0x00,
  0x00, 0x00, 0x00, 0x00, 0x00, 0x00, 0x00, 0x00, 0x00, 0x00, 0x00, 0x00, 0x00, 0x00, 0x00, 0x00,
  0x00, 0x00, 0x00, 0x00, 0x00, 0x00, 0x00, 0x00, 0x00, 0x00, 0x00, 0x00, 0x00, 0x00, 0x00, 0x00,
  0x00, 0x00, 0x00, 0x00, 0x00, 0x00, 0x00, 0x00, 0x00, 0x00, 0x00, 0x00, 0x00, 0x00, 0x00, 0x00,
  0x00, 0x00, 0x00, 0x00, 0x00, 0x00, 0x00, 0x00, 0x00, 0x00, 0x00, 0x00, 0x00, 0x00, 0x00, 0x00,
  0x00, 0x00, 0x00, 0x00, 0x00, 0x00, 0x00, 0x00, 0x00, 0x00, 0x00, 0x00, 0x00, 0x00, 0x00, 0x00,
  0x00, 0x00, 0x00, 0x00, 0x00, 0x00, 0x00, 0x00, 0x00, 0x00, 0x00, 0x00, 0x00, 0x00, 0x00, 0x00,
  0x00, 0x00, 0x00, 0x00, 0x00, 0x00, 0x00, 0x00, 0x00, 0x00, 0x00, 0x00, 0x00, 0x00, 0x00, 0x00,
  0x00, 0x00, 0x00, 0x00, 0x00, 0x00, 0x00, 0x00, 0x00, 0x00, 0x00, 0x00, 0x00, 0x00, 0x00, 0x00,
  0x00, 0x00, 0x00, 0x00, 0x00, 0x00, 0x00, 0x00, 0x00, 0x00, 0x00, 0x00, 0x00, 0x00, 0x00, 0x00,
  0x00, 0x00, 0x00, 0x00, 0x00, 0x00, 0x00, 0x00, 0x00, 0x00, 0x00, 0x00, 0x00, 0x00, 0x00, 0x00,
  0x00, 0x00, 0x00, 0x00, 0x00, 0x00, 0x00, 0x00, 0x00, 0x00, 0x00, 0x00, 0x00, 0x00, 0x00, 0x00,
  0x00, 0x00, 0x00, 0x00, 0x00, 0x00, 0x00, 0x00, 0x00, 0x00, 0x00, 0x00, 0x00, 0x00, 0x00, 0x00,
  0x00, 0x00, 0x00, 0x00, 0x00, 0x00, 0x00, 0x00, 0x00, 0x00, 0x00, 0x00, 0x00, 0x00, 0x00, 0x00,
  0x00, 0x00, 0x00, 0x00, 0x00, 0x00, 0x00, 0x00, 0x00, 0x00, 0x00, 0x00, 0x00, 0x00, 0x00, 0x00,
  0x00, 0x00, 0x00, 0x00, 0x00, 0x00, 0x00, 0x00, 0x00, 0x00, 0x00, 0x00, 0x00, 0x00, 0x00, 0x00,
  0x00, 0x00, 0x00, 0x00, 0x00, 0x00, 0x00, 0x00, 0x00, 0x00, 0x00, 0x00, 0x00, 0x00, 0x00, 0x00,
  0x00, 0x00, 0x00, 0x00, 0x00, 0x00, 0x00, 0x00, 0x00, 0x00, 0x00, 0x00, 0x00, 0x00, 0x00, 0x00,
  0x00, 0x00, 0x00, 0x00, 0x00, 0x00, 0x00, 0x00, 0x00, 0x00, 0x00, 0x00, 0x00, 0x00, 0x00, 0x00,
  0x00, 0x00, 0x00, 0x00, 0x00, 0x00, 0x00, 0x00, 0x00, 0x00, 0x00, 0x00, 0x00, 0x00, 0x00, 0x00,
  0x00, 0x00, 0x00, 0x00, 0x00, 0x00, 0x00, 0x00, 0x00, 0x00, 0x00, 0x00, 0x00, 0x00, 0x00, 0x00,
  0x00, 0x00, 0x00, 0x00, 0x00, 0x00, 0x00, 0x00, 0x00, 0x00, 0x00, 0x00, 0x00, 0x00, 0x00, 0x00,
  0x00, 0x00, 0x00, 0x00, 0x00, 0x00, 0x00, 0x00, 0x00, 0x00, 0x00, 0x00, 0x00, 0x00, 0x00, 0x00,
  0x00, 0x00, 0x00, 0x00, 0x00, 0x00, 0x00, 0x00, 0x00, 0x00, 0x00, 0x00, 0x00, 0x00, 0x00, 0x00,
  0x00, 0x00, 0x00, 0x00, 0x00, 0x00, 0x00, 0x00, 0x00, 0x00, 0x00, 0x00, 0x00, 0x00, 0x00, 0x00,
  0x00, 0x00, 0x00, 0x00, 0x00, 0x00, 0x00, 0x00, 0x00, 0x00, 0x00, 0x00, 0x00, 0x00, 0x00, 0x00,
  0x00, 0x00, 0x00, 0x00, 0x00, 0x00, 0x00, 0x00, 0x00, 0x00, 0x00, 0x00, 0x00, 0x00, 0x00, 0x00,
  0x00, 0x00, 0x00, 0x00, 0x00, 0x00, 0x00, 0x00, 0x00, 0x00, 0x00, 0x00, 0x00, 0x00, 0x00, 0x00,
  0x00, 0x00, 0x00, 0x00, 0x00, 0x00, 0x00, 0x00, 0x00, 0x00, 0x00, 0x00, 0x00, 0x00, 0x00, 0x00,
  0x00, 0x00, 0x00, 0x00, 0x00, 0x00, 0x00, 0x00, 0x00, 0x00, 0x00, 0x00, 0x00, 0x00, 0x00, 0x00,
  0x00, 0x00, 0x00, 0x00, 0x00, 0x00, 0x00, 0x00, 0x00, 0x00, 0x00, 0x00, 0x00, 0x00, 0x00, 0x00,
  0x00, 0x00, 0x00, 0x00, 0x00, 0x00, 0x00, 0x00, 0x00, 0x00, 0x00, 0x00, 0x00, 0x00, 0x00, 0x00,
  0x00, 0x00, 0x00, 0x00, 0x00, 0x00, 0x00, 0x00, 0x00, 0x00, 0x00, 0x00, 0x00, 0x00, 0x00, 0x00,
  0x00, 0x00, 0x00, 0x00, 0x00, 0x00, 0x00, 0x00, 0x00, 0x00, 0x00, 0x00, 0x00, 0x00, 0x00, 0x00,
  0x00, 0x00, 0x00, 0x00, 0x00, 0x00, 0x00, 0x00, 0x00, 0x00, 0x00, 0x00, 0x00, 0x00, 0x00, 0x00,
  0x00, 0x00, 0x00, 0x00, 0x00, 0x00, 0x00, 0x00, 0x00, 0x00, 0x00, 0x00, 0x00, 0x00, 0x00, 0x00,
  0x00, 0x00, 0x00, 0x00, 0x00, 0x00, 0x00, 0x00, 0x00, 0x00, 0x00, 0x00, 0x00, 0x00, 0x00, 0x00,
  0x00, 0x00, 0x00, 0x00, 0x00, 0x00, 0x00, 0x00, 0x00, 0x00, 0x00, 0x00, 0x00, 0x00, 0x00, 0x00,
  0x00, 0x00, 0x00, 0x00, 0x00, 0x00, 0x00, 0x00, 0x00, 0x00, 0x00, 0x00, 0x00, 0x00, 0x00, 0x00,
  0x00, 0x00, 0x00, 0x00, 0x00, 0x00, 0x00, 0x00, 0x00, 0x00, 0x00, 0x00, 0x00, 0x00, 0x00, 0x00,
  0x00, 0x00, 0x00, 0x00, 0x00, 0x00, 0x00, 0x00, 0x00, 0x00, 0x00, 0x00, 0x00, 0x00, 0x00, 0x00,
  0x00, 0x00, 0x00, 0x00, 0x00, 0x00, 0x00, 0x00, 0x00, 0x00, 0x00, 0x00, 0x00, 0x00, 0x00, 0x00,
  0x00, 0x00, 0x00, 0x00, 0x00, 0x00, 0x00, 0x00, 0x00, 0x00, 0x00, 0x00, 0x00, 0x00, 0x00, 0x00,
  0x00, 0x00, 0x00, 0x00, 0x00, 0x00, 0x00, 0x00, 0x00, 0x00, 0x00, 0x00, 0x00, 0x00, 0x00, 0x00,
  0x00, 0x00, 0x00, 0x00, 0x00, 0x00, 0x00, 0x00, 0x00, 0x00, 0x00, 0x00, 0x00, 0x00, 0x00, 0x00,
  0x00, 0x00, 0x00, 0x00, 0x00, 0x00, 0x00, 0x00, 0x00, 0x00, 0x00, 0x00, 0x00, 0x00, 0x00, 0x00,
  0x00, 0x00, 0x00, 0x00, 0x00, 0x00, 0x00, 0x00, 0x00, 0x00, 0x00, 0x00, 0x00, 0x00, 0x00, 0x00,
  0x00, 0x00, 0x00, 0x00, 0x00, 0x00, 0x00, 0x00, 0x00, 0x00, 0x00, 0x00, 0x00, 0x00, 0x00, 0x00,
  0x00, 0x00, 0x00, 0x00, 0x00, 0x00, 0x00, 0x00, 0x00, 0x00, 0x00, 0x00, 0x00, 0x00, 0x00, 0x00,
  0x00, 0x00, 0x00, 0x00, 0x00, 0x00, 0x00, 0x00, 0x00, 0x00, 0x00, 0x00, 0x00, 0x00, 0x00, 0x00,
  0x00, 0x00, 0x00, 0x00, 0x00, 0x00, 0x00, 0x00, 0x00, 0x00, 0x00, 0x00, 0x00, 0x00, 0x00, 0x00,
  0x00, 0x00, 0x00, 0x00, 0x00, 0x00, 0x00, 0x00, 0x00, 0x00, 0x00, 0x00, 0x00, 0x00, 0x00, 0x00,
  0x00, 0x00, 0x00, 0x00, 0x00, 0x00, 0x00, 0x00, 0x00, 0x00, 0x00, 0x00, 0x00, 0x00, 0x00, 0x00,
  0x00, 0x00, 0x00, 0x00, 0x00, 0x00, 0x00, 0x00, 0x00, 0x00, 0x00, 0x00, 0x00, 0x00, 0x00, 0x00,
  0x00, 0x00, 0x00, 0x00, 0x00, 0x00, 0x00, 0x00, 0x00, 0x00, 0x00, 0x00, 0x00, 0x00, 0x00, 0x00,
  0x00, 0x00, 0x00, 0x00, 0x00, 0x00, 0x00, 0x00, 0x00, 0x00, 0x00, 0x00, 0x00, 0x00, 0x00, 0x00,
  0x00, 0x00, 0x00, 0x00, 0x00, 0x00, 0x00, 0x00, 0x00, 0x00, 0x00, 0x00, 0x00, 0x00, 0x00, 0x00,
  0x00, 0x00, 0x00, 0x00, 0x00, 0x00, 0x00, 0x00, 0x00, 0x00, 0x00, 0x00, 0x00, 0x00, 0x00, 0x00,
  0x00, 0x00, 0x00, 0x00, 0x00, 0x00, 0x00, 0x00, 0x00, 0x00, 0x00, 0x00, 0x00, 0x00, 0x00, 0x00,
  0x00, 0x00, 0x00, 0x00, 0x00, 0x00, 0x00, 0x00, 0x00, 0x00, 0x00, 0x00, 0x00, 0x00, 0x00, 0x00,
  0x00, 0x00, 0x00, 0x00, 0x00, 0x00, 0x00, 0x00, 0x00, 0x00, 0x00, 0x00, 0x00, 0x00, 0x00, 0x00,
  0x00, 0x00, 0x00, 0x00, 0x00, 0x00, 0x00, 0x00, 0x00, 0x00, 0x00, 0x00, 0x00, 0x00, 0x00, 0x00,
  0x00, 0x00, 0x00, 0x00, 0x00, 0x00, 0x00, 0x00, 0x00, 0x00, 0x00, 0x00, 0x00, 0x00, 0x00, 0x00,
  0x00, 0x00, 0x00, 0x00, 0x00, 0x00, 0x00, 0x00, 0x00, 0x00, 0x00, 0x00, 0x00, 0x00, 0x00, 0x00,
  0x00, 0x00, 0x00, 0x00, 0x00, 0x00, 0x00, 0x00, 0x00, 0x00, 0x00, 0x00, 0x00, 0x00, 0x00, 0x00,
  0x00, 0x00, 0x00, 0x00, 0x00, 0x00, 0x00, 0x00, 0x00, 0x00, 0x00, 0x00, 0x00, 0x00, 0x00, 0x00,
  0x00, 0x00, 0x00, 0x00, 0x00, 0x00, 0x00, 0x00, 0x00, 0x00, 0x00, 0x00, 0x00, 0x00, 0x00, 0x00,
  0x00, 0x00, 0x00, 0x00, 0x00, 0x00, 0x00, 0x00, 0x00, 0x00, 0x00, 0x00, 0x00, 0x00, 0x00, 0x00,
  0x00, 0x00, 0x00, 0x00, 0x00, 0x00, 0x00, 0x00, 0x00, 0x00, 0x00, 0x00, 0x00, 0x00, 0x00, 0x00,
  0x00, 0x00, 0x00, 0x00, 0x00, 0x00, 0x00, 0x00, 0x00, 0x00, 0x00, 0x00, 0x00, 0x00, 0x00, 0x00,
  0x00, 0x00, 0x00, 0x00, 0x00, 0x00, 0x00, 0x00, 0x00, 0x00, 0x00, 0x00, 0x00, 0x00, 0x00, 0x00,
  0x00, 0x00, 0x00, 0x00, 0x00, 0x00, 0x00, 0x00, 0x00, 0x00, 0x00, 0x00, 0x00, 0x00, 0x00, 0x00,
  0x00, 0x00, 0x00, 0x00, 0x00, 0x00, 0x00, 0x00, 0x00, 0x00, 0x00, 0x00, 0x00, 0x00, 0x00, 0x00,
  0x00, 0x00, 0x00, 0x00, 0x00, 0x00, 0x00, 0x00, 0x00, 0x00, 0x00, 0x00, 0x00, 0x00, 0x00, 0x00,
  0x00, 0x00, 0x00, 0x00, 0x00, 0x00, 0x00, 0x00, 0x00, 0x00, 0x00, 0x00, 0x00, 0x00, 0x00, 0x00,
  0x00, 0x00, 0x00, 0x00, 0x00, 0x00, 0x00, 0x00, 0x00, 0x00, 0x00, 0x00, 0x00, 0x00, 0x00, 0x00,
  0x00, 0x00, 0x00, 0x00, 0x00, 0x00, 0x00, 0x00, 0x00, 0x00, 0x00, 0x00, 0x00, 0x00, 0x00, 0x00,
  0x00, 0x00, 0x00, 0x00, 0x00, 0x00, 0x00, 0x00, 0x00, 0x00, 0x00, 0x00, 0x00, 0x00, 0x00, 0x00,
  0x00, 0x00, 0x00, 0x00, 0x00, 0x00, 0x00, 0x00, 0x00, 0x00, 0x00, 0x00, 0x00, 0x00, 0x00, 0x00,
  0x00, 0x00, 0x00, 0x00, 0x00, 0x00, 0x00, 0x00, 0x00, 0x00, 0x00, 0x00, 0x00, 0x00, 0x00, 0x00,
  0x00, 0x00, 0x00, 0x00, 0x00, 0x00, 0x00, 0x00, 0x00, 0x00, 0x00, 0x00, 0x00, 0x00, 0x00, 0x00,
  0x00, 0x00, 0x00, 0x00, 0x00, 0x00, 0x00, 0x00, 0x00, 0x00, 0x00, 0x00, 0x00, 0x00, 0x00, 0x00,
  0x00, 0x00, 0x00, 0x00, 0x00, 0x00, 0x00, 0x00, 0x00, 0x00, 0x00, 0x00, 0x00, 0x00, 0x00, 0x00,
  0x00, 0x00, 0x00, 0x00, 0x00, 0x00, 0x00, 0x00, 0x00, 0x00, 0x00, 0x00, 0x00, 0x00, 0x00, 0x00,
  0x00, 0x00, 0x00, 0x00, 0x00, 0x00, 0x00, 0x00, 0x00, 0x00, 0x00, 0x00, 0x00, 0x00, 0x00, 0x00,
#endif
#if LV_COLOR_DEPTH == 32
  /*Pixel format: Alpha 8 bit, Red: 8 bit, Green: 8 bit, Blue: 8 bit*/
  0x00, 0x00, 0x00, 0x00, 0x00, 0x00, 0x00, 0x00, 0x00, 0x00, 0x00, 0x00, 0x00, 0x00, 0x00, 0x00,
  0x00, 0x00, 0x00, 0x00, 0x00, 0x00, 0x00, 0x00, 0x00, 0x00, 0x00, 0x00, 0x00, 0x00, 0x00, 0x00,
  0x00, 0x00, 0x00, 0x00, 0x00, 0x00, 0x00, 0x00, 0x00, 0x00, 0x00, 0x00, 0x00, 0x00, 0x00, 0x00,
  0x00, 0x00, 0x00, 0x00, 0x00, 0x00, 0x00, 0x00, 0x00, 0x00, 0x00, 0x00, 0x00, 0x00, 0x00, 0x00,
  0x00, 0x00, 0x00, 0x00, 0x00, 0x00, 0x00, 0x00, 0x00, 0x00, 0x00, 0x00, 0x00, 0x00, 0x00, 0x00,
  0x00, 0x00, 0x00, 0x00, 0x00, 0x00, 0x00, 0x00, 0x00, 0x00, 0x00, 0x00, 0x00, 0x00, 0x00, 0x00,
  0x00, 0x00, 0x00, 0x00, 0x00, 0x00, 0x00, 0x00, 0x00, 0x00, 0x00, 0x00, 0x00, 0x00, 0x00, 0x00,
  0x00, 0x00, 0x00, 0x00, 0x00, 0x00, 0x00, 0x00, 0x00, 0x00, 0x00, 0x00, 0x00, 0x00, 0x00, 0x00,
  0x00, 0x00, 0x00, 0x00, 0x00, 0x00, 0x00, 0x00, 0x00, 0x00, 0x00, 0x00, 0x00, 0x00, 0x00, 0x00,
  0x00, 0x00, 0x00, 0x00, 0x00, 0x00, 0x00, 0x00, 0x00, 0x00, 0x00, 0x00, 0x00, 0x00, 0x00, 0x00,
  0x00, 0x00, 0x00, 0x00, 0x00, 0x00, 0x00, 0x00, 0x00, 0x00, 0x00, 0x00, 0x00, 0x00, 0x00, 0x00,
  0x00, 0x00, 0x00, 0x00, 0x00, 0x00, 0x00, 0x00, 0x00, 0x00, 0x00, 0x00, 0x00, 0x00, 0x00, 0x00,
  0x00, 0x00, 0x00, 0x00, 0x00, 0x00, 0x00, 0x00, 0x00, 0x00, 0x00, 0x00, 0x00, 0x00, 0x00, 0x00,
  0x00, 0x00, 0x00, 0x00, 0x00, 0x00, 0x00, 0x00, 0x00, 0x00, 0x00, 0x00, 0x00, 0x00, 0x00, 0x00,
  0x00, 0x00, 0x00, 0x00, 0x00, 0x00, 0x00, 0x00, 0x00, 0x00, 0x00, 0x00, 0x00, 0x00, 0x00, 0x00,
  0x00, 0x00, 0x00, 0x00, 0x00, 0x00, 0x00, 0x00, 0x00, 0x00, 0x00, 0x00, 0x00, 0x00, 0x00, 0x00,
  0x00, 0x00, 0x00, 0x00, 0x00, 0x00, 0x00, 0x00, 0x00, 0x00, 0x00, 0x00, 0x00, 0x00, 0x00, 0x00,
  0x00, 0x00, 0x00, 0x00, 0x00, 0x00, 0x00, 0x00, 0x00, 0x00, 0x00, 0x00, 0x00, 0x00, 0x00, 0x00,
  0x00, 0x00, 0x00, 0x00, 0x00, 0x00, 0x00, 0x00, 0x00, 0x00, 0x00, 0x00, 0x00, 0x00, 0x00, 0x00,
  0x00, 0x00, 0x00, 0x00, 0x00, 0x00, 0x00, 0x00, 0x00, 0x00, 0x00, 0x00, 0x00, 0x00, 0x00, 0x00,
  0x00, 0x00, 0x00, 0x00, 0x00, 0x00, 0x00, 0x00, 0x00, 0x00, 0x00, 0x00, 0x00, 0x00, 0x00, 0x00,
  0x00, 0x00, 0x00, 0x00, 0x00, 0x00, 0x00, 0x00, 0x00, 0x00, 0x00, 0x00, 0x00, 0x00, 0x00, 0x00,
  0x00, 0x00, 0x00, 0x00, 0x00, 0x00, 0x00, 0x00, 0x00, 0x00, 0x00, 0x00, 0x00, 0x00, 0x00, 0x00,
  0x00, 0x00, 0x00, 0x00, 0x00, 0x00, 0x00, 0x00, 0x00, 0x00, 0x00, 0x00, 0x00, 0x00, 0x00, 0x00,
  0x00, 0x00, 0x00, 0x00, 0x00, 0x00, 0x00, 0x00, 0x00, 0x00, 0x00, 0x00, 0x00, 0x00, 0x00, 0x00,
  0x00, 0x00, 0x00, 0x00, 0x00, 0x00, 0x00, 0x00, 0x00, 0x00, 0x00, 0x00, 0x00, 0x00, 0x00, 0x00,
  0x00, 0x00, 0x00, 0x00, 0x00, 0x00, 0x00, 0x00, 0x00, 0x00, 0x00, 0x00, 0x00, 0x00, 0x00, 0x00,
  0x00, 0x00, 0x00, 0x00, 0x00, 0x00, 0x00, 0x00, 0x00, 0x00, 0x00, 0x00, 0x00, 0x00, 0x00, 0x00,
  0x00, 0x00, 0x00, 0x00, 0x00, 0x00, 0x00, 0x00, 0x00, 0x00, 0x00, 0x00, 0x00, 0x00, 0x00, 0x00,
  0x00, 0x00, 0x00, 0x00, 0x00, 0x00, 0x00, 0x00, 0x00, 0x00, 0x00, 0x00, 0x00, 0x00, 0x00, 0x00,
  0x00, 0x00, 0x00, 0x00, 0x00, 0x00, 0x00, 0x00, 0x00, 0x00, 0x00, 0x00, 0x00, 0x00, 0x00, 0x00,
  0x00, 0x00, 0x00, 0x00, 0x00, 0x00, 0x00, 0x00, 0x00, 0x00, 0x00, 0x00, 0x00, 0x00, 0x00, 0x00,
  0x00, 0x00, 0x00, 0x00, 0x00, 0x00, 0x00, 0x00, 0x00, 0x00, 0x00, 0x00, 0x00, 0x00, 0x00, 0x00,
  0x00, 0x00, 0x00, 0x00, 0x00, 0x00, 0x00, 0x00, 0x00, 0x00, 0x00, 0x00, 0x00, 0x00, 0x00, 0x00,
  0x00, 0x00, 0x00, 0x00, 0x00, 0x00, 0x00, 0x00, 0x00, 0x00, 0x00, 0x00, 0x00, 0x00, 0x00, 0x00,
  0x00, 0x00, 0x00, 0x00, 0x00, 0x00, 0x00, 0x00, 0x00, 0x00, 0x00, 0x00, 0x00, 0x00, 0x00, 0x00,
  0x00, 0x00, 0x00, 0x00, 0x00, 0x00, 0x00, 0x00, 0x00, 0x00, 0x00, 0x00, 0x00, 0x00, 0x00, 0x00,
  0x00, 0x00, 0x00, 0x00, 0x00, 0x00, 0x00, 0x00, 0x00, 0x00, 0x00, 0x00, 0x00, 0x00, 0x00, 0x00,
  0x00, 0x00, 0x00, 0x00, 0x00, 0x00, 0x00, 0x00, 0x00, 0x00, 0x00, 0x00, 0x00, 0x00, 0x00, 0x00,
  0x00, 0x00, 0x00, 0x00, 0x00, 0x00, 0x00, 0x00, 0x00, 0x00, 0x00, 0x00, 0x00, 0x00, 0x00, 0x00,
  0x00, 0x00, 0x00, 0x00, 0x00, 0x00, 0x00, 0x00, 0x00, 0x00, 0x00, 0x00, 0x00, 0x00, 0x00, 0x00,
  0x00, 0x00, 0x00, 0x00, 0x00, 0x00, 0x00, 0x00, 0x00, 0x00, 0x00, 0x00, 0x00, 0x00, 0x00, 0x00,
  0x00, 0x00, 0x00, 0x00, 0x00, 0x00, 0x00, 0x00, 0x00, 0x00, 0x00, 0x00, 0x00, 0x00, 0x00, 0x00,
  0x00, 0x00, 0x00, 0x00, 0x00, 0x00, 0x00, 0x00, 0x00, 0x00, 0x00, 0x00, 0x00, 0x00, 0x00, 0x00,
  0x00, 0x00, 0x00, 0x00, 0x00, 0x00, 0x00, 0x00, 0x00, 0x00, 0x00, 0x00, 0x00, 0x00, 0x00, 0x00,
  0x00, 0x00, 0x00, 0x00, 0x00, 0x00, 0x00, 0x00, 0x00, 0x00, 0x00, 0x00, 0x00, 0x00, 0x00, 0x00,
  0x00, 0x00, 0x00, 0x00, 0x00, 0x00, 0x00, 0x00, 0x00, 0x00, 0x00, 0x00, 0x00, 0x00, 0x00, 0x00,
  0x00, 0x00, 0x00, 0x00, 0x00, 0x00, 0x00, 0x00, 0x00, 0x00, 0x00, 0x00, 0x00, 0x00, 0x00, 0x00,
  0x00, 0x00, 0x00, 0x00, 0x00, 0x00, 0x00, 0x00, 0x00, 0x00, 0x00, 0x00, 0x00, 0x00, 0x00, 0x00,
  0x00, 0x00, 0x00, 0x00, 0x00, 0x00, 0x00, 0x00, 0x00, 0x00, 0x00, 0x00, 0x00, 0x00, 0x00, 0x00,
  0x00, 0x00, 0x00, 0x00, 0x00, 0x00, 0x00, 0x00, 0x00, 0x00, 0x00, 0x00, 0x00, 0x00, 0x00, 0x00,
  0x00, 0x00, 0x00, 0x00, 0x00, 0x00, 0x00, 0x00, 0x00, 0x00, 0x00, 0x00, 0x00, 0x00, 0x00, 0x00,
  0x00, 0x00, 0x00, 0x00, 0x00, 0x00, 0x00, 0x00, 0x00, 0x00, 0x00, 0x00, 0x00, 0x00, 0x00, 0x00,
  0x00, 0x00, 0x00, 0x00, 0x00, 0x00, 0x00, 0x00, 0x00, 0x00, 0x00, 0x00, 0x00, 0x00, 0x00, 0x00,
  0x00, 0x00, 0x00, 0x00, 0x00, 0x00, 0x00, 0x00, 0x00, 0x00, 0x00, 0x00, 0x00, 0x00, 0x00, 0x00,
  0x00, 0x00, 0x00, 0x00, 0x00, 0x00, 0x00, 0x00, 0x00, 0x00, 0x00, 0x00, 0x00, 0x00, 0x00, 0x00,
  0x00, 0x00, 0x00, 0x00, 0x00, 0x00, 0x00, 0x00, 0x00, 0x00, 0x00, 0x00, 0x00, 0x00, 0x00, 0x00,
  0x00, 0x00, 0x00, 0x00, 0x00, 0x00, 0x00, 0x00, 0x00, 0x00, 0x00, 0x00, 0x00, 0x00, 0x00, 0x00,
  0x00, 0x00, 0x00, 0x00, 0x00, 0x00, 0x00, 0x00, 0x00, 0x00, 0x00, 0x00, 0x00, 0x00, 0x00, 0x00,
  0x00, 0x00, 0x00, 0x00, 0x00, 0x00, 0x00, 0x00, 0x00, 0x00, 0x00, 0x00, 0x00, 0x00, 0x00, 0x00,
  0x00, 0x00, 0x00, 0x00, 0x00, 0x00, 0x00, 0x00, 0x00, 0x00, 0x00, 0x00, 0x00, 0x00, 0x00, 0x00,
  0x00, 0x00, 0x00, 0x00, 0x00, 0x00, 0x00, 0x00, 0x00, 0x00, 0x00, 0x00, 0x00, 0x00, 0x00, 0x00,
  0x00, 0x00, 0x00, 0x00, 0x00, 0x00, 0x00, 0x00, 0x00, 0x00, 0x00, 0x00, 0x00, 0x00, 0x00, 0x00,
  0x00, 0x00, 0x00, 0x00, 0x00, 0x00, 0x00, 0x00, 0x00, 0x00, 0x00, 0x00, 0x00, 0x00, 0x00, 0x00,
  0x00, 0x00, 0x00, 0x00, 0x00, 0x00, 0x00, 0x00, 0x00, 0x00, 0x00, 0x00, 0x00, 0x00, 0x00, 0x00,
  0x00, 0x00, 0x00, 0x00, 0x00, 0x00, 0x00, 0x00, 0x00, 0x00, 0x00, 0x00, 0x00, 0x00, 0x00, 0x00,
  0x00, 0x00, 0x00, 0x00, 0x00, 0x00, 0x00, 0x00, 0x00, 0x00, 0x00, 0x00, 0x00, 0x00, 0x00, 0x00,
  0x00, 0x00, 0x00, 0x00, 0x00, 0x00, 0x00, 0x00, 0x00, 0x00, 0x00, 0x00, 0x00, 0x00, 0x00, 0x00,
  0x00, 0x00, 0x00, 0x00, 0x00, 0x00, 0x00, 0x00, 0x00, 0x00, 0x00, 0x00, 0x00, 0x00, 0x00, 0x00,
  0x00, 0x00, 0x00, 0x00, 0x00, 0x00, 0x00, 0x00, 0x00, 0x00, 0x00, 0x00, 0x00, 0x00, 0x00, 0x00,
  0x00, 0x00, 0x00, 0x00, 0x00, 0x00, 0x00, 0x00, 0x00, 0x00, 0x00, 0x00, 0x00, 0x00, 0x00, 0x00,
  0x00, 0x00, 0x00, 0x00, 0x00, 0x00, 0x00, 0x00, 0x00, 0x00, 0x00, 0x00, 0x00, 0x00, 0x00, 0x00,
  0x00, 0x00, 0x00, 0x00, 0x00, 0x00, 0x00, 0x00, 0x00, 0x00, 0x00, 0x00, 0x00, 0x00, 0x00, 0x00,
  0x00, 0x00, 0x00, 0x00, 0x00, 0x00, 0x00, 0x00, 0x00, 0x00, 0x00, 0x00, 0x00, 0x00, 0x00, 0x00,
  0x00, 0x00, 0x00, 0x00, 0x00, 0x00, 0x00, 0x00, 0x00, 0x00, 0x00, 0x00, 0x00, 0x00, 0x00, 0x00,
  0x00, 0x00, 0x00, 0x00, 0x00, 0x00, 0x00, 0x00, 0x00, 0x00, 0x00, 0x00, 0x00, 0x00, 0x00, 0x00,
  0x00, 0x00, 0x00, 0x00, 0x00, 0x00, 0x00, 0x00, 0x00, 0x00, 0x00, 0x00, 0x00, 0x00, 0x00, 0x00,
  0x00, 0x00, 0x00, 0x00, 0x00, 0x00, 0x00, 0x00, 0x00, 0x00, 0x00, 0x00, 0x00, 0x00, 0x00, 0x00,
  0x00, 0x00, 0x00, 0x00, 0x00, 0x00, 0x00, 0x00, 0x00, 0x00, 0x00, 0x00, 0x00, 0x00, 0x00, 0x00,
  0x00, 0x00, 0x00, 0x00, 0x00, 0x00, 0x00, 0x00, 0x00, 0x00, 0x00, 0x00, 0x00, 0x00, 0x00, 0x00,
  0x00, 0x00, 0x00, 0x00, 0x00, 0x00, 0x00, 0x00, 0x00, 0x00, 0x00, 0x00, 0x00, 0x00, 0x00, 0x00,
  0x00, 0x00, 0x00, 0x00, 0x00, 0x00, 0x00, 0x00, 0x00, 0x00, 0x00, 0x00, 0x00, 0x00, 0x00, 0x00,
  0x00, 0x00, 0x00, 0x00, 0x00, 0x00, 0x00, 0x00, 0x00, 0x00, 0x00, 0x00, 0x00, 0x00, 0x00, 0x00,
  0x00, 0x00, 0x00, 0x00, 0x00, 0x00, 0x00, 0x00, 0x00, 0x00, 0x00, 0x00, 0x00, 0x00, 0x00, 0x00,
  0x00, 0x00, 0x00, 0x00, 0x00, 0x00, 0x00, 0x00, 0x00, 0x00, 0x00, 0x00, 0x00, 0x00, 0x00, 0x00,
  0x00, 0x00, 0x00, 0x00, 0x00, 0x00, 0x00, 0x00, 0x00, 0x00, 0x00, 0x00, 0x00, 0x00, 0x00, 0x00,
  0x00, 0x00, 0x00, 0x00, 0x00, 0x00, 0x00, 0x00, 0x00, 0x00, 0x00, 0x00, 0x00, 0x00, 0x00, 0x00,
  0x00, 0x00, 0x00, 0x00, 0x00, 0x00, 0x00, 0x00, 0x00, 0x00, 0x00, 0x00, 0x00, 0x00, 0x00, 0x00,
  0x00, 0x00, 0x00, 0x00, 0x00, 0x00, 0x00, 0x00, 0x00, 0x00, 0x00, 0x00, 0x00, 0x00, 0x00, 0x00,
  0x00, 0x00, 0x00, 0x00, 0x00, 0x00, 0x00, 0x00, 0x00, 0x00, 0x00, 0x00, 0x00, 0x00, 0x00, 0x00,
  0x00, 0x00, 0x00, 0x00, 0x00, 0x00, 0x00, 0x00, 0x00, 0x00, 0x00, 0x00, 0x00, 0x00, 0x00, 0x00,
  0x00, 0x00, 0x00, 0x00, 0x00, 0x00, 0x00, 0x00, 0x00, 0x00, 0x00, 0x00, 0x00, 0x00, 0x00, 0x00,
  0x00, 0x00, 0x00, 0x00, 0x00, 0x00, 0x00, 0x00, 0x00, 0x00, 0x00, 0x00, 0x00, 0x00, 0x00, 0x00,
  0x00, 0x00, 0x00, 0x00, 0x00, 0x00, 0x00, 0x00, 0x00, 0x00, 0x00, 0x00, 0x00, 0x00, 0x00, 0x00,
  0x00, 0x00, 0x00, 0x00, 0x00, 0x00, 0x00, 0x00, 0x00, 0x00, 0x00, 0x00, 0x00, 0x00, 0x00, 0x00,
  0x00, 0x00, 0x00, 0x00, 0x00, 0x00, 0x00, 0x00, 0x00, 0x00, 0x00, 0x00, 0x00, 0x00, 0x00, 0x00,
  0x00, 0x00, 0x00, 0x00, 0x00, 0x00, 0x00, 0x00, 0x00, 0x00, 0x00, 0x00, 0x00, 0x00, 0x00, 0x00,
  0x00, 0x00, 0x00, 0x00, 0x00, 0x00, 0x00, 0x00, 0x00, 0x00, 0x00, 0x00, 0x00, 0x00, 0x00, 0x00,
  0x00, 0x00, 0x00, 0x00, 0x00, 0x00, 0x00, 0x00, 0x00, 0x00, 0x00, 0x00, 0x00, 0x00, 0x00, 0x00,
  0x00, 0x00, 0x00, 0x00, 0x00, 0x00, 0x00, 0x00, 0x00, 0x00, 0x00, 0x00, 0x00, 0x00, 0x00, 0x00,
  0x00, 0x00, 0x00, 0x00, 0x00, 0x00, 0x00, 0x00, 0x00, 0x00, 0x00, 0x00, 0x00, 0x00, 0x00, 0x00,
  0x00, 0x00, 0x00, 0x00, 0x00, 0x00, 0x00, 0x00, 0x00, 0x00, 0x00, 0x00, 0x00, 0x00, 0x00, 0x00,
  0x00, 0x00, 0x00, 0x00, 0x00, 0x00, 0x00, 0x00, 0x00, 0x00, 0x00, 0x00, 0x00, 0x00, 0x00, 0x00,
  0x00, 0x00, 0x00, 0x00, 0x00, 0x00, 0x00, 0x00, 0x00, 0x00, 0x00, 0x00, 0x00, 0x00, 0x00, 0x00,
  0x00, 0x00, 0x00, 0x00, 0x00, 0x00, 0x00, 0x00, 0x00, 0x00, 0x00, 0x00, 0x00, 0x00, 0x00, 0x00,
  0x00, 0x00, 0x00, 0x00, 0x00, 0x00, 0x00, 0x00, 0x00, 0x00, 0x00, 0x00, 0x00, 0x00, 0x00, 0x00,
  0x00, 0x00, 0x00, 0x00, 0x00, 0x00, 0x00, 0x00, 0x00, 0x00, 0x00, 0x00, 0x00, 0x00, 0x00, 0x00,
  0x00, 0x00, 0x00, 0x00, 0x00, 0x00, 0x00, 0x00, 0x00, 0x00, 0x00, 0x00, 0x00, 0x00, 0x00, 0x00,
  0x00, 0x00, 0x00, 0x00, 0x00, 0x00, 0x00, 0x00, 0x00, 0x00, 0x00, 0x00, 0x00, 0x00, 0x00, 0x00,
  0x00, 0x00, 0x00, 0x00, 0x00, 0x00, 0x00, 0x00, 0x00, 0x00, 0x00, 0x00, 0x00, 0x00, 0x00, 0x00,
  0x00, 0x00, 0x00, 0x00, 0x00, 0x00, 0x00, 0x00, 0x00, 0x00, 0x00, 0x00, 0x00, 0x00, 0x00, 0x00,
  0x00, 0x00, 0x00, 0x00, 0x00, 0x00, 0x00, 0x00, 0x00, 0x00, 0x00, 0x00, 0x00, 0x00, 0x00, 0x00,
  0x00, 0x00, 0x00, 0x00, 0x00, 0x00, 0x00, 0x00, 0x00, 0x00, 0x00, 0x00, 0x00, 0x00, 0x00, 0x00,
  0x00, 0x00, 0x00, 0x00, 0x00, 0x00, 0x00, 0x00, 0x00, 0x00, 0x00, 0x00, 0x00, 0x00, 0x00, 0x00,
  0x00, 0x00, 0x00, 0x00, 0x00, 0x00, 0x00, 0x00, 0x00, 0x00, 0x00, 0x00, 0x00, 0x00, 0x00, 0x00,
  0x00, 0x00, 0x00, 0x00, 0x00, 0x00, 0x00, 0x00, 0x00, 0x00, 0x00, 0x00, 0x00, 0x00, 0x00, 0x00,
  0x00, 0x00, 0x00, 0x00, 0x00, 0x00, 0x00, 0x00, 0x00, 0x00, 0x00, 0x00, 0x00, 0x00, 0x00, 0x00,
  0x00, 0x00, 0x00, 0x00, 0x00, 0x00, 0x00, 0x00, 0x00, 0x00, 0x00, 0x00, 0x00, 0x00, 0x00, 0x00,
  0x00, 0x00, 0x00, 0x00, 0x00, 0x00, 0x00, 0x00, 0x00, 0x00, 0x00, 0x00, 0x00, 0x00, 0x00, 0x00,
  0x00, 0x00, 0x00, 0x00, 0x00, 0x00, 0x00, 0x00, 0x00, 0x00, 0x00, 0x00, 0x00, 0x00, 0x00, 0x00,
  0x00, 0x00, 0x00, 0x00, 0x00, 0x00, 0x00, 0x00, 0x00, 0x00, 0x00, 0x00, 0x00, 0x00, 0x00, 0x00,
  0x00, 0x00, 0x00, 0x00, 0x00, 0x00, 0x00, 0x00, 0x00, 0x00, 0x00, 0x00, 0x00, 0x00, 0x00, 0x00,
  0x00, 0x00, 0x00, 0x00, 0x00, 0x00, 0x00, 0x00, 0x00, 0x00, 0x00, 0x00, 0x00, 0x00, 0x00, 0x00,
  0x00, 0x00, 0x00, 0x00, 0x00, 0x00, 0x00, 0x00, 0x00, 0x00, 0x00, 0x00, 0x00, 0x00, 0x00, 0x00,
  0x00, 0x00, 0x00, 0x00, 0x00, 0x00, 0x00, 0x00, 0x00, 0x00, 0x00, 0x00, 0x00, 0x00, 0x00, 0x00,
  0x00, 0x00, 0x00, 0x00, 0x00, 0x00, 0x00, 0x00, 0x00, 0x00, 0x00, 0x00, 0x00, 0x00, 0x00, 0x00,
  0x00, 0x00, 0x00, 0x00, 0x00, 0x00, 0x00, 0x00, 0x00, 0x00, 0x00, 0x00, 0x00, 0x00, 0x00, 0x00,
  0x00, 0x00, 0x00, 0x00, 0x00, 0x00, 0x00, 0x00, 0x00, 0x00, 0x00, 0x00, 0x00, 0x00, 0x00, 0x00,
  0x00, 0x00, 0x00, 0x00, 0x00, 0x00, 0x00, 0x00, 0x00, 0x00, 0x00, 0x00, 0x00, 0x00, 0x00, 0x00,
  0x00, 0x00, 0x00, 0x00, 0x00, 0x00, 0x00, 0x00, 0x00, 0x00, 0x00, 0x00, 0x00, 0x00, 0x00, 0x00,
  0x00, 0x00, 0x00, 0x00, 0x00, 0x00, 0x00, 0x00, 0x00, 0x00, 0x00, 0x00, 0x00, 0x00, 0x00, 0x00,
  0x00, 0x00, 0x00, 0x00, 0x27, 0x21, 0xd1, 0x27, 0x29, 0x22, 0xcf, 0xaf, 0x29, 0x21, 0xcf, 0xf2,
  0x29, 0x21, 0xcf, 0xff, 0x29, 0x21, 0xcf, 0xff, 0x29, 0x21, 0xcf, 0xff, 0x29, 0x21, 0xcf, 0xff,
  0x29, 0x21, 0xcf, 0xff, 0x29, 0x21, 0xcf, 0xff, 0x29, 0x21, 0xcf, 0xff, 0x29, 0x21, 0xcf, 0xff,
  0x29, 0x21, 0xcf, 0xff, 0x29, 0x21, 0xcf, 0xff, 0x29, 0x21, 0xcf, 0xff, 0x29, 0x21, 0xcf, 0xff,
  0x29, 0x21, 0xcf, 0xff, 0x29, 0x21, 0xcf, 0xff, 0x29, 0x21, 0xcf, 0xff, 0x29, 0x21, 0xcf, 0xff,
  0x29, 0x21, 0xcf, 0xff, 0x29, 0x21, 0xcf, 0xff, 0x29, 0x21, 0xcf, 0xff, 0x29, 0x21, 0xcf, 0xff,
  0x29, 0x21, 0xcf, 0xff, 0x29, 0x21, 0xcf, 0xff, 0x29, 0x21, 0xcf, 0xff, 0x29, 0x21, 0xcf, 0xff,
  0x29, 0x21, 0xcf, 0xff, 0x29, 0x21, 0xcf, 0xff, 0x29, 0x21, 0xcf, 0xff, 0x29, 0x21, 0xcf, 0xff,
  0x29, 0x21, 0xcf, 0xff, 0x29, 0x21, 0xcf, 0xff, 0x29, 0x21, 0xcf, 0xff, 0x29, 0x21, 0xcf, 0xff,
  0x29, 0x21, 0xcf, 0xf2, 0x29, 0x22, 0xcf, 0xae, 0x29, 0x22, 0xcf, 0x25, 0x00, 0x00, 0x00, 0x00,
  0x00, 0x00, 0x00, 0x00, 0x00, 0x00, 0x00, 0x00, 0x00, 0x00, 0x00, 0x00, 0x00, 0x00, 0x00, 0x00,
  0x00, 0x00, 0x00, 0x00, 0x00, 0x00, 0x00, 0x00, 0x00, 0x00, 0x00, 0x00, 0x00, 0x00, 0x00, 0x00,
  0x00, 0x00, 0x00, 0x00, 0x00, 0x00, 0x00, 0x00, 0x00, 0x00, 0x00, 0x00, 0x00, 0x00, 0x00, 0x00,
  0x00, 0x00, 0x00, 0x00, 0x00, 0x00, 0x00, 0x00, 0x00, 0x00, 0x00, 0x00, 0x00, 0x00, 0x00, 0x00,
  0x00, 0x00, 0x00, 0x00, 0x00, 0x00, 0x00, 0x00, 0x00, 0x00, 0x00, 0x00, 0x00, 0x00, 0x00, 0x00,
  0x00, 0x00, 0x00, 0x00, 0x00, 0x00, 0x00, 0x00, 0x00, 0x00, 0x00, 0x00, 0x00, 0x00, 0x00, 0x00,
  0x29, 0x23, 0xd1, 0x2c, 0x29, 0x21, 0xcf, 0xed, 0x29, 0x21, 0xcf, 0xff, 0x29, 0x21, 0xcf, 0xff,
  0x29, 0x21, 0xcf, 0xff, 0x29, 0x21, 0xcf, 0xff, 0x29, 0x21, 0xcf, 0xff, 0x29, 0x21, 0xcf, 0xff,
  0x29, 0x21, 0xcf, 0xff, 0x29, 0x21, 0xcf, 0xff, 0x29, 0x21, 0xcf, 0xff, 0x29, 0x21, 0xcf, 0xff,
  0x29, 0x21, 0xcf, 0xff, 0x29, 0x21, 0xcf, 0xff, 0x29, 0x21, 0xcf, 0xff, 0x29, 0x21, 0xcf, 0xff,
  0x29, 0x21, 0xcf, 0xff, 0x29, 0x21, 0xcf, 0xff, 0x29, 0x21, 0xcf, 0xff, 0x29, 0x21, 0xcf, 0xff,
  0x29, 0x21, 0xcf, 0xff, 0x29, 0x21, 0xcf, 0xff, 0x29, 0x21, 0xcf, 0xff, 0x29, 0x21, 0xcf, 0xff,
  0x29, 0x21, 0xcf, 0xff, 0x29, 0x21, 0xcf, 0xff, 0x29, 0x21, 0xcf, 0xff, 0x29, 0x21, 0xcf, 0xff,
  0x29, 0x21, 0xcf, 0xff, 0x29, 0x21, 0xcf, 0xff, 0x29, 0x21, 0xcf, 0xff, 0x29, 0x21, 0xcf, 0xff,
  0x29, 0x21, 0xcf, 0xff, 0x29, 0x21, 0xcf, 0xff, 0x29, 0x21, 0xcf, 0xff, 0x29, 0x21, 0xcf, 0xff,
  0x29, 0x21, 0xcf, 0xff, 0x29, 0x21, 0xcf, 0xff, 0x29, 0x21, 0xcf, 0xeb, 0x26, 0x20, 0xcc, 0x28,
  0x00, 0x00, 0x00, 0x00, 0x00, 0x00, 0x00, 0x00, 0x00, 0x00, 0x00, 0x00, 0x00, 0x00, 0x00, 0x00,
  0x00, 0x00, 0x00, 0x00, 0x00, 0x00, 0x00, 0x00, 0x00, 0x00, 0x00, 0x00, 0x00, 0x00, 0x00, 0x00,
  0x00, 0x00, 0x00, 0x00, 0x00, 0x00, 0x00, 0x00, 0x00, 0x00, 0x00, 0x00, 0x00, 0x00, 0x00, 0x00,
  0x00, 0x00, 0x00, 0x00, 0x00, 0x00, 0x00, 0x00, 0x00, 0x00, 0x00, 0x00, 0x00, 0x00, 0x00, 0x00,
  0x00, 0x00, 0x00, 0x00, 0x00, 0x00, 0x00, 0x00, 0x00, 0x00, 0x00, 0x00, 0x00, 0x00, 0x00, 0x00,
  0x00, 0x00, 0x00, 0x00, 0x00, 0x00, 0x00, 0x00, 0x00, 0x00, 0x00, 0x00, 0x26, 0x26, 0xcc, 0x14,
  0x29, 0x21, 0xcf, 0xde, 0x29, 0x21, 0xcf, 0xff, 0x29, 0x21, 0xcf, 0xff, 0x29, 0x22, 0xcf, 0xe4,
  0x29, 0x21, 0xcf, 0xaa, 0x29, 0x21, 0xcf, 0xaa, 0x29, 0x21, 0xcf, 0xaa, 0x29, 0x21, 0xcf, 0xaa,
  0x29, 0x21, 0xcf, 0xaa, 0x29, 0x21, 0xcf, 0xaa, 0x29, 0x21, 0xcf, 0xaa, 0x29, 0x21, 0xcf, 0xaa,
  0x29, 0x21, 0xcf, 0xaa, 0x29, 0x21, 0xcf, 0xaa, 0x29, 0x21, 0xcf, 0xaa, 0x29, 0x21, 0xcf, 0xaa,
  0x29, 0x21, 0xcf, 0xaa, 0x29, 0x21, 0xcf, 0xaa, 0x29, 0x21, 0xcf, 0xaa, 0x29, 0x21, 0xcf, 0xaa,
  0x29, 0x21, 0xcf, 0xaa, 0x29, 0x21, 0xcf, 0xaa, 0x29, 0x21, 0xcf, 0xaa, 0x29, 0x21, 0xcf, 0xaa,
  0x29, 0x21, 0xcf, 0xaa, 0x29, 0x21, 0xcf, 0xaa, 0x29, 0x21, 0xcf, 0xaa, 0x29, 0x21, 0xcf, 0xaa,
  0x29, 0x21, 0xcf, 0xaa, 0x29, 0x21, 0xcf, 0xaa, 0x29, 0x21, 0xcf, 0xaa, 0x29, 0x21, 0xcf, 0xaa,
  0x29, 0x21, 0xcf, 0xaa, 0x29, 0x21, 0xcf, 0xaa, 0x29, 0x21, 0xcf, 0xaa, 0x29, 0x22, 0xcf, 0xaf,
  0x29, 0x21, 0xcf, 0xfd, 0x29, 0x21, 0xcf, 0xff, 0x29, 0x21, 0xcf, 0xff, 0x29, 0x21, 0xcf, 0xda,
  0x2d, 0x1e, 0xd2, 0x11, 0x00, 0x00, 0x00, 0x00, 0x00, 0x00, 0x00, 0x00, 0x00, 0x00, 0x00, 0x00,
  0x00, 0x00, 0x00, 0x00, 0x00, 0x00, 0x00, 0x00, 0x00, 0x00, 0x00, 0x00, 0x00, 0x00, 0x00, 0x00,
  0x00, 0x00, 0x00, 0x00, 0x00, 0x00, 0x00, 0x00, 0x00, 0x00, 0x00, 0x00, 0x00, 0x00, 0x00, 0x00,
  0x00, 0x00, 0x00, 0x00, 0x00, 0x00, 0x00, 0x00, 0x00, 0x00, 0x00, 0x00, 0x00, 0x00, 0x00, 0x00,
  0x00, 0x00, 0x00, 0x00, 0x00, 0x00, 0x00, 0x00, 0x00, 0x00, 0x00, 0x00, 0x00, 0x00, 0x00, 0x00,
  0x00, 0x00, 0x00, 0x00, 0x00, 0x00, 0x00, 0x00, 0x33, 0x33, 0xcc, 0x05, 0x28, 0x20, 0xce, 0xbd,
  0x29, 0x21, 0xcf, 0xff, 0x29, 0x21, 0xcf, 0xff, 0x29, 0x21, 0xcf, 0xf6, 0x29, 0x1f, 0xd1, 0x32,
  0x00, 0x00, 0x00, 0x00, 0x00, 0x00, 0x00, 0x00, 0x00, 0x00, 0x00, 0x00, 0x00, 0x00, 0x00, 0x00,
  0x00, 0x00, 0x00, 0x00, 0x00, 0x00, 0x00, 0x00, 0x00, 0x00, 0x00, 0x00, 0x00, 0x00, 0x00, 0x00,
  0x00, 0x00, 0x00, 0x00, 0x00, 0x00, 0x00, 0x00, 0x00, 0x00, 0x00, 0x00, 0x00, 0x00, 0x00, 0x00,
  0x00, 0x00, 0x00, 0x00, 0x00, 0x00, 0x00, 0x00, 0x00, 0x00, 0x00, 0x00, 0x00, 0x00, 0x00, 0x00,
  0x00, 0x00, 0x00, 0x00, 0x00, 0x00, 0x00, 0x00, 0x00, 0x00, 0x00, 0x00, 0x00, 0x00, 0x00, 0x00,
  0x00, 0x00, 0x00, 0x00, 0x00, 0x00, 0x00, 0x00, 0x00, 0x00, 0x00, 0x00, 0x00, 0x00, 0x00, 0x00,
  0x00, 0x00, 0x00, 0x00, 0x00, 0x00, 0x00, 0x00, 0x00, 0x00, 0x00, 0x00, 0x00, 0x00, 0x00, 0x00,
  0x00, 0x00, 0x00, 0x00, 0x00, 0x00, 0x00, 0x00, 0x00, 0x00, 0x00, 0x00, 0x00, 0x00, 0x00, 0x00,
  0x2a, 0x22, 0xd0, 0x61, 0x29, 0x21, 0xcf, 0xfe, 0x29, 0x21, 0xcf, 0xff, 0x29, 0x21, 0xcf, 0xff,
  0x29, 0x21, 0xcf, 0xbb, 0x40, 0x40, 0xbf, 0x04, 0x00, 0x00, 0x00, 0x00, 0x00, 0x00, 0x00, 0x00,
  0x00, 0x00, 0x00, 0x00, 0x00, 0x00, 0x00, 0x00, 0x00, 0x00, 0x00, 0x00, 0x00, 0x00, 0x00, 0x00,
  0x00, 0x00, 0x00, 0x00, 0x00, 0x00, 0x00, 0x00, 0x00, 0x00, 0x00, 0x00, 0x00, 0x00, 0x00, 0x00,
  0x00, 0x00, 0x00, 0x00, 0x00, 0x00, 0x00, 0x00, 0x00, 0x00, 0x00, 0x00, 0x00, 0x00, 0x00, 0x00,
  0x00, 0x00, 0x00, 0x00, 0x00, 0x00, 0x00, 0x00, 0x00, 0x00, 0x00, 0x00, 0x00, 0x00, 0x00, 0x00,
  0x00, 0x00, 0x00, 0x00, 0x00, 0x00, 0x00, 0x00, 0x29, 0x20, 0xcf, 0x96, 0x29, 0x21, 0xcf, 0xff,
  0x29, 0x21, 0xcf, 0xff, 0x29, 0x21, 0xcf, 0xfe, 0x29, 0x20, 0xd0, 0x57, 0x00, 0x00, 0x00, 0x00,
  0x00, 0x00, 0x00, 0x00, 0x00, 0x00, 0x00, 0x00, 0x00, 0x00, 0x00, 0x00, 0x00, 0x00, 0x00, 0x00,
  0x00, 0x00, 0x00, 0x00, 0x00, 0x00, 0x00, 0x00, 0x00, 0x00, 0x00, 0x00, 0x00, 0x00, 0x00, 0x00,
  0x00, 0x00, 0x00, 0x00, 0x00, 0x00, 0x00, 0x00, 0x00, 0x00, 0x00, 0x00, 0x00, 0x00, 0x00, 0x00,
  0x00, 0x00, 0x00, 0x00, 0x00, 0x00, 0x00, 0x00, 0x00, 0x00, 0x00, 0x00, 0x00, 0x00, 0x00, 0x00,
  0x00, 0x00, 0x00, 0x00, 0x00, 0x00, 0x00, 0x00, 0x00, 0x00, 0x00, 0x00, 0x00, 0x00, 0x00, 0x00,
  0x00, 0x00, 0x00, 0x00, 0x00, 0x00, 0x00, 0x00, 0x00, 0x00, 0x00, 0x00, 0x00, 0x00, 0x00, 0x00,
  0x00, 0x00, 0x00, 0x00, 0x00, 0x00, 0x00, 0x00, 0x00, 0x00, 0x00, 0x00, 0x00, 0x00, 0x00, 0x00,
  0x00, 0x00, 0x00, 0x00, 0x00, 0x00, 0x00, 0x00, 0x00, 0x00, 0x00, 0x00, 0x00, 0x00, 0x00, 0x00,
  0x00, 0x00, 0x00, 0x00, 0x29, 0x20, 0xcf, 0x6f, 0x29, 0x21, 0xcf, 0xff, 0x29, 0x21, 0xcf, 0xff,
  0x29, 0x21, 0xcf, 0xff, 0x28, 0x21, 0xd0, 0x92, 0x00, 0x00, 0x00, 0x00, 0x00, 0x00, 0x00, 0x00,
  0x00, 0x00, 0x00, 0x00, 0x00, 0x00, 0x00, 0x00, 0x00, 0x00, 0x00, 0x00, 0x00, 0x00, 0x00, 0x00,
  0x00, 0x00, 0x00, 0x00, 0x00, 0x00, 0x00, 0x00, 0x00, 0x00, 0x00, 0x00, 0x00, 0x00, 0x00, 0x00,
  0x00, 0x00, 0x00, 0x00, 0x00, 0x00, 0x00, 0x00, 0x00, 0x00, 0x00, 0x00, 0x00, 0x00, 0x00, 0x00,
  0x00, 0x00, 0x00, 0x00, 0x00, 0x00, 0x00, 0x00, 0x00, 0x00, 0x00, 0x00, 0x00, 0x00, 0x00, 0x00,
  0x00, 0x00, 0x00, 0x00, 0x2a, 0x20, 0xce, 0x68, 0x29, 0x21, 0xcf, 0xff, 0x29, 0x21, 0xcf, 0xff,
  0x29, 0x21, 0xcf, 0xff, 0x29, 0x21, 0xcf, 0xed, 0x29, 0x21, 0xcf, 0xaa, 0x29, 0x21, 0xcf, 0xaa,
  0x29, 0x21, 0xcf, 0xaa, 0x29, 0x21, 0xcf, 0xaa, 0x29, 0x21, 0xcf, 0xaa, 0x29, 0x21, 0xcf, 0xaa,
  0x29, 0x21, 0xcf, 0xaa, 0x29, 0x21, 0xcf, 0xaa, 0x29, 0x21, 0xcf, 0xaa, 0x29, 0x21, 0xcf, 0xaa,
  0x29, 0x21, 0xcf, 0xaa, 0x29, 0x21, 0xcf, 0xaa, 0x29, 0x21, 0xcf, 0xaa, 0x29, 0x21, 0xcf, 0xaa,
  0x29, 0x21, 0xcf, 0xaa, 0x29, 0x21, 0xcf, 0xaa, 0x29, 0x21, 0xcf, 0xaa, 0x29, 0x21, 0xcf, 0xaa,
  0x29, 0x21, 0xcf, 0xaa, 0x29, 0x21, 0xcf, 0xaa, 0x29, 0x21, 0xcf, 0xaa, 0x29, 0x21, 0xcf, 0xaa,
  0x29, 0x21, 0xcf, 0xaa, 0x29, 0x21, 0xcf, 0xaa, 0x29, 0x21, 0xcf, 0xaa, 0x29, 0x21, 0xcf, 0xaa,
  0x29, 0x21, 0xcf, 0xaa, 0x29, 0x21, 0xcf, 0xaa, 0x29, 0x21, 0xcf, 0xaa, 0x29, 0x21, 0xcf, 0xaa,
  0x29, 0x21, 0xcf, 0xaa, 0x29, 0x21, 0xcf, 0xaa, 0x29, 0x21, 0xcf, 0xaa, 0x29, 0x21, 0xcf, 0xaa,
  0x29, 0x21, 0xcf, 0xaa, 0x29, 0x21, 0xcf, 0xaa, 0x29, 0x21, 0xcf, 0xf1, 0x29, 0x21, 0xcf, 0xff,
  0x29, 0x21, 0xcf, 0xff, 0x29, 0x21, 0xcf, 0xff, 0x2a, 0x20, 0xd0, 0x67, 0x00, 0x00, 0x00, 0x00,
  0x00, 0x00, 0x00, 0x00, 0x00, 0x00, 0x00, 0x00, 0x00, 0x00, 0x00, 0x00, 0x00, 0x00, 0x00, 0x00,
  0x00, 0x00, 0x00, 0x00, 0x00, 0x00, 0x00, 0x00, 0x00, 0x00, 0x00, 0x00, 0x00, 0x00, 0x00, 0x00,
  0x00, 0x00, 0x00, 0x00, 0x00, 0x00, 0x00, 0x00, 0x00, 0x00, 0x00, 0x00, 0x00, 0x00, 0x00, 0x00,
  0x00, 0x00, 0x00, 0x00, 0x00, 0x00, 0x00, 0x00, 0x00, 0x00, 0x00, 0x00, 0x00, 0x00, 0x00, 0x00,
  0x2b, 0x21, 0xce, 0x2f, 0x29, 0x21, 0xcf, 0xf9, 0x29, 0x21, 0xcf, 0xff, 0x29, 0x21, 0xcf, 0xff,
  0x29, 0x21, 0xcf, 0xff, 0x29, 0x21, 0xcf, 0xff, 0x29, 0x21, 0xcf, 0xff, 0x29, 0x21, 0xcf, 0xff,
  0x29, 0x21, 0xcf, 0xff, 0x29, 0x21, 0xcf, 0xff, 0x29, 0x21, 0xcf, 0xff, 0x29, 0x21, 0xcf, 0xff,
  0x29, 0x21, 0xcf, 0xff, 0x29, 0x21, 0xcf, 0xff, 0x29, 0x21, 0xcf, 0xff, 0x29, 0x21, 0xcf, 0xff,
  0x29, 0x21, 0xcf, 0xff, 0x29, 0x21, 0xcf, 0xff, 0x29, 0x21, 0xcf, 0xff, 0x29, 0x21, 0xcf, 0xff,
  0x29, 0x21, 0xcf, 0xff, 0x29, 0x21, 0xcf, 0xff, 0x29, 0x21, 0xcf, 0xff, 0x29, 0x21, 0xcf, 0xff,
  0x29, 0x21, 0xcf, 0xff, 0x29, 0x21, 0xcf, 0xff, 0x29, 0x21, 0xcf, 0xff, 0x29, 0x21, 0xcf, 0xff,
  0x29, 0x21, 0xcf, 0xff, 0x29, 0x21, 0xcf, 0xff, 0x29, 0x21, 0xcf, 0xff, 0x29, 0x21, 0xcf, 0xff,
  0x29, 0x21, 0xcf, 0xff, 0x29, 0x21, 0xcf, 0xff, 0x29, 0x21, 0xcf, 0xff, 0x29, 0x21, 0xcf, 0xff,
  0x29, 0x21, 0xcf, 0xff, 0x29, 0x21, 0xcf, 0xff, 0x29, 0x21, 0xcf, 0xff, 0x29, 0x21, 0xcf, 0xff,
  0x29, 0x21, 0xcf, 0xff, 0x29, 0x21, 0xcf, 0xff, 0x29, 0x21, 0xcf, 0xff, 0x29, 0x21, 0xcf, 0xff,
  0x29, 0x21, 0xcf, 0xff, 0x29, 0x21, 0xcf, 0xff, 0x29, 0x21, 0xcf, 0xf9, 0x27, 0x21, 0xcd, 0x2e,
  0x00, 0x00, 0x00, 0x00, 0x00, 0x00, 0x00, 0x00, 0x00, 0x00, 0x00, 0x00, 0x00, 0x00, 0x00, 0x00,
  0x00, 0x00, 0x00, 0x00, 0x00, 0x00, 0x00, 0x00, 0x00, 0x00, 0x00, 0x00, 0x00, 0x00, 0x00, 0x00,
  0x00, 0x00, 0x00, 0x00, 0x00, 0x00, 0x00, 0x00, 0x00, 0x00, 0x00, 0x00, 0x00, 0x00, 0x00, 0x00,
  0x00, 0x00, 0x00, 0x00, 0x00, 0x00, 0x00, 0x00, 0x00, 0x00, 0x00, 0x00, 0x00, 0x00, 0x00, 0x00,
  0x29, 0x21, 0xcf, 0xa9, 0x29, 0x21, 0xcf, 0xff, 0x29, 0x21, 0xcf, 0xff, 0x29, 0x21, 0xcf, 0xff,
  0x29, 0x21, 0xcf, 0xff, 0x29, 0x21, 0xcf, 0xff, 0x29, 0x21, 0xcf, 0xff, 0x29, 0x21, 0xcf, 0xff,
  0x29, 0x21, 0xcf, 0xff, 0x29, 0x21, 0xcf, 0xff, 0x29, 0x21, 0xcf, 0xff, 0x29, 0x21, 0xcf, 0xff,
  0x29, 0x21, 0xcf, 0xff, 0x29, 0x21, 0xcf, 0xff, 0x29, 0x21, 0xcf, 0xff, 0x29, 0x21, 0xcf, 0xff,
  0x29, 0x21, 0xcf, 0xff, 0x29, 0x21, 0xcf, 0xff, 0x29, 0x21, 0xcf, 0xff, 0x29, 0x21, 0xcf, 0xff,
  0x29, 0x21, 0xcf, 0xff, 0x29, 0x21, 0xcf, 0xff, 0x29, 0x21, 0xcf, 0xff, 0x29, 0x21, 0xcf, 0xff,
  0x29, 0x21, 0xcf, 0xff, 0x29, 0x21, 0xcf, 0xff, 0x29, 0x21, 0xcf, 0xff, 0x29, 0x21, 0xcf, 0xff,
  0x29, 0x21, 0xcf, 0xff, 0x29, 0x21, 0xcf, 0xff, 0x29, 0x21, 0xcf, 0xff, 0x29, 0x21, 0xcf, 0xff,
  0x29, 0x21, 0xcf, 0xff, 0x29, 0x21, 0xcf, 0xff, 0x29, 0x21, 0xcf, 0xff, 0x29, 0x21, 0xcf, 0xff,
  0x29, 0x21, 0xcf, 0xff, 0x29, 0x21, 0xcf, 0xff, 0x29, 0x21, 0xcf, 0xff, 0x29, 0x21, 0xcf, 0xff,
  0x29, 0x21, 0xcf, 0xff, 0x29, 0x21, 0xcf, 0xff, 0x29, 0x21, 0xcf, 0xff, 0x29, 0x21, 0xcf, 0xff,
  0x29, 0x21, 0xcf, 0xff, 0x29, 0x21, 0xcf, 0xff, 0x29, 0x21, 0xcf, 0xff, 0x29, 0x21, 0xce, 0xa8,
  0x00, 0x00, 0x00, 0x00, 0x00, 0x00, 0x00, 0x00, 0x00, 0x00, 0x00, 0x00, 0x00, 0x00, 0x00, 0x00,
  0x00, 0x00, 0x00, 0x00, 0x00, 0x00, 0x00, 0x00, 0x00, 0x00, 0x00, 0x00, 0x00, 0x00, 0x00, 0x00,
  0x00, 0x00, 0x00, 0x00, 0x00, 0x00, 0x00, 0x00, 0x00, 0x00, 0x00, 0x00, 0x00, 0x00, 0x00, 0x00,
  0x00, 0x00, 0x00, 0x00, 0x00, 0x00, 0x00, 0x00, 0x00, 0x00, 0x00, 0x00, 0x00, 0x00, 0x00, 0x00,
  0x29, 0x21, 0xcf, 0xeb, 0x29, 0x21, 0xcf, 0xff, 0x29, 0x21, 0xcf, 0xff, 0x29, 0x21, 0xcf, 0xff,
  0x29, 0x21, 0xcf, 0xff, 0x29, 0x21, 0xcf, 0xff, 0x29, 0x21, 0xcf, 0xff, 0x29, 0x21, 0xcf, 0xff,
  0x29, 0x21, 0xcf, 0xff, 0x29, 0x21, 0xcf, 0xff, 0x29, 0x21, 0xcf, 0xff, 0x29, 0x21, 0xcf, 0xff,
  0x29, 0x21, 0xcf, 0xff, 0x29, 0x21, 0xcf, 0xff, 0x29, 0x21, 0xcf, 0xff, 0x29, 0x21, 0xcf, 0xff,
  0x29, 0x21, 0xcf, 0xff, 0x29, 0x21, 0xcf, 0xff, 0x29, 0x21, 0xcf, 0xff, 0x29, 0x21, 0xcf, 0xff,
  0x29, 0x21, 0xcf, 0xff, 0x29, 0x21, 0xcf, 0xff, 0x29, 0x21, 0xcf, 0xff, 0x29, 0x21, 0xcf, 0xff,
  0x29, 0x21, 0xcf, 0xff, 0x29, 0x21, 0xcf, 0xff, 0x29, 0x21, 0xcf, 0xff, 0x29, 0x21, 0xcf, 0xff,
  0x29, 0x21, 0xcf, 0xff, 0x29, 0x21, 0xcf, 0xff, 0x29, 0x21, 0xcf, 0xff, 0x29, 0x21, 0xcf, 0xff,
  0x29, 0x21, 0xcf, 0xff, 0x29, 0x21, 0xcf, 0xff, 0x29, 0x21, 0xcf, 0xff, 0x29, 0x21, 0xcf, 0xff,
  0x29, 0x21, 0xcf, 0xff, 0x29, 0x21, 0xcf, 0xff, 0x29, 0x21, 0xcf, 0xff, 0x29, 0x21, 0xcf, 0xff,
  0x29, 0x21, 0xcf, 0xff, 0x29, 0x21, 0xcf, 0xff, 0x29, 0x21, 0xcf, 0xff, 0x29, 0x21, 0xcf, 0xff,
  0x29, 0x21, 0xcf, 0xff, 0x29, 0x21, 0xcf, 0xff, 0x29, 0x21, 0xcf, 0xff, 0x28, 0x21, 0xcf, 0xe9,
  0x00, 0x00, 0x00, 0x00, 0x00, 0x00, 0x00, 0x00, 0x00, 0x00, 0x00, 0x00, 0x00, 0x00, 0x00, 0x00,
  0x00, 0x00, 0x00, 0x00, 0x00, 0x00, 0x00, 0x00, 0x00, 0x00, 0x00, 0x00, 0x00, 0x00, 0x00, 0x00,
  0x00, 0x00, 0x00, 0x00, 0x00, 0x00, 0x00, 0x00, 0x00, 0x00, 0x00, 0x00, 0x00, 0x00, 0x00, 0x00,
  0x00, 0x00, 0x00, 0x00, 0x00, 0x00, 0x00, 0x00, 0x00, 0x00, 0x00, 0x00, 0x00, 0x00, 0x00, 0x00,
  0x29, 0x21, 0xcf, 0xfe, 0x29, 0x21, 0xcf, 0xff, 0x29, 0x21, 0xcf, 0xff, 0x29, 0x21, 0xcf, 0xff,
  0x29, 0x21, 0xcf, 0xff, 0x29, 0x21, 0xcf, 0xff, 0x29, 0x21, 0xcf, 0xff, 0x29, 0x21, 0xcf, 0xff,
  0x29, 0x21, 0xcf, 0xff, 0x29, 0x21, 0xcf, 0xff, 0x29, 0x21, 0xcf, 0xff, 0x29, 0x21, 0xcf, 0xff,
  0x29, 0x21, 0xcf, 0xff, 0x29, 0x21, 0xcf, 0xff, 0x29, 0x21, 0xcf, 0xff, 0x29, 0x21, 0xcf, 0xff,
  0x29, 0x21, 0xcf, 0xff, 0x29, 0x21, 0xcf, 0xff, 0x29, 0x21, 0xcf, 0xff, 0x29, 0x21, 0xcf, 0xff,
  0x29, 0x21, 0xcf, 0xff, 0x29, 0x21, 0xcf, 0xff, 0x29, 0x21, 0xcf, 0xff, 0x29, 0x21, 0xcf, 0xff,
  0x29, 0x21, 0xcf, 0xff, 0x29, 0x21, 0xcf, 0xff, 0x29, 0x21, 0xcf, 0xff, 0x29, 0x21, 0xcf, 0xff,
  0x29, 0x21, 0xcf, 0xff, 0x29, 0x21, 0xcf, 0xff, 0x29, 0x21, 0xcf, 0xff, 0x29, 0x21, 0xcf, 0xff,
  0x29, 0x21, 0xcf, 0xff, 0x29, 0x21, 0xcf, 0xff, 0x29, 0x21, 0xcf, 0xff, 0x29, 0x21, 0xcf, 0xff,
  0x29, 0x21, 0xcf, 0xff, 0x29, 0x21, 0xcf, 0xff, 0x29, 0x21, 0xcf, 0xff, 0x29, 0x21, 0xcf, 0xff,
  0x29, 0x21, 0xcf, 0xff, 0x29, 0x21, 0xcf, 0xff, 0x29, 0x21, 0xcf, 0xff, 0x29, 0x21, 0xcf, 0xff,
  0x29, 0x21, 0xcf, 0xff, 0x29, 0x21, 0xcf, 0xff, 0x29, 0x21, 0xcf, 0xff, 0x29, 0x21, 0xcf, 0xfe,
  0x00, 0x00, 0x00, 0x00, 0x00, 0x00, 0x00, 0x00, 0x00, 0x00, 0x00, 0x00, 0x00, 0x00, 0x00, 0x00,
  0x00, 0x00, 0x00, 0x00, 0x00, 0x00, 0x00, 0x00, 0x00, 0x00, 0x00, 0x00, 0x00, 0x00, 0x00, 0x00,
  0x00, 0x00, 0x00, 0x00, 0x00, 0x00, 0x00, 0x00, 0x00, 0x00, 0x00, 0x00, 0x00, 0x00, 0x00, 0x00,
  0x00, 0x00, 0x00, 0x00, 0x00, 0x00, 0x00, 0x00, 0x00, 0x00, 0x00, 0x00, 0x00, 0x00, 0x00, 0x00,
  0x29, 0x21, 0xcf, 0xff, 0x29, 0x21, 0xcf, 0xff, 0x29, 0x21, 0xcf, 0xff, 0x29, 0x21, 0xcf, 0xff,
  0x29, 0x21, 0xcf, 0xff, 0x29, 0x21, 0xcf, 0xff, 0x29, 0x21, 0xcf, 0xff, 0x29, 0x21, 0xcf, 0xff,
  0x29, 0x21, 0xcf, 0xff, 0x29, 0x21, 0xcf, 0xff, 0x29, 0x21, 0xcf, 0xff, 0x29, 0x21, 0xcf, 0xff,
  0x29, 0x21, 0xcf, 0xff, 0x29, 0x21, 0xcf, 0xff, 0x29, 0x21, 0xcf, 0xff, 0x29, 0x21, 0xcf, 0xff,
  0x29, 0x21, 0xcf, 0xff, 0x29, 0x21, 0xcf, 0xff, 0x29, 0x21, 0xcf, 0xff, 0x29, 0x21, 0xcf, 0xff,
  0x29, 0x21, 0xcf, 0xff, 0x29, 0x21, 0xcf, 0xff, 0x29, 0x21, 0xcf, 0xff, 0x29, 0x21, 0xcf, 0xff,
  0x29, 0x21, 0xcf, 0xff, 0x29, 0x21, 0xcf, 0xff, 0x29, 0x21, 0xcf, 0xff, 0x29, 0x21, 0xcf, 0xff,
  0x29, 0x21, 0xcf, 0xff, 0x29, 0x21, 0xcf, 0xff, 0x29, 0x21, 0xcf, 0xff, 0x29, 0x21, 0xcf, 0xff,
  0x29, 0x21, 0xcf, 0xff, 0x29, 0x21, 0xcf, 0xff, 0x29, 0x21, 0xcf, 0xff, 0x29, 0x21, 0xcf, 0xff,
  0x29, 0x21, 0xcf, 0xff, 0x29, 0x21, 0xcf, 0xff, 0x29, 0x21, 0xcf, 0xff, 0x29, 0x21, 0xcf, 0xff,
  0x29, 0x21, 0xcf, 0xff, 0x29, 0x21, 0xcf, 0xff, 0x29, 0x21, 0xcf, 0xff, 0x29, 0x21, 0xcf, 0xff,
  0x29, 0x21, 0xcf, 0xff, 0x29, 0x21, 0xcf, 0xff, 0x29, 0x21, 0xcf, 0xff, 0x29, 0x21, 0xcf, 0xff,
  0x00, 0x00, 0x00, 0x00, 0x00, 0x00, 0x00, 0x00, 0x00, 0x00, 0x00, 0x00, 0x00, 0x00, 0x00, 0x00,
  0x00, 0x00, 0x00, 0x00, 0x00, 0x00, 0x00, 0x00, 0x00, 0x00, 0x00, 0x00, 0x00, 0x00, 0x00, 0x00,
  0x00, 0x00, 0x00, 0x00, 0x00, 0x00, 0x00, 0x00, 0x00, 0x00, 0x00, 0x00, 0x00, 0x00, 0x00, 0x00,
  0x00, 0x00, 0x00, 0x00, 0x00, 0x00, 0x00, 0x00, 0x00, 0x00, 0x00, 0x00, 0x00, 0x00, 0x00, 0x00,
  0x29, 0x21, 0xcf, 0xff, 0x29, 0x21, 0xcf, 0xff, 0x29, 0x21, 0xcf, 0xff, 0x29, 0x21, 0xcf, 0xff,
  0x29, 0x21, 0xcf, 0xff, 0x29, 0x21, 0xcf, 0xff, 0x29, 0x21, 0xcf, 0xff, 0x29, 0x21, 0xcf, 0xff,
  0x29, 0x21, 0xcf, 0xff, 0x29, 0x21, 0xcf, 0xff, 0x29, 0x21, 0xcf, 0xff, 0x29, 0x21, 0xcf, 0xff,
  0x29, 0x21, 0xcf, 0xff, 0x29, 0x21, 0xcf, 0xff, 0x29, 0x21, 0xcf, 0xff, 0x29, 0x21, 0xcf, 0xff,
  0x29, 0x21, 0xcf, 0xff, 0x29, 0x21, 0xcf, 0xff, 0x29, 0x21, 0xcf, 0xff, 0x29, 0x21, 0xcf, 0xff,
  0x29, 0x21, 0xcf, 0xff, 0x29, 0x21, 0xcf, 0xff, 0x29, 0x21, 0xcf, 0xff, 0x29, 0x21, 0xcf, 0xff,
  0x29, 0x21, 0xcf, 0xff, 0x29, 0x21, 0xcf, 0xff, 0x29, 0x21, 0xcf, 0xff, 0x29, 0x21, 0xcf, 0xff,
  0x29, 0x21, 0xcf, 0xff, 0x29, 0x21, 0xcf, 0xff, 0x29, 0x21, 0xcf, 0xff, 0x29, 0x21, 0xcf, 0xff,
  0x29, 0x21, 0xcf, 0xff, 0x29, 0x21, 0xcf, 0xff, 0x29, 0x21, 0xcf, 0xff, 0x29, 0x21, 0xcf, 0xff,
  0x29, 0x21, 0xcf, 0xff, 0x29, 0x21, 0xcf, 0xff, 0x29, 0x21, 0xcf, 0xff, 0x29, 0x21, 0xcf, 0xff,
  0x29, 0x21, 0xcf, 0xff, 0x29, 0x21, 0xcf, 0xff, 0x29, 0x21, 0xcf, 0xff, 0x29, 0x21, 0xcf, 0xff,
  0x29, 0x21, 0xcf, 0xff, 0x29, 0x21, 0xcf, 0xff, 0x29, 0x21, 0xcf, 0xff, 0x29, 0x21, 0xcf, 0xff,
  0x00, 0x00, 0x00, 0x00, 0x00, 0x00, 0x00, 0x00, 0x00, 0x00, 0x00, 0x00, 0x00, 0x00, 0x00, 0x00,
  0x00, 0x00, 0x00, 0x00, 0x00, 0x00, 0x00, 0x00, 0x00, 0x00, 0x00, 0x00, 0x00, 0x00, 0x00, 0x00,
  0x00, 0x00, 0x00, 0x00, 0x00, 0x00, 0x00, 0x00, 0x00, 0x00, 0x00, 0x00, 0x00, 0x00, 0x00, 0x00,
  0x00, 0x00, 0x00, 0x00, 0x00, 0x00, 0x00, 0x00, 0x00, 0x00, 0x00, 0x00, 0x00, 0x00, 0x00, 0x00,
  0x29, 0x21, 0xcf, 0xff, 0x29, 0x21, 0xcf, 0xff, 0x29, 0x21, 0xcf, 0xff, 0x29, 0x21, 0xcf, 0xff,
  0x29, 0x21, 0xcf, 0xff, 0x29, 0x21, 0xcf, 0xff, 0x29, 0x21, 0xcf, 0xff, 0x29, 0x21, 0xcf, 0xff,
  0x29, 0x21, 0xcf, 0xff, 0x29, 0x21, 0xcf, 0xff, 0x29, 0x21, 0xcf, 0xff, 0x29, 0x21, 0xcf, 0xff,
  0x29, 0x21, 0xcf, 0xff, 0x29, 0x21, 0xcf, 0xff, 0x29, 0x21, 0xcf, 0xff, 0x29, 0x21, 0xcf, 0xff,
  0x29, 0x21, 0xcf, 0xff, 0x29, 0x21, 0xcf, 0xff, 0x29, 0x21, 0xcf, 0xff, 0x29, 0x21, 0xcf, 0xff,
  0x29, 0x21, 0xcf, 0xff, 0x29, 0x21, 0xcf, 0xff, 0x29, 0x21, 0xcf, 0xff, 0x29, 0x21, 0xcf, 0xff,
  0x29, 0x21, 0xcf, 0xff, 0x29, 0x21, 0xcf, 0xff, 0x29, 0x21, 0xcf, 0xff, 0x29, 0x21, 0xcf, 0xff,
  0x29, 0x21, 0xcf, 0xff, 0x29, 0x21, 0xcf, 0xff, 0x29, 0x21, 0xcf, 0xff, 0x29, 0x21, 0xcf, 0xff,
  0x29, 0x21, 0xcf, 0xff, 0x29, 0x21, 0xcf, 0xff, 0x29, 0x21, 0xcf, 0xff, 0x29, 0x21, 0xcf, 0xff,
  0x29, 0x21, 0xcf, 0xff, 0x29, 0x21, 0xcf, 0xff, 0x29, 0x21, 0xcf, 0xff, 0x29, 0x21, 0xcf, 0xff,
  0x29, 0x21, 0xcf, 0xff, 0x29, 0x21, 0xcf, 0xff, 0x29, 0x21, 0xcf, 0xff, 0x29, 0x21, 0xcf, 0xff,
  0x29, 0x21, 0xcf, 0xff, 0x29, 0x21, 0xcf, 0xff, 0x29, 0x21, 0xcf, 0xff, 0x29, 0x21, 0xcf, 0xff,
  0x00, 0x00, 0x00, 0x00, 0x00, 0x00, 0x00, 0x00, 0x00, 0x00, 0x00, 0x00, 0x00, 0x00, 0x00, 0x00,
  0x00, 0x00, 0x00, 0x00, 0x00, 0x00, 0x00, 0x00, 0x00, 0x00, 0x00, 0x00, 0x00, 0x00, 0x00, 0x00,
  0x00, 0x00, 0x00, 0x00, 0x00, 0x00, 0x00, 0x00, 0x00, 0x00, 0x00, 0x00, 0x00, 0x00, 0x00, 0x00,
  0x00, 0x00, 0x00, 0x00, 0x00, 0x00, 0x00, 0x00, 0x00, 0x00, 0x00, 0x00, 0x00, 0x00, 0x00, 0x00,
  0x29, 0x21, 0xcf, 0xff, 0x29, 0x21, 0xcf, 0xff, 0x29, 0x21, 0xcf, 0xff, 0x29, 0x21, 0xcf, 0xff,
  0x29, 0x21, 0xcf, 0xff, 0x29, 0x21, 0xcf, 0xff, 0x29, 0x21, 0xcf, 0xff, 0x29, 0x21, 0xcf, 0xff,
  0x29, 0x21, 0xcf, 0xff, 0x29, 0x21, 0xcf, 0xff, 0x29, 0x21, 0xcf, 0xff, 0x29, 0x21, 0xcf, 0xff,
  0x29, 0x21, 0xcf, 0xff, 0x29, 0x21, 0xcf, 0xff, 0x29, 0x21, 0xcf, 0xff, 0x29, 0x21, 0xcf, 0xff,
  0x29, 0x21, 0xcf, 0xff, 0x29, 0x21, 0xcf, 0xff, 0x29, 0x21, 0xcf, 0xff, 0x29, 0x21, 0xcf, 0xff,
  0x29, 0x21, 0xcf, 0xff, 0x29, 0x21, 0xcf, 0xff, 0x29, 0x21, 0xcf, 0xff, 0x29, 0x21, 0xcf, 0xff,
  0x29, 0x21, 0xcf, 0xff, 0x29, 0x21, 0xcf, 0xff, 0x29, 0x21, 0xcf, 0xff, 0x29, 0x21, 0xcf, 0xff,
  0x29, 0x21, 0xcf, 0xff, 0x29, 0x21, 0xcf, 0xff, 0x29, 0x21, 0xcf, 0xff, 0x29, 0x21, 0xcf, 0xff,
  0x29, 0x21, 0xcf, 0xff, 0x29, 0x21, 0xcf, 0xff, 0x29, 0x21, 0xcf, 0xff, 0x29, 0x21, 0xcf, 0xff,
  0x29, 0x21, 0xcf, 0xff, 0x29, 0x21, 0xcf, 0xff, 0x29, 0x21, 0xcf, 0xff, 0x29, 0x21, 0xcf, 0xff,
  0x29, 0x21, 0xcf, 0xff, 0x29, 0x21, 0xcf, 0xff, 0x29, 0x21, 0xcf, 0xff, 0x29, 0x21, 0xcf, 0xff,
  0x29, 0x21, 0xcf, 0xff, 0x29, 0x21, 0xcf, 0xff, 0x29, 0x21, 0xcf, 0xff, 0x29, 0x21, 0xcf, 0xff,
  0x00, 0x00, 0x00, 0x00, 0x00, 0x00, 0x00, 0x00, 0x00, 0x00, 0x00, 0x00, 0x00, 0x00, 0x00, 0x00,
  0x00, 0x00, 0x00, 0x00, 0x00, 0x00, 0x00, 0x00, 0x00, 0x00, 0x00, 0x00, 0x00, 0x00, 0x00, 0x00,
  0x00, 0x00, 0x00, 0x00, 0x00, 0x00, 0x00, 0x00, 0x00, 0x00, 0x00, 0x00, 0x00, 0x00, 0x00, 0x00,
  0x00, 0x00, 0x00, 0x00, 0x00, 0x00, 0x00, 0x00, 0x00, 0x00, 0x00, 0x00, 0x00, 0x00, 0x00, 0x00,
  0x29, 0x21, 0xcf, 0xff, 0x29, 0x21, 0xcf, 0xff, 0x29, 0x21, 0xcf, 0xff, 0x29, 0x21, 0xcf, 0xff,
  0x29, 0x21, 0xcf, 0xff, 0x29, 0x21, 0xcf, 0xff, 0x29, 0x21, 0xcf, 0xff, 0x29, 0x21, 0xcf, 0xff,
  0x29, 0x21, 0xcf, 0xff, 0x29, 0x21, 0xcf, 0xff, 0x29, 0x21, 0xcf, 0xff, 0x29, 0x21, 0xcf, 0xff,
  0x29, 0x21, 0xcf, 0xff, 0x29, 0x21, 0xcf, 0xff, 0x29, 0x21, 0xcf, 0xff, 0x29, 0x21, 0xcf, 0xff,
  0x29, 0x21, 0xcf, 0xff, 0x29, 0x21, 0xcf, 0xff, 0x29, 0x21, 0xcf, 0xff, 0x29, 0x21, 0xcf, 0xff,
  0x29, 0x21, 0xcf, 0xff, 0x29, 0x21, 0xcf, 0xff, 0x29, 0x21, 0xcf, 0xff, 0x29, 0x21, 0xcf, 0xff,
  0x29, 0x21, 0xcf, 0xff, 0x29, 0x21, 0xcf, 0xff, 0x29, 0x21, 0xcf, 0xff, 0x29, 0x21, 0xcf, 0xff,
  0x29, 0x21, 0xcf, 0xff, 0x29, 0x21, 0xcf, 0xff, 0x29, 0x21, 0xcf, 0xff, 0x29, 0x21, 0xcf, 0xff,
  0x29, 0x21, 0xcf, 0xff, 0x29, 0x21, 0xcf, 0xff, 0x29, 0x21, 0xcf, 0xff, 0x29, 0x21, 0xcf, 0xff,
  0x29, 0x21, 0xcf, 0xff, 0x29, 0x21, 0xcf, 0xff, 0x29, 0x21, 0xcf, 0xff, 0x29, 0x21, 0xcf, 0xff,
  0x29, 0x21, 0xcf, 0xff, 0x29, 0x21, 0xcf, 0xff, 0x29, 0x21, 0xcf, 0xff, 0x29, 0x21, 0xcf, 0xff,
  0x29, 0x21, 0xcf, 0xff, 0x29, 0x21, 0xcf, 0xff, 0x29, 0x21, 0xcf, 0xff, 0x29, 0x21, 0xcf, 0xff,
  0x00, 0x00, 0x00, 0x00, 0x00, 0x00, 0x00, 0x00, 0x00, 0x00, 0x00, 0x00, 0x00, 0x00, 0x00, 0x00,
  0x00, 0x00, 0x00, 0x00, 0x00, 0x00, 0x00, 0x00, 0x00, 0x00, 0x00, 0x00, 0x00, 0x00, 0x00, 0x00,
  0x00, 0x00, 0x00, 0x00, 0x00, 0x00, 0x00, 0x00, 0x00, 0x00, 0x00, 0x00, 0x00, 0x00, 0x00, 0x00,
  0x00, 0x00, 0x00, 0x00, 0x00, 0x00, 0x00, 0x00, 0x00, 0x00, 0x00, 0x00, 0x00, 0x00, 0x00, 0x00,
  0x29, 0x21, 0xcf, 0xff, 0x29, 0x21, 0xcf, 0xff, 0x29, 0x21, 0xcf, 0xff, 0x29, 0x21, 0xcf, 0xff,
  0x29, 0x21, 0xcf, 0xff, 0x29, 0x21, 0xcf, 0xff, 0x29, 0x21, 0xcf, 0xff, 0x29, 0x21, 0xcf, 0xff,
  0x29, 0x21, 0xcf, 0xff, 0x29, 0x21, 0xcf, 0xff, 0x29, 0x21, 0xcf, 0xff, 0x29, 0x21, 0xcf, 0xff,
  0x29, 0x21, 0xcf, 0xff, 0x29, 0x21, 0xcf, 0xff, 0x29, 0x21, 0xcf, 0xff, 0x29, 0x21, 0xcf, 0xff,
  0x29, 0x21, 0xcf, 0xff, 0x29, 0x21, 0xcf, 0xff, 0x29, 0x21, 0xcf, 0xff, 0x29, 0x21, 0xcf, 0xff,
  0x29, 0x21, 0xcf, 0xff, 0x29, 0x21, 0xcf, 0xff, 0x29, 0x21, 0xcf, 0xff, 0x29, 0x21, 0xcf, 0xff,
  0x29, 0x21, 0xcf, 0xff, 0x29, 0x21, 0xcf, 0xff, 0x29, 0x21, 0xcf, 0xff, 0x29, 0x21, 0xcf, 0xff,
  0x29, 0x21, 0xcf, 0xff, 0x29, 0x21, 0xcf, 0xff, 0x29, 0x21, 0xcf, 0xff, 0x29, 0x21, 0xcf, 0xff,
  0x29, 0x21, 0xcf, 0xff, 0x29, 0x21, 0xcf, 0xff, 0x29, 0x21, 0xcf, 0xff, 0x29, 0x21, 0xcf, 0xff,
  0x29, 0x21, 0xcf, 0xff, 0x29, 0x21, 0xcf, 0xff, 0x29, 0x21, 0xcf, 0xff, 0x29, 0x21, 0xcf, 0xff,
  0x29, 0x21, 0xcf, 0xff, 0x29, 0x21, 0xcf, 0xff, 0x29, 0x21, 0xcf, 0xff, 0x29, 0x21, 0xcf, 0xff,
  0x29, 0x21, 0xcf, 0xff, 0x29, 0x21, 0xcf, 0xff, 0x29, 0x21, 0xcf, 0xff, 0x29, 0x21, 0xcf, 0xff,
  0x00, 0x00, 0x00, 0x00, 0x00, 0x00, 0x00, 0x00, 0x00, 0x00, 0x00, 0x00, 0x00, 0x00, 0x00, 0x00,
  0x00, 0x00, 0x00, 0x00, 0x00, 0x00, 0x00, 0x00, 0x00, 0x00, 0x00, 0x00, 0x00, 0x00, 0x00, 0x00,
  0x00, 0x00, 0x00, 0x00, 0x00, 0x00, 0x00, 0x00, 0x00, 0x00, 0x00, 0x00, 0x00, 0x00, 0x00, 0x00,
  0x00, 0x00, 0x00, 0x00, 0x00, 0x00, 0x00, 0x00, 0x00, 0x00, 0x00, 0x00, 0x00, 0x00, 0x00, 0x00,
  0x29, 0x21, 0xcf, 0xff, 0x29, 0x21, 0xcf, 0xff, 0x29, 0x21, 0xcf, 0xff, 0x29, 0x21, 0xcf, 0xff,
  0x29, 0x21, 0xcf, 0xff, 0x29, 0x21, 0xcf, 0xff, 0x29, 0x21, 0xcf, 0xff, 0x29, 0x21, 0xcf, 0xff,
  0x29, 0x21, 0xcf, 0xff, 0x29, 0x21, 0xcf, 0xff, 0x29, 0x21, 0xcf, 0xff, 0x29, 0x21, 0xcf, 0xff,
  0x29, 0x21, 0xcf, 0xff, 0x29, 0x21, 0xcf, 0xff, 0x29, 0x21, 0xcf, 0xff, 0x29, 0x21, 0xcf, 0xff,
  0x29, 0x21, 0xcf, 0xff, 0x29, 0x21, 0xcf, 0xff, 0x29, 0x21, 0xcf, 0xff, 0x29, 0x21, 0xcf, 0xff,
  0x29, 0x21, 0xcf, 0xff, 0x29, 0x21, 0xcf, 0xff, 0x29, 0x21, 0xcf, 0xff, 0x29, 0x21, 0xcf, 0xff,
  0x29, 0x21, 0xcf, 0xff, 0x29, 0x21, 0xcf, 0xff, 0x29, 0x21, 0xcf, 0xff, 0x29, 0x21, 0xcf, 0xff,
  0x29, 0x21, 0xcf, 0xff, 0x29, 0x21, 0xcf, 0xff, 0x29, 0x21, 0xcf, 0xff, 0x29, 0x21, 0xcf, 0xff,
  0x29, 0x21, 0xcf, 0xff, 0x29, 0x21, 0xcf, 0xff, 0x29, 0x21, 0xcf, 0xff, 0x29, 0x21, 0xcf, 0xff,
  0x29, 0x21, 0xcf, 0xff, 0x29, 0x21, 0xcf, 0xff, 0x29, 0x21, 0xcf, 0xff, 0x29, 0x21, 0xcf, 0xff,
  0x29, 0x21, 0xcf, 0xff, 0x29, 0x21, 0xcf, 0xff, 0x29, 0x21, 0xcf, 0xff, 0x29, 0x21, 0xcf, 0xff,
  0x29, 0x21, 0xcf, 0xff, 0x29, 0x21, 0xcf, 0xff, 0x29, 0x21, 0xcf, 0xff, 0x29, 0x21, 0xcf, 0xff,
  0x00, 0x00, 0x00, 0x00, 0x00, 0x00, 0x00, 0x00, 0x00, 0x00, 0x00, 0x00, 0x00, 0x00, 0x00, 0x00,
  0x00, 0x00, 0x00, 0x00, 0x00, 0x00, 0x00, 0x00, 0x00, 0x00, 0x00, 0x00, 0x00, 0x00, 0x00, 0x00,
  0x00, 0x00, 0x00, 0x00, 0x00, 0x00, 0x00, 0x00, 0x00, 0x00, 0x00, 0x00, 0x00, 0x00, 0x00, 0x00,
  0x00, 0x00, 0x00, 0x00, 0x00, 0x00, 0x00, 0x00, 0x00, 0x00, 0x00, 0x00, 0x00, 0x00, 0x00, 0x00,
  0x29, 0x21, 0xcf, 0xff, 0x29, 0x21, 0xcf, 0xff, 0x29, 0x21, 0xcf, 0xff, 0x29, 0x21, 0xcf, 0xff,
  0x29, 0x21, 0xcf, 0xff, 0x29, 0x21, 0xcf, 0xff, 0x29, 0x21, 0xcf, 0xff, 0x29, 0x21, 0xcf, 0xff,
  0x29, 0x21, 0xcf, 0xff, 0x29, 0x21, 0xcf, 0xff, 0x29, 0x21, 0xcf, 0xff, 0x29, 0x21, 0xcf, 0xff,
  0x29, 0x21, 0xcf, 0xff, 0x29, 0x21, 0xcf, 0xff, 0x29, 0x21, 0xcf, 0xff, 0x29, 0x21, 0xcf, 0xff,
  0x29, 0x21, 0xcf, 0xff, 0x29, 0x21, 0xcf, 0xff, 0x29, 0x21, 0xcf, 0xff, 0x29, 0x21, 0xcf, 0xff,
  0x29, 0x21, 0xcf, 0xff, 0x29, 0x21, 0xcf, 0xff, 0x29, 0x21, 0xcf, 0xff, 0x29, 0x21, 0xcf, 0xff,
  0x29, 0x21, 0xcf, 0xff, 0x29, 0x21, 0xcf, 0xff, 0x29, 0x21, 0xcf, 0xff, 0x29, 0x21, 0xcf, 0xff,
  0x29, 0x21, 0xcf, 0xff, 0x29, 0x21, 0xcf, 0xff, 0x29, 0x21, 0xcf, 0xff, 0x29, 0x21, 0xcf, 0xff,
  0x29, 0x21, 0xcf, 0xff, 0x29, 0x21, 0xcf, 0xff, 0x29, 0x21, 0xcf, 0xff, 0x29, 0x21, 0xcf, 0xff,
  0x29, 0x21, 0xcf, 0xff, 0x29, 0x21, 0xcf, 0xff, 0x29, 0x21, 0xcf, 0xff, 0x29, 0x21, 0xcf, 0xff,
  0x29, 0x21, 0xcf, 0xff, 0x29, 0x21, 0xcf, 0xff, 0x29, 0x21, 0xcf, 0xff, 0x29, 0x21, 0xcf, 0xff,
  0x29, 0x21, 0xcf, 0xff, 0x29, 0x21, 0xcf, 0xff, 0x29, 0x21, 0xcf, 0xff, 0x29, 0x21, 0xcf, 0xff,
  0x00, 0x00, 0x00, 0x00, 0x00, 0x00, 0x00, 0x00, 0x00, 0x00, 0x00, 0x00, 0x00, 0x00, 0x00, 0x00,
  0x00, 0x00, 0x00, 0x00, 0x00, 0x00, 0x00, 0x00, 0x00, 0x00, 0x00, 0x00, 0x00, 0x00, 0x00, 0x00,
  0x00, 0x00, 0x00, 0x00, 0x00, 0x00, 0x00, 0x00, 0x00, 0x00, 0x00, 0x00, 0x00, 0x00, 0x00, 0x00,
  0x00, 0x00, 0x00, 0x00, 0x00, 0x00, 0x00, 0x00, 0x00, 0x00, 0x00, 0x00, 0x00, 0x00, 0x00, 0x00,
  0x29, 0x21, 0xcf, 0xff, 0x29, 0x21, 0xcf, 0xff, 0x29, 0x21, 0xcf, 0xff, 0x29, 0x21, 0xcf, 0xff,
  0x29, 0x21, 0xcf, 0xff, 0x29, 0x21, 0xcf, 0xff, 0x29, 0x21, 0xcf, 0xff, 0x29, 0x21, 0xcf, 0xff,
  0x29, 0x21, 0xcf, 0xff, 0x29, 0x21, 0xcf, 0xff, 0x29, 0x21, 0xcf, 0xff, 0x29, 0x21, 0xcf, 0xff,
  0x29, 0x21, 0xcf, 0xff, 0x29, 0x21, 0xcf, 0xff, 0x29, 0x21, 0xcf, 0xff, 0x29, 0x21, 0xcf, 0xff,
  0x29, 0x21, 0xcf, 0xff, 0x29, 0x21, 0xcf, 0xff, 0x28, 0x21, 0xcf, 0xe3, 0x29, 0x21, 0xcf, 0xaa,
  0x29, 0x21, 0xcf, 0xaa, 0x29, 0x21, 0xcf, 0xaa, 0x29, 0x21, 0xcf, 0xaa, 0x29, 0x21, 0xcf, 0xaa,
  0x29, 0x21, 0xcf, 0xaa, 0x29, 0x21, 0xcf, 0xaa, 0x29, 0x21, 0xcf, 0xaa, 0x29, 0x21, 0xcf, 0xaa,
  0x29, 0x21, 0xcf, 0xaa, 0x28, 0x21, 0xcf, 0xe3, 0x29, 0x21, 0xcf, 0xff, 0x29, 0x21, 0xcf, 0xff,
  0x29, 0x21, 0xcf, 0xff, 0x29, 0x21, 0xcf, 0xff, 0x29, 0x21, 0xcf, 0xff, 0x29, 0x21, 0xcf, 0xff,
  0x29, 0x21, 0xcf, 0xff, 0x29, 0x21, 0xcf, 0xff, 0x29, 0x21, 0xcf, 0xff, 0x29, 0x21, 0xcf, 0xff,
  0x29, 0x21, 0xcf, 0xff, 0x29, 0x21, 0xcf, 0xff, 0x29, 0x21, 0xcf, 0xff, 0x29, 0x21, 0xcf, 0xff,
  0x29, 0x21, 0xcf, 0xff, 0x29, 0x21, 0xcf, 0xff, 0x29, 0x21, 0xcf, 0xff, 0x29, 0x21, 0xcf, 0xff,
  0x00, 0x00, 0x00, 0x00, 0x00, 0x00, 0x00, 0x00, 0x00, 0x00, 0x00, 0x00, 0x00, 0x00, 0x00, 0x00,
  0x00, 0x00, 0x00, 0x00, 0x00, 0x00, 0x00, 0x00, 0x00, 0x00, 0x00, 0x00, 0x00, 0x00, 0x00, 0x00,
  0x00, 0x00, 0x00, 0x00, 0x00, 0x00, 0x00, 0x00, 0x00, 0x00, 0x00, 0x00, 0x00, 0x00, 0x00, 0x00,
  0x00, 0x00, 0x00, 0x00, 0x00, 0x00, 0x00, 0x00, 0x00, 0x00, 0x00, 0x00, 0x00, 0x00, 0x00, 0x00,
  0x29, 0x21, 0xcf, 0xff, 0x29, 0x21, 0xcf, 0xff, 0x29, 0x21, 0xcf, 0xff, 0x29, 0x21, 0xcf, 0xff,
  0x29, 0x21, 0xcf, 0xff, 0x29, 0x21, 0xcf, 0xff, 0x29, 0x21, 0xcf, 0xff, 0x29, 0x21, 0xcf, 0xff,
  0x29, 0x21, 0xcf, 0xff, 0x29, 0x21, 0xcf, 0xff, 0x29, 0x21, 0xcf, 0xff, 0x29, 0x21, 0xcf, 0xff,
  0x29, 0x21, 0xcf, 0xff, 0x29, 0x21, 0xcf, 0xff, 0x29, 0x21, 0xcf, 0xff, 0x29, 0x21, 0xcf, 0xff,
  0x29, 0x21, 0xcf, 0xff, 0x29, 0x21, 0xcf, 0xff, 0x29, 0x21, 0xcf, 0xaa, 0x00, 0x00, 0x00, 0x00,
  0x00, 0x00, 0x00, 0x00, 0x00, 0x00, 0x00, 0x00, 0x00, 0x00, 0x00, 0x00, 0x00, 0x00, 0x00, 0x00,
  0x00, 0x00, 0x00, 0x00, 0x00, 0x00, 0x00, 0x00, 0x00, 0x00, 0x00, 0x00, 0x00, 0x00, 0x00, 0x00,
  0x00, 0x00, 0x00, 0x00, 0x29, 0x21, 0xcf, 0xaa, 0x29, 0x21, 0xcf, 0xff, 0x29, 0x21, 0xcf, 0xff,
  0x29, 0x21, 0xcf, 0xff, 0x29, 0x21, 0xcf, 0xff, 0x29, 0x21, 0xcf, 0xff, 0x29, 0x21, 0xcf, 0xff,
  0x29, 0x21, 0xcf, 0xff, 0x29, 0x21, 0xcf, 0xff, 0x29, 0x21, 0xcf, 0xff, 0x29, 0x21, 0xcf, 0xff,
  0x29, 0x21, 0xcf, 0xff, 0x29, 0x21, 0xcf, 0xff, 0x29, 0x21, 0xcf, 0xff, 0x29, 0x21, 0xcf, 0xff,
  0x29, 0x21, 0xcf, 0xff, 0x29, 0x21, 0xcf, 0xff, 0x29, 0x21, 0xcf, 0xff, 0x29, 0x21, 0xcf, 0xff,
  0x00, 0x00, 0x00, 0x00, 0x00, 0x00, 0x00, 0x00, 0x00, 0x00, 0x00, 0x00, 0x00, 0x00, 0x00, 0x00,
  0x00, 0x00, 0x00, 0x00, 0x00, 0x00, 0x00, 0x00, 0x00, 0x00, 0x00, 0x00, 0x00, 0x00, 0x00, 0x00,
  0x00, 0x00, 0x00, 0x00, 0x00, 0x00, 0x00, 0x00, 0x00, 0x00, 0x00, 0x00, 0x00, 0x00, 0x00, 0x00,
  0x00, 0x00, 0x00, 0x00, 0x00, 0x00, 0x00, 0x00, 0x00, 0x00, 0x00, 0x00, 0x00, 0x00, 0x00, 0x00,
  0x29, 0x21, 0xcf, 0xff, 0x29, 0x21, 0xcf, 0xff, 0x29, 0x21, 0xcf, 0xff, 0x29, 0x21, 0xcf, 0xff,
  0x29, 0x21, 0xcf, 0xff, 0x29, 0x21, 0xcf, 0xff, 0x29, 0x21, 0xcf, 0xff, 0x29, 0x21, 0xcf, 0xff,
  0x29, 0x21, 0xcf, 0xff, 0x29, 0x21, 0xcf, 0xff, 0x29, 0x21, 0xcf, 0xff, 0x29, 0x21, 0xcf, 0xff,
  0x29, 0x21, 0xcf, 0xff, 0x29, 0x21, 0xcf, 0xff, 0x29, 0x21, 0xcf, 0xff, 0x29, 0x21, 0xcf, 0xff,
  0x29, 0x21, 0xcf, 0xff, 0x29, 0x21, 0xcf, 0xff, 0x29, 0x21, 0xcf, 0xaa, 0x00, 0x00, 0x00, 0x00,
  0x00, 0x00, 0x00, 0x00, 0x00, 0x00, 0x00, 0x00, 0x00, 0x00, 0x00, 0x00, 0x00, 0x00, 0x00, 0x00,
  0x00, 0x00, 0x00, 0x00, 0x00, 0x00, 0x00, 0x00, 0x00, 0x00, 0x00, 0x00, 0x00, 0x00, 0x00, 0x00,
  0x00, 0x00, 0x00, 0x00, 0x29, 0x21, 0xcf, 0xaa, 0x29, 0x21, 0xcf, 0xff, 0x29, 0x21, 0xcf, 0xff,
  0x29, 0x21, 0xcf, 0xff, 0x29, 0x21, 0xcf, 0xff, 0x29, 0x21, 0xcf, 0xff, 0x29, 0x21, 0xcf, 0xff,
  0x29, 0x21, 0xcf, 0xff, 0x29, 0x21, 0xcf, 0xff, 0x29, 0x21, 0xcf, 0xff, 0x29, 0x21, 0xcf, 0xff,
  0x29, 0x21, 0xcf, 0xff, 0x29, 0x21, 0xcf, 0xff, 0x29, 0x21, 0xcf, 0xff, 0x29, 0x21, 0xcf, 0xff,
  0x29, 0x21, 0xcf, 0xff, 0x29, 0x21, 0xcf, 0xff, 0x29, 0x21, 0xcf, 0xff, 0x29, 0x21, 0xcf, 0xff,
  0x00, 0x00, 0x00, 0x00, 0x00, 0x00, 0x00, 0x00, 0x00, 0x00, 0x00, 0x00, 0x00, 0x00, 0x00, 0x00,
  0x00, 0x00, 0x00, 0x00, 0x00, 0x00, 0x00, 0x00, 0x00, 0x00, 0x00, 0x00, 0x00, 0x00, 0x00, 0x00,
  0x00, 0x00, 0x00, 0x00, 0x00, 0x00, 0x00, 0x00, 0x00, 0x00, 0x00, 0x00, 0x00, 0x00, 0x00, 0x00,
  0x00, 0x00, 0x00, 0x00, 0x00, 0x00, 0x00, 0x00, 0x00, 0x00, 0x00, 0x00, 0x00, 0x00, 0x00, 0x00,
  0x29, 0x21, 0xcf, 0xff, 0x29, 0x21, 0xcf, 0xff, 0x29, 0x21, 0xcf, 0xff, 0x29, 0x21, 0xcf, 0xff,
  0x29, 0x21, 0xcf, 0xff, 0x29, 0x21, 0xcf, 0xff, 0x29, 0x21, 0xcf, 0xff, 0x29, 0x21, 0xcf, 0xff,
  0x29, 0x21, 0xcf, 0xff, 0x29, 0x21, 0xcf, 0xff, 0x29, 0x21, 0xcf, 0xff, 0x29, 0x21, 0xcf, 0xff,
  0x29, 0x21, 0xcf, 0xff, 0x29, 0x21, 0xcf, 0xff, 0x29, 0x21, 0xcf, 0xff, 0x29, 0x21, 0xcf, 0xff,
  0x29, 0x21, 0xcf, 0xff, 0x29, 0x21, 0xcf, 0xff, 0x29, 0x21, 0xcf, 0xaa, 0x00, 0x00, 0x00, 0x00,
  0x00, 0x00, 0x00, 0x00, 0x00, 0x00, 0x00, 0x00, 0x00, 0x00, 0x00, 0x00, 0x00, 0x00, 0x00, 0x00,
  0x00, 0x00, 0x00, 0x00, 0x00, 0x00, 0x00, 0x00, 0x00, 0x00, 0x00, 0x00, 0x00, 0x00, 0x00, 0x00,
  0x00, 0x00, 0x00, 0x00, 0x29, 0x21, 0xcf, 0xaa, 0x29, 0x21, 0xcf, 0xff, 0x29, 0x21, 0xcf, 0xff,
  0x29, 0x21, 0xcf, 0xff, 0x29, 0x21, 0xcf, 0xff, 0x29, 0x21, 0xcf, 0xff, 0x29, 0x21, 0xcf, 0xff,
  0x29, 0x21, 0xcf, 0xff, 0x29, 0x21, 0xcf, 0xff, 0x29, 0x21, 0xcf, 0xff, 0x29, 0x21, 0xcf, 0xff,
  0x29, 0x21, 0xcf, 0xff, 0x29, 0x21, 0xcf, 0xff, 0x29, 0x21, 0xcf, 0xff, 0x29, 0x21, 0xcf, 0xff,
  0x29, 0x21, 0xcf, 0xff, 0x29, 0x21, 0xcf, 0xff, 0x29, 0x21, 0xcf, 0xff, 0x29, 0x21, 0xcf, 0xff,
  0x00, 0x00, 0x00, 0x00, 0x00, 0x00, 0x00, 0x00, 0x00, 0x00, 0x00, 0x00, 0x00, 0x00, 0x00, 0x00,
  0x00, 0x00, 0x00, 0x00, 0x00, 0x00, 0x00, 0x00, 0x00, 0x00, 0x00, 0x00, 0x00, 0x00, 0x00, 0x00,
  0x00, 0x00, 0x00, 0x00, 0x00, 0x00, 0x00, 0x00, 0x00, 0x00, 0x00, 0x00, 0x00, 0x00, 0x00, 0x00,
  0x00, 0x00, 0x00, 0x00, 0x00, 0x00, 0x00, 0x00, 0x00, 0x00, 0x00, 0x00, 0x00, 0x00, 0x00, 0x00,
  0x29, 0x21, 0xcf, 0xff, 0x29, 0x21, 0xcf, 0xff, 0x29, 0x21, 0xcf, 0xff, 0x29, 0x21, 0xcf, 0xff,
  0x29, 0x21, 0xcf, 0xff, 0x29, 0x21, 0xcf, 0xff, 0x29, 0x21, 0xcf, 0xff, 0x29, 0x21, 0xcf, 0xff,
  0x29, 0x21, 0xcf, 0xff, 0x29, 0x21, 0xcf, 0xff, 0x29, 0x21, 0xcf, 0xff, 0x29, 0x21, 0xcf, 0xff,
  0x29, 0x21, 0xcf, 0xff, 0x29, 0x21, 0xcf, 0xff, 0x29, 0x21, 0xcf, 0xff, 0x29, 0x21, 0xcf, 0xff,
  0x29, 0x21, 0xcf, 0xff, 0x29, 0x21, 0xcf, 0xff, 0x29, 0x21, 0xcf, 0xaa, 0x00, 0x00, 0x00, 0x00,
  0x00, 0x00, 0x00, 0x00, 0x00, 0x00, 0x00, 0x00, 0x00, 0x00, 0x00, 0x00, 0x00, 0x00, 0x00, 0x00,
  0x00, 0x00, 0x00, 0x00, 0x00, 0x00, 0x00, 0x00, 0x00, 0x00, 0x00, 0x00, 0x00, 0x00, 0x00, 0x00,
  0x00, 0x00, 0x00, 0x00, 0x29, 0x21, 0xcf, 0xaa, 0x29, 0x21, 0xcf, 0xff, 0x29, 0x21, 0xcf, 0xff,
  0x29, 0x21, 0xcf, 0xff, 0x29, 0x21, 0xcf, 0xff, 0x29, 0x21, 0xcf, 0xff, 0x29, 0x21, 0xcf, 0xff,
  0x29, 0x21, 0xcf, 0xff, 0x29, 0x21, 0xcf, 0xff, 0x29, 0x21, 0xcf, 0xff, 0x29, 0x21, 0xcf, 0xff,
  0x29, 0x21, 0xcf, 0xff, 0x29, 0x21, 0xcf, 0xff, 0x29, 0x21, 0xcf, 0xff, 0x29, 0x21, 0xcf, 0xff,
  0x29, 0x21, 0xcf, 0xff, 0x29, 0x21, 0xcf, 0xff, 0x29, 0x21, 0xcf, 0xff, 0x29, 0x21, 0xcf, 0xff,
  0x00, 0x00, 0x00, 0x00, 0x00, 0x00, 0x00, 0x00, 0x00, 0x00, 0x00, 0x00, 0x00, 0x00, 0x00, 0x00,
  0x00, 0x00, 0x00, 0x00, 0x00, 0x00, 0x00, 0x00, 0x00, 0x00, 0x00, 0x00, 0x00, 0x00, 0x00, 0x00,
  0x00, 0x00, 0x00, 0x00, 0x00, 0x00, 0x00, 0x00, 0x00, 0x00, 0x00, 0x00, 0x00, 0x00, 0x00, 0x00,
  0x00, 0x00, 0x00, 0x00, 0x00, 0x00, 0x00, 0x00, 0x00, 0x00, 0x00, 0x00, 0x00, 0x00, 0x00, 0x00,
  0x29, 0x21, 0xcf, 0xff, 0x29, 0x21, 0xcf, 0xff, 0x29, 0x21, 0xcf, 0xff, 0x29, 0x21, 0xcf, 0xff,
  0x29, 0x21, 0xcf, 0xff, 0x29, 0x21, 0xcf, 0xff, 0x29, 0x21, 0xcf, 0xff, 0x29, 0x21, 0xcf, 0xff,
  0x29, 0x21, 0xcf, 0xff, 0x29, 0x21, 0xcf, 0xff, 0x29, 0x21, 0xcf, 0xff, 0x29, 0x21, 0xcf, 0xff,
  0x29, 0x21, 0xcf, 0xff, 0x29, 0x21, 0xcf, 0xff, 0x29, 0x21, 0xcf, 0xff, 0x29, 0x21, 0xcf, 0xff,
  0x29, 0x21, 0xcf, 0xff, 0x29, 0x21, 0xcf, 0xff, 0x29, 0x21, 0xcf, 0xaa, 0x00, 0x00, 0x00, 0x00,
  0x00, 0x00, 0x00, 0x00, 0x00, 0x00, 0x00, 0x00, 0x00, 0x00, 0x00, 0x00, 0x00, 0x00, 0x00, 0x00,
  0x00, 0x00, 0x00, 0x00, 0x00, 0x00, 0x00, 0x00, 0x00, 0x00, 0x00, 0x00, 0x00, 0x00, 0x00, 0x00,
  0x00, 0x00, 0x00, 0x00, 0x29, 0x21, 0xcf, 0xaa, 0x29, 0x21, 0xcf, 0xff, 0x29, 0x21, 0xcf, 0xff,
  0x29, 0x21, 0xcf, 0xff, 0x29, 0x21, 0xcf, 0xff, 0x29, 0x21, 0xcf, 0xff, 0x29, 0x21, 0xcf, 0xff,
  0x29, 0x21, 0xcf, 0xff, 0x29, 0x21, 0xcf, 0xff, 0x29, 0x21, 0xcf, 0xff, 0x29, 0x21, 0xcf, 0xff,
  0x29, 0x21, 0xcf, 0xff, 0x29, 0x21, 0xcf, 0xff, 0x29, 0x21, 0xcf, 0xff, 0x29, 0x21, 0xcf, 0xff,
  0x29, 0x21, 0xcf, 0xff, 0x29, 0x21, 0xcf, 0xff, 0x29, 0x21, 0xcf, 0xff, 0x29, 0x21, 0xcf, 0xff,
  0x00, 0x00, 0x00, 0x00, 0x00, 0x00, 0x00, 0x00, 0x00, 0x00, 0x00, 0x00, 0x00, 0x00, 0x00, 0x00,
  0x00, 0x00, 0x00, 0x00, 0x00, 0x00, 0x00, 0x00, 0x00, 0x00, 0x00, 0x00, 0x00, 0x00, 0x00, 0x00,
  0x00, 0x00, 0x00, 0x00, 0x00, 0x00, 0x00, 0x00, 0x00, 0x00, 0x00, 0x00, 0x00, 0x00, 0x00, 0x00,
  0x00, 0x00, 0x00, 0x00, 0x00, 0x00, 0x00, 0x00, 0x00, 0x00, 0x00, 0x00, 0x00, 0x00, 0x00, 0x00,
  0x29, 0x21, 0xcf, 0xff, 0x29, 0x21, 0xcf, 0xff, 0x29, 0x21, 0xcf, 0xff, 0x29, 0x21, 0xcf, 0xff,
  0x29, 0x21, 0xcf, 0xff, 0x29, 0x21, 0xcf, 0xff, 0x29, 0x21, 0xcf, 0xff, 0x29, 0x21, 0xcf, 0xff,
  0x29, 0x21, 0xcf, 0xff, 0x29, 0x21, 0xd0, 0xcc, 0x2d, 0x1e, 0xd2, 0x11, 0x00, 0x00, 0x00, 0x00,
  0x00, 0x00, 0x00, 0x00, 0x00, 0x00, 0x00, 0x00, 0x00, 0x00, 0x00, 0x00, 0x00, 0x00, 0x00, 0x00,
  0x00, 0x00, 0x00, 0x00, 0x00, 0x00, 0x00, 0x00, 0x00, 0x00, 0x00, 0x00, 0x00, 0x00, 0x00, 0x00,
  0x00, 0x00, 0x00, 0x00, 0x00, 0x00, 0x00, 0x00, 0x00, 0x00, 0x00, 0x00, 0x00, 0x00, 0x00, 0x00,
  0x00, 0x00, 0x00, 0x00, 0x00, 0x00, 0x00, 0x00, 0x00, 0x00, 0x00, 0x00, 0x00, 0x00, 0x00, 0x00,
  0x00, 0x00, 0x00, 0x00, 0x00, 0x00, 0x00, 0x00, 0x00, 0x00, 0x00, 0x00, 0x00, 0x00, 0x00, 0x00,
  0x00, 0x00, 0x00, 0x00, 0x00, 0x00, 0x00, 0x00, 0x00, 0x00, 0x00, 0x00, 0x00, 0x00, 0x00, 0x00,
  0x00, 0x00, 0x00, 0x00, 0x24, 0x24, 0xc8, 0x0e, 0x29, 0x21, 0xd0, 0xc7, 0x29, 0x21, 0xcf, 0xff,
  0x29, 0x21, 0xcf, 0xff, 0x29, 0x21, 0xcf, 0xff, 0x29, 0x21, 0xcf, 0xff, 0x29, 0x21, 0xcf, 0xff,
  0x29, 0x21, 0xcf, 0xff, 0x29, 0x21, 0xcf, 0xff, 0x29, 0x21, 0xcf, 0xff, 0x29, 0x21, 0xcf, 0xff,
  0x00, 0x00, 0x00, 0x00, 0x00, 0x00, 0x00, 0x00, 0x00, 0x00, 0x00, 0x00, 0x00, 0x00, 0x00, 0x00,
  0x00, 0x00, 0x00, 0x00, 0x00, 0x00, 0x00, 0x00, 0x00, 0x00, 0x00, 0x00, 0x00, 0x00, 0x00, 0x00,
  0x00, 0x00, 0x00, 0x00, 0x00, 0x00, 0x00, 0x00, 0x00, 0x00, 0x00, 0x00, 0x00, 0x00, 0x00, 0x00,
  0x00, 0x00, 0x00, 0x00, 0x00, 0x00, 0x00, 0x00, 0x00, 0x00, 0x00, 0x00, 0x00, 0x00, 0x00, 0x00,
  0x29, 0x21, 0xcf, 0xff, 0x29, 0x21, 0xcf, 0xff, 0x29, 0x21, 0xcf, 0xff, 0x29, 0x21, 0xcf, 0xff,
  0x29, 0x21, 0xcf, 0xff, 0x29, 0x21, 0xcf, 0xff, 0x29, 0x21, 0xcf, 0xff, 0x29, 0x21, 0xcf, 0xff,
  0x29, 0x21, 0xcf, 0xff, 0x29, 0x21, 0xcf, 0xff, 0x29, 0x21, 0xd0, 0xcc, 0x2d, 0x1e, 0xd2, 0x11,
  0x00, 0x00, 0x00, 0x00, 0x00, 0x00, 0x00, 0x00, 0x00, 0x00, 0x00, 0x00, 0x00, 0x00, 0x00, 0x00,
  0x00, 0x00, 0x00, 0x00, 0x00, 0x00, 0x00, 0x00, 0x00, 0x00, 0x00, 0x00, 0x00, 0x00, 0x00, 0x00,
  0x00, 0x00, 0x00, 0x00, 0x00, 0x00, 0x00, 0x00, 0x00, 0x00, 0x00, 0x00, 0x00, 0x00, 0x00, 0x00,
  0x00, 0x00, 0x00, 0x00, 0x00, 0x00, 0x00, 0x00, 0x00, 0x00, 0x00, 0x00, 0x00, 0x00, 0x00, 0x00,
  0x00, 0x00, 0x00, 0x00, 0x00, 0x00, 0x00, 0x00, 0x00, 0x00, 0x00, 0x00, 0x00, 0x00, 0x00, 0x00,
  0x00, 0x00, 0x00, 0x00, 0x00, 0x00, 0x00, 0x00, 0x00, 0x00, 0x00, 0x00, 0x00, 0x00, 0x00, 0x00,
  0x24, 0x24, 0xc8, 0x0e, 0x29, 0x21, 0xd0, 0xc7, 0x29, 0x21, 0xcf, 0xff, 0x29, 0x21, 0xcf, 0xff,
  0x29, 0x21, 0xcf, 0xff, 0x29, 0x21, 0xcf, 0xff, 0x29, 0x21, 0xcf, 0xff, 0x29, 0x21, 0xcf, 0xff,
  0x29, 0x21, 0xcf, 0xff, 0x29, 0x21, 0xcf, 0xff, 0x29, 0x21, 0xcf, 0xff, 0x29, 0x21, 0xcf, 0xff,
  0x00, 0x00, 0x00, 0x00, 0x00, 0x00, 0x00, 0x00, 0x00, 0x00, 0x00, 0x00, 0x00, 0x00, 0x00, 0x00,
  0x00, 0x00, 0x00, 0x00, 0x00, 0x00, 0x00, 0x00, 0x00, 0x00, 0x00, 0x00, 0x00, 0x00, 0x00, 0x00,
  0x00, 0x00, 0x00, 0x00, 0x00, 0x00, 0x00, 0x00, 0x00, 0x00, 0x00, 0x00, 0x00, 0x00, 0x00, 0x00,
  0x00, 0x00, 0x00, 0x00, 0x00, 0x00, 0x00, 0x00, 0x00, 0x00, 0x00, 0x00, 0x00, 0x00, 0x00, 0x00,
  0x29, 0x21, 0xcf, 0xff, 0x29, 0x21, 0xcf, 0xff, 0x29, 0x21, 0xcf, 0xff, 0x29, 0x21, 0xcf, 0xff,
  0x29, 0x21, 0xcf, 0xff, 0x29, 0x21, 0xcf, 0xff, 0x29, 0x21, 0xcf, 0xff, 0x29, 0x21, 0xcf, 0xff,
  0x29, 0x21, 0xcf, 0xff, 0x29, 0x21, 0xcf, 0xff, 0x29, 0x21, 0xcf, 0xff, 0x29, 0x21, 0xd0, 0xcc,
  0x2d, 0x1e, 0xd2, 0x11, 0x00, 0x00, 0x00, 0x00, 0x00, 0x00, 0x00, 0x00, 0x00, 0x00, 0x00, 0x00,
  0x00, 0x00, 0x00, 0x00, 0x00, 0x00, 0x00, 0x00, 0x00, 0x00, 0x00, 0x00, 0x00, 0x00, 0x00, 0x00,
  0x00, 0x00, 0x00, 0x00, 0x00, 0x00, 0x00, 0x00, 0x00, 0x00, 0x00, 0x00, 0x00, 0x00, 0x00, 0x00,
  0x00, 0x00, 0x00, 0x00, 0x00, 0x00, 0x00, 0x00, 0x00, 0x00, 0x00, 0x00, 0x00, 0x00, 0x00, 0x00,
  0x00, 0x00, 0x00, 0x00, 0x00, 0x00, 0x00, 0x00, 0x00, 0x00, 0x00, 0x00, 0x00, 0x00, 0x00, 0x00,
  0x00, 0x00, 0x00, 0x00, 0x00, 0x00, 0x00, 0x00, 0x00, 0x00, 0x00, 0x00, 0x24, 0x24, 0xc8, 0x0e,
  0x29, 0x21, 0xd0, 0xc7, 0x29, 0x21, 0xcf, 0xff, 0x29, 0x21, 0xcf, 0xff, 0x29, 0x21, 0xcf, 0xff,
  0x29, 0x21, 0xcf, 0xff, 0x29, 0x21, 0xcf, 0xff, 0x29, 0x21, 0xcf, 0xff, 0x29, 0x21, 0xcf, 0xff,
  0x29, 0x21, 0xcf, 0xff, 0x29, 0x21, 0xcf, 0xff, 0x29, 0x21, 0xcf, 0xff, 0x29, 0x21, 0xcf, 0xff,
  0x00, 0x00, 0x00, 0x00, 0x00, 0x00, 0x00, 0x00, 0x00, 0x00, 0x00, 0x00, 0x00, 0x00, 0x00, 0x00,
  0x00, 0x00, 0x00, 0x00, 0x00, 0x00, 0x00, 0x00, 0x00, 0x00, 0x00, 0x00, 0x00, 0x00, 0x00, 0x00,
  0x00, 0x00, 0x00, 0x00, 0x00, 0x00, 0x00, 0x00, 0x00, 0x00, 0x00, 0x00, 0x00, 0x00, 0x00, 0x00,
  0x00, 0x00, 0x00, 0x00, 0x00, 0x00, 0x00, 0x00, 0x00, 0x00, 0x00, 0x00, 0x00, 0x00, 0x00, 0x00,
  0x29, 0x21, 0xcf, 0xff, 0x29, 0x21, 0xcf, 0xff, 0x29, 0x21, 0xcf, 0xff, 0x29, 0x21, 0xcf, 0xff,
  0x29, 0x21, 0xcf, 0xff, 0x29, 0x21, 0xcf, 0xff, 0x29, 0x21, 0xcf, 0xff, 0x29, 0x21, 0xcf, 0xff,
  0x29, 0x21, 0xcf, 0xff, 0x29, 0x21, 0xcf, 0xff, 0x29, 0x21, 0xcf, 0xff, 0x29, 0x21, 0xcf, 0xff,
  0x29, 0x21, 0xd0, 0xcc, 0x2d, 0x1e, 0xd2, 0x11, 0x00, 0x00, 0x00, 0x00, 0x00, 0x00, 0x00, 0x00,
  0x00, 0x00, 0x00, 0x00, 0x00, 0x00, 0x00, 0x00, 0x00, 0x00, 0x00, 0x00, 0x00, 0x00, 0x00, 0x00,
  0x00, 0x00, 0x00, 0x00, 0x00, 0x00, 0x00, 0x00, 0x00, 0x00, 0x00, 0x00, 0x00, 0x00, 0x00, 0x00,
  0x00, 0x00, 0x00, 0x00, 0x00, 0x00, 0x00, 0x00, 0x00, 0x00, 0x00, 0x00, 0x00, 0x00, 0x00, 0x00,
  0x00, 0x00, 0x00, 0x00, 0x00, 0x00, 0x00, 0x00, 0x00, 0x00, 0x00, 0x00, 0x00, 0x00, 0x00, 0x00,
  0x00, 0x00, 0x00, 0x00, 0x00, 0x00, 0x00, 0x00, 0x24, 0x24, 0xc8, 0x0e, 0x29, 0x21, 0xd0, 0xc7,
  0x29, 0x21, 0xcf, 0xff, 0x29, 0x21, 0xcf, 0xff, 0x29, 0x21, 0xcf, 0xff, 0x29, 0x21, 0xcf, 0xff,
  0x29, 0x21, 0xcf, 0xff, 0x29, 0x21, 0xcf, 0xff, 0x29, 0x21, 0xcf, 0xff, 0x29, 0x21, 0xcf, 0xff,
  0x29, 0x21, 0xcf, 0xff, 0x29, 0x21, 0xcf, 0xff, 0x29, 0x21, 0xcf, 0xff, 0x29, 0x21, 0xcf, 0xff,
  0x00, 0x00, 0x00, 0x00, 0x00, 0x00, 0x00, 0x00, 0x00, 0x00, 0x00, 0x00, 0x00, 0x00, 0x00, 0x00,
  0x00, 0x00, 0x00, 0x00, 0x00, 0x00, 0x00, 0x00, 0x00, 0x00, 0x00, 0x00, 0x00, 0x00, 0x00, 0x00,
  0x00, 0x00, 0x00, 0x00, 0x00, 0x00, 0x00, 0x00, 0x00, 0x00, 0x00, 0x00, 0x00, 0x00, 0x00, 0x00,
  0x00, 0x00, 0x00, 0x00, 0x00, 0x00, 0x00, 0x00, 0x00, 0x00, 0x00, 0x00, 0x00, 0x00, 0x00, 0x00,
  0x29, 0x21, 0xcf, 0xff, 0x29, 0x21, 0xcf, 0xff, 0x29, 0x21, 0xcf, 0xff, 0x29, 0x21, 0xcf, 0xff,
  0x29, 0x21, 0xcf, 0xff, 0x29, 0x21, 0xcf, 0xff, 0x29, 0x21, 0xcf, 0xff, 0x29, 0x21, 0xcf, 0xff,
  0x29, 0x21, 0xcf, 0xff, 0x29, 0x21, 0xcf, 0xff, 0x29, 0x21, 0xcf, 0xff, 0x29, 0x21, 0xcf, 0xff,
  0x29, 0x21, 0xcf, 0xff, 0x29, 0x21, 0xd0, 0xcc, 0x2d, 0x1e, 0xd2, 0x11, 0x00, 0x00, 0x00, 0x00,
  0x00, 0x00, 0x00, 0x00, 0x00, 0x00, 0x00, 0x00, 0x00, 0x00, 0x00, 0x00, 0x00, 0x00, 0x00, 0x00,
  0x00, 0x00, 0x00, 0x00, 0x00, 0x00, 0x00, 0x00, 0x00, 0x00, 0x00, 0x00, 0x00, 0x00, 0x00, 0x00,
  0x00, 0x00, 0x00, 0x00, 0x00, 0x00, 0x00, 0x00, 0x00, 0x00, 0x00, 0x00, 0x00, 0x00, 0x00, 0x00,
  0x00, 0x00, 0x00, 0x00, 0x00, 0x00, 0x00, 0x00, 0x00, 0x00, 0x00, 0x00, 0x00, 0x00, 0x00, 0x00,
  0x00, 0x00, 0x00, 0x00, 0x24, 0x24, 0xc8, 0x0e, 0x29, 0x21, 0xd0, 0xc7, 0x29, 0x21, 0xcf, 0xff,
  0x29, 0x21, 0xcf, 0xff, 0x29, 0x21, 0xcf, 0xff, 0x29, 0x21, 0xcf, 0xff, 0x29, 0x21, 0xcf, 0xff,
  0x29, 0x21, 0xcf, 0xff, 0x29, 0x21, 0xcf, 0xff, 0x29, 0x21, 0xcf, 0xff, 0x29, 0x21, 0xcf, 0xff,
  0x29, 0x21, 0xcf, 0xff, 0x29, 0x21, 0xcf, 0xff, 0x29, 0x21, 0xcf, 0xff, 0x29, 0x21, 0xcf, 0xff,
  0x00, 0x00, 0x00, 0x00, 0x00, 0x00, 0x00, 0x00, 0x00, 0x00, 0x00, 0x00, 0x00, 0x00, 0x00, 0x00,
  0x00, 0x00, 0x00, 0x00, 0x00, 0x00, 0x00, 0x00, 0x00, 0x00, 0x00, 0x00, 0x00, 0x00, 0x00, 0x00,
  0x00, 0x00, 0x00, 0x00, 0x00, 0x00, 0x00, 0x00, 0x00, 0x00, 0x00, 0x00, 0x00, 0x00, 0x00, 0x00,
  0x00, 0x00, 0x00, 0x00, 0x00, 0x00, 0x00, 0x00, 0x00, 0x00, 0x00, 0x00, 0x00, 0x00, 0x00, 0x00,
  0x29, 0x21, 0xcf, 0xff, 0x29, 0x21, 0xcf, 0xff, 0x29, 0x21, 0xcf, 0xff, 0x29, 0x21, 0xcf, 0xff,
  0x29, 0x21, 0xcf, 0xff, 0x29, 0x21, 0xcf, 0xff, 0x29, 0x21, 0xcf, 0xff, 0x29, 0x21, 0xcf, 0xff,
  0x29, 0x21, 0xcf, 0xff, 0x29, 0x21, 0xcf, 0xff, 0x29, 0x21, 0xcf, 0xff, 0x29, 0x21, 0xcf, 0xff,
  0x29, 0x21, 0xcf, 0xff, 0x29, 0x21, 0xcf, 0xff, 0x29, 0x21, 0xd0, 0xcc, 0x2d, 0x1e, 0xd2, 0x11,
  0x00, 0x00, 0x00, 0x00, 0x00, 0x00, 0x00, 0x00, 0x00, 0x00, 0x00, 0x00, 0x00, 0x00, 0x00, 0x00,
  0x00, 0x00, 0x00, 0x00, 0x00, 0x00, 0x00, 0x00, 0x00, 0x00, 0x00, 0x00, 0x00, 0x00, 0x00, 0x00,
  0x00, 0x00, 0x00, 0x00, 0x00, 0x00, 0x00, 0x00, 0x00, 0x00, 0x00, 0x00, 0x00, 0x00, 0x00, 0x00,
  0x00, 0x00, 0x00, 0x00, 0x00, 0x00, 0x00, 0x00, 0x00, 0x00, 0x00, 0x00, 0x00, 0x00, 0x00, 0x00,
  0x24, 0x24, 0xc8, 0x0e, 0x29, 0x21, 0xd0, 0xc7, 0x29, 0x21, 0xcf, 0xff, 0x29, 0x21, 0xcf, 0xff,
  0x29, 0x21, 0xcf, 0xff, 0x29, 0x21, 0xcf, 0xff, 0x29, 0x21, 0xcf, 0xff, 0x29, 0x21, 0xcf, 0xff,
  0x29, 0x21, 0xcf, 0xff, 0x29, 0x21, 0xcf, 0xff, 0x29, 0x21, 0xcf, 0xff, 0x29, 0x21, 0xcf, 0xff,
  0x29, 0x21, 0xcf, 0xff, 0x29, 0x21, 0xcf, 0xff, 0x29, 0x21, 0xcf, 0xff, 0x29, 0x21, 0xcf, 0xff,
  0x00, 0x00, 0x00, 0x00, 0x00, 0x00, 0x00, 0x00, 0x00, 0x00, 0x00, 0x00, 0x00, 0x00, 0x00, 0x00,
  0x00, 0x00, 0x00, 0x00, 0x00, 0x00, 0x00, 0x00, 0x00, 0x00, 0x00, 0x00, 0x00, 0x00, 0x00, 0x00,
  0x00, 0x00, 0x00, 0x00, 0x00, 0x00, 0x00, 0x00, 0x00, 0x00, 0x00, 0x00, 0x00, 0x00, 0x00, 0x00,
  0x00, 0x00, 0x00, 0x00, 0x00, 0x00, 0x00, 0x00, 0x00, 0x00, 0x00, 0x00, 0x00, 0x00, 0x00, 0x00,
  0x29, 0x21, 0xcf, 0xff, 0x29, 0x21, 0xcf, 0xff, 0x29, 0x21, 0xcf, 0xff, 0x29, 0x21, 0xcf, 0xff,
  0x29, 0x21, 0xcf, 0xff, 0x29, 0x21, 0xcf, 0xff, 0x29, 0x21, 0xcf, 0xff, 0x29, 0x21, 0xcf, 0xff,
  0x29, 0x21, 0xcf, 0xff, 0x29, 0x21, 0xcf, 0xff, 0x29, 0x21, 0xcf, 0xff, 0x29, 0x21, 0xcf, 0xff,
  0x29, 0x21, 0xcf, 0xff, 0x29, 0x21, 0xcf, 0xff, 0x29, 0x21, 0xcf, 0xff, 0x29, 0x21, 0xd0, 0xcc,
  0x2d, 0x1e, 0xd2, 0x11, 0x00, 0x00, 0x00, 0x00, 0x00, 0x00, 0x00, 0x00, 0x00, 0x00, 0x00, 0x00,
  0x00, 0x00, 0x00, 0x00, 0x00, 0x00, 0x00, 0x00, 0x00, 0x00, 0x00, 0x00, 0x00, 0x00, 0x00, 0x00,
  0x00, 0x00, 0x00, 0x00, 0x00, 0x00, 0x00, 0x00, 0x00, 0x00, 0x00, 0x00, 0x00, 0x00, 0x00, 0x00,
  0x00, 0x00, 0x00, 0x00, 0x00, 0x00, 0x00, 0x00, 0x00, 0x00, 0x00, 0x00, 0x24, 0x24, 0xc8, 0x0e,
  0x29, 0x21, 0xd0, 0xc7, 0x29, 0x21, 0xcf, 0xff, 0x29, 0x21, 0xcf, 0xff, 0x29, 0x21, 0xcf, 0xff,
  0x29, 0x21, 0xcf, 0xff, 0x29, 0x21, 0xcf, 0xff, 0x29, 0x21, 0xcf, 0xff, 0x29, 0x21, 0xcf, 0xff,
  0x29, 0x21, 0xcf, 0xff, 0x29, 0x21, 0xcf, 0xff, 0x29, 0x21, 0xcf, 0xff, 0x29, 0x21, 0xcf, 0xff,
  0x29, 0x21, 0xcf, 0xff, 0x29, 0x21, 0xcf, 0xff, 0x29, 0x21, 0xcf, 0xff, 0x29, 0x21, 0xcf, 0xff,
  0x00, 0x00, 0x00, 0x00, 0x00, 0x00, 0x00, 0x00, 0x00, 0x00, 0x00, 0x00, 0x00, 0x00, 0x00, 0x00,
  0x00, 0x00, 0x00, 0x00, 0x00, 0x00, 0x00, 0x00, 0x00, 0x00, 0x00, 0x00, 0x00, 0x00, 0x00, 0x00,
  0x00, 0x00, 0x00, 0x00, 0x00, 0x00, 0x00, 0x00, 0x00, 0x00, 0x00, 0x00, 0x00, 0x00, 0x00, 0x00,
  0x00, 0x00, 0x00, 0x00, 0x00, 0x00, 0x00, 0x00, 0x00, 0x00, 0x00, 0x00, 0x00, 0x00, 0x00, 0x00,
  0x29, 0x21, 0xcf, 0xff, 0x29, 0x21, 0xcf, 0xff, 0x29, 0x21, 0xcf, 0xff, 0x29, 0x21, 0xcf, 0xff,
  0x29, 0x21, 0xcf, 0xff, 0x29, 0x21, 0xcf, 0xff, 0x29, 0x21, 0xcf, 0xff, 0x29, 0x21, 0xcf, 0xff,
  0x29, 0x21, 0xcf, 0xff, 0x29, 0x21, 0xcf, 0xff, 0x29, 0x21, 0xcf, 0xff, 0x29, 0x21, 0xcf, 0xff,
  0x29, 0x21, 0xcf, 0xff, 0x29, 0x21, 0xcf, 0xff, 0x29, 0x21, 0xcf, 0xff, 0x29, 0x21, 0xcf, 0xff,
  0x29, 0x21, 0xd0, 0xcc, 0x2d, 0x1e, 0xd2, 0x11, 0x00, 0x00, 0x00, 0x00, 0x00, 0x00, 0x00, 0x00,
  0x00, 0x00, 0x00, 0x00, 0x00, 0x00, 0x00, 0x00, 0x00, 0x00, 0x00, 0x00, 0x00, 0x00, 0x00, 0x00,
  0x00, 0x00, 0x00, 0x00, 0x00, 0x00, 0x00, 0x00, 0x00, 0x00, 0x00, 0x00, 0x00, 0x00, 0x00, 0x00,
  0x00, 0x00, 0x00, 0x00, 0x00, 0x00, 0x00, 0x00, 0x24, 0x24, 0xc8, 0x0e, 0x29, 0x21, 0xd0, 0xc7,
  0x29, 0x21, 0xcf, 0xff, 0x29, 0x21, 0xcf, 0xff, 0x29, 0x21, 0xcf, 0xff, 0x29, 0x21, 0xcf, 0xff,
  0x29, 0x21, 0xcf, 0xff, 0x29, 0x21, 0xcf, 0xff, 0x29, 0x21, 0xcf, 0xff, 0x29, 0x21, 0xcf, 0xff,
  0x29, 0x21, 0xcf, 0xff, 0x29, 0x21, 0xcf, 0xff, 0x29, 0x21, 0xcf, 0xff, 0x29, 0x21, 0xcf, 0xff,
  0x29, 0x21, 0xcf, 0xff, 0x29, 0x21, 0xcf, 0xff, 0x29, 0x21, 0xcf, 0xff, 0x29, 0x21, 0xcf, 0xff,
  0x00, 0x00, 0x00, 0x00, 0x00, 0x00, 0x00, 0x00, 0x00, 0x00, 0x00, 0x00, 0x00, 0x00, 0x00, 0x00,
  0x00, 0x00, 0x00, 0x00, 0x00, 0x00, 0x00, 0x00, 0x00, 0x00, 0x00, 0x00, 0x00, 0x00, 0x00, 0x00,
  0x00, 0x00, 0x00, 0x00, 0x00, 0x00, 0x00, 0x00, 0x00, 0x00, 0x00, 0x00, 0x00, 0x00, 0x00, 0x00,
  0x00, 0x00, 0x00, 0x00, 0x00, 0x00, 0x00, 0x00, 0x00, 0x00, 0x00, 0x00, 0x00, 0x00, 0x00, 0x00,
  0x29, 0x21, 0xcf, 0xff, 0x29, 0x21, 0xcf, 0xff, 0x29, 0x21, 0xcf, 0xff, 0x29, 0x21, 0xcf, 0xff,
  0x29, 0x21, 0xcf, 0xff, 0x29, 0x21, 0xcf, 0xff, 0x29, 0x21, 0xcf, 0xff, 0x29, 0x21, 0xcf, 0xff,
  0x29, 0x21, 0xcf, 0xff, 0x29, 0x21, 0xcf, 0xff, 0x29, 0x21, 0xcf, 0xff, 0x29, 0x21, 0xcf, 0xff,
  0x29, 0x21, 0xcf, 0xff, 0x29, 0x21, 0xcf, 0xff, 0x29, 0x21, 0xcf, 0xff, 0x29, 0x21, 0xcf, 0xff,
  0x29, 0x21, 0xcf, 0xff, 0x29, 0x21, 0xd0, 0xcc, 0x2d, 0x1e, 0xd2, 0x11, 0x00, 0x00, 0x00, 0x00,
  0x00, 0x00, 0x00, 0x00, 0x00, 0x00, 0x00, 0x00, 0x00, 0x00, 0x00, 0x00, 0x00, 0x00, 0x00, 0x00,
  0x00, 0x00, 0x00, 0x00, 0x00, 0x00, 0x00, 0x00, 0x00, 0x00, 0x00, 0x00, 0x00, 0x00, 0x00, 0x00,
  0x00, 0x00, 0x00, 0x00, 0x24, 0x24, 0xc8, 0x0e, 0x29, 0x21, 0xd0, 0xc7, 0x29, 0x21, 0xcf, 0xff,
  0x29, 0x21, 0xcf, 0xff, 0x29, 0x21, 0xcf, 0xff, 0x29, 0x21, 0xcf, 0xff, 0x29, 0x21, 0xcf, 0xff,
  0x29, 0x21, 0xcf, 0xff, 0x29, 0x21, 0xcf, 0xff, 0x29, 0x21, 0xcf, 0xff, 0x29, 0x21, 0xcf, 0xff,
  0x29, 0x21, 0xcf, 0xff, 0x29, 0x21, 0xcf, 0xff, 0x29, 0x21, 0xcf, 0xff, 0x29, 0x21, 0xcf, 0xff,
  0x29, 0x21, 0xcf, 0xff, 0x29, 0x21, 0xcf, 0xff, 0x29, 0x21, 0xcf, 0xff, 0x29, 0x21, 0xcf, 0xff,
  0x00, 0x00, 0x00, 0x00, 0x00, 0x00, 0x00, 0x00, 0x00, 0x00, 0x00, 0x00, 0x00, 0x00, 0x00, 0x00,
  0x00, 0x00, 0x00, 0x00, 0x00, 0x00, 0x00, 0x00, 0x00, 0x00, 0x00, 0x00, 0x00, 0x00, 0x00, 0x00,
  0x00, 0x00, 0x00, 0x00, 0x00, 0x00, 0x00, 0x00, 0x00, 0x00, 0x00, 0x00, 0x00, 0x00, 0x00, 0x00,
  0x00, 0x00, 0x00, 0x00, 0x00, 0x00, 0x00, 0x00, 0x00, 0x00, 0x00, 0x00, 0x00, 0x00, 0x00, 0x00,
  0x29, 0x21, 0xcf, 0xff, 0x29, 0x21, 0xcf, 0xff, 0x29, 0x21, 0xcf, 0xff, 0x29, 0x21, 0xcf, 0xff,
  0x29, 0x21, 0xcf, 0xff, 0x29, 0x21, 0xcf, 0xff, 0x29, 0x21, 0xcf, 0xff, 0x29, 0x21, 0xcf, 0xff,
  0x29, 0x21, 0xcf, 0xff, 0x29, 0x21, 0xcf, 0xff, 0x29, 0x21, 0xcf, 0xff, 0x29, 0x21, 0xcf, 0xff,
  0x29, 0x21, 0xcf, 0xff, 0x29, 0x21, 0xcf, 0xff, 0x29, 0x21, 0xcf, 0xff, 0x29, 0x21, 0xcf, 0xff,
  0x29, 0x21, 0xcf, 0xff, 0x29, 0x21, 0xcf, 0xff, 0x29, 0x21, 0xd0, 0xcc, 0x2d, 0x1e, 0xd2, 0x11,
  0x00, 0x00, 0x00, 0x00, 0x00, 0x00, 0x00, 0x00, 0x00, 0x00, 0x00, 0x00, 0x00, 0x00, 0x00, 0x00,
  0x00, 0x00, 0x00, 0x00, 0x00, 0x00, 0x00, 0x00, 0x00, 0x00, 0x00, 0x00, 0x00, 0x00, 0x00, 0x00,
  0x24, 0x24, 0xc8, 0x0e, 0x29, 0x21, 0xd0, 0xc7, 0x29, 0x21, 0xcf, 0xff, 0x29, 0x21, 0xcf, 0xff,
  0x29, 0x21, 0xcf, 0xff, 0x29, 0x21, 0xcf, 0xff, 0x29, 0x21, 0xcf, 0xff, 0x29, 0x21, 0xcf, 0xff,
  0x29, 0x21, 0xcf, 0xff, 0x29, 0x21, 0xcf, 0xff, 0x29, 0x21, 0xcf, 0xff, 0x29, 0x21, 0xcf, 0xff,
  0x29, 0x21, 0xcf, 0xff, 0x29, 0x21, 0xcf, 0xff, 0x29, 0x21, 0xcf, 0xff, 0x29, 0x21, 0xcf, 0xff,
  0x29, 0x21, 0xcf, 0xff, 0x29, 0x21, 0xcf, 0xff, 0x29, 0x21, 0xcf, 0xff, 0x29, 0x21, 0xcf, 0xff,
  0x00, 0x00, 0x00, 0x00, 0x00, 0x00, 0x00, 0x00, 0x00, 0x00, 0x00, 0x00, 0x00, 0x00, 0x00, 0x00,
  0x00, 0x00, 0x00, 0x00, 0x00, 0x00, 0x00, 0x00, 0x00, 0x00, 0x00, 0x00, 0x00, 0x00, 0x00, 0x00,
  0x00, 0x00, 0x00, 0x00, 0x00, 0x00, 0x00, 0x00, 0x00, 0x00, 0x00, 0x00, 0x00, 0x00, 0x00, 0x00,
  0x00, 0x00, 0x00, 0x00, 0x00, 0x00, 0x00, 0x00, 0x00, 0x00, 0x00, 0x00, 0x00, 0x00, 0x00, 0x00,
  0x29, 0x21, 0xcf, 0xff, 0x29, 0x21, 0xcf, 0xff, 0x29, 0x21, 0xcf, 0xff, 0x29, 0x21, 0xcf, 0xff,
  0x29, 0x21, 0xcf, 0xff, 0x29, 0x21, 0xcf, 0xff, 0x29, 0x21, 0xcf, 0xff, 0x29, 0x21, 0xcf, 0xff,
  0x29, 0x21, 0xcf, 0xff, 0x29, 0x21, 0xcf, 0xff, 0x29, 0x21, 0xcf, 0xff, 0x29, 0x21, 0xcf, 0xff,
  0x29, 0x21, 0xcf, 0xff, 0x29, 0x21, 0xcf, 0xff, 0x29, 0x21, 0xcf, 0xff, 0x29, 0x21, 0xcf, 0xff,
  0x29, 0x21, 0xcf, 0xff, 0x29, 0x21, 0xcf, 0xff, 0x29, 0x21, 0xcf, 0xff, 0x29, 0x21, 0xd0, 0xcc,
  0x2d, 0x1e, 0xd2, 0x11, 0x00, 0x00, 0x00, 0x00, 0x00, 0x00, 0x00, 0x00, 0x00, 0x00, 0x00, 0x00,
  0x00, 0x00, 0x00, 0x00, 0x00, 0x00, 0x00, 0x00, 0x00, 0x00, 0x00, 0x00, 0x24, 0x24, 0xc8, 0x0e,
  0x29, 0x21, 0xd0, 0xc7, 0x29, 0x21, 0xcf, 0xff, 0x29, 0x21, 0xcf, 0xff, 0x29, 0x21, 0xcf, 0xff,
  0x29, 0x21, 0xcf, 0xff, 0x29, 0x21, 0xcf, 0xff, 0x29, 0x21, 0xcf, 0xff, 0x29, 0x21, 0xcf, 0xff,
  0x29, 0x21, 0xcf, 0xff, 0x29, 0x21, 0xcf, 0xff, 0x29, 0x21, 0xcf, 0xff, 0x29, 0x21, 0xcf, 0xff,
  0x29, 0x21, 0xcf, 0xff, 0x29, 0x21, 0xcf, 0xff, 0x29, 0x21, 0xcf, 0xff, 0x29, 0x21, 0xcf, 0xff,
  0x29, 0x21, 0xcf, 0xff, 0x29, 0x21, 0xcf, 0xff, 0x29, 0x21, 0xcf, 0xff, 0x29, 0x21, 0xcf, 0xff,
  0x00, 0x00, 0x00, 0x00, 0x00, 0x00, 0x00, 0x00, 0x00, 0x00, 0x00, 0x00, 0x00, 0x00, 0x00, 0x00,
  0x00, 0x00, 0x00, 0x00, 0x00, 0x00, 0x00, 0x00, 0x00, 0x00, 0x00, 0x00, 0x00, 0x00, 0x00, 0x00,
  0x00, 0x00, 0x00, 0x00, 0x00, 0x00, 0x00, 0x00, 0x00, 0x00, 0x00, 0x00, 0x00, 0x00, 0x00, 0x00,
  0x00, 0x00, 0x00, 0x00, 0x00, 0x00, 0x00, 0x00, 0x00, 0x00, 0x00, 0x00, 0x00, 0x00, 0x00, 0x00,
  0x29, 0x21, 0xcf, 0xff, 0x29, 0x21, 0xcf, 0xff, 0x29, 0x21, 0xcf, 0xff, 0x29, 0x21, 0xcf, 0xff,
  0x29, 0x21, 0xcf, 0xff, 0x29, 0x21, 0xcf, 0xff, 0x29, 0x21, 0xcf, 0xff, 0x29, 0x21, 0xcf, 0xff,
  0x29, 0x21, 0xcf, 0xff, 0x29, 0x21, 0xcf, 0xff, 0x29, 0x21, 0xcf, 0xff, 0x29, 0x21, 0xcf, 0xff,
  0x29, 0x21, 0xcf, 0xff, 0x29, 0x21, 0xcf, 0xff, 0x29, 0x21, 0xcf, 0xff, 0x29, 0x21, 0xcf, 0xff,
  0x29, 0x21, 0xcf, 0xff, 0x29, 0x21, 0xcf, 0xff, 0x29, 0x21, 0xcf, 0xff, 0x29, 0x21, 0xcf, 0xff,
  0x29, 0x21, 0xd0, 0xcc, 0x2d, 0x1e, 0xd2, 0x11, 0x00, 0x00, 0x00, 0x00, 0x00, 0x00, 0x00, 0x00,
  0x00, 0x00, 0x00, 0x00, 0x00, 0x00, 0x00, 0x00, 0x24, 0x24, 0xc8, 0x0e, 0x29, 0x21, 0xd0, 0xc7,
  0x29, 0x21, 0xcf, 0xff, 0x29, 0x21, 0xcf, 0xff, 0x29, 0x21, 0xcf, 0xff, 0x29, 0x21, 0xcf, 0xff,
  0x29, 0x21, 0xcf, 0xff, 0x29, 0x21, 0xcf, 0xff, 0x29, 0x21, 0xcf, 0xff, 0x29, 0x21, 0xcf, 0xff,
  0x29, 0x21, 0xcf, 0xff, 0x29, 0x21, 0xcf, 0xff, 0x29, 0x21, 0xcf, 0xff, 0x29, 0x21, 0xcf, 0xff,
  0x29, 0x21, 0xcf, 0xff, 0x29, 0x21, 0xcf, 0xff, 0x29, 0x21, 0xcf, 0xff, 0x29, 0x21, 0xcf, 0xff,
  0x29, 0x21, 0xcf, 0xff, 0x29, 0x21, 0xcf, 0xff, 0x29, 0x21, 0xcf, 0xff, 0x29, 0x21, 0xcf, 0xff,
  0x00, 0x00, 0x00, 0x00, 0x00, 0x00, 0x00, 0x00, 0x00, 0x00, 0x00, 0x00, 0x00, 0x00, 0x00, 0x00,
  0x00, 0x00, 0x00, 0x00, 0x00, 0x00, 0x00, 0x00, 0x00, 0x00, 0x00, 0x00, 0x00, 0x00, 0x00, 0x00,
  0x00, 0x00, 0x00, 0x00, 0x00, 0x00, 0x00, 0x00, 0x00, 0x00, 0x00, 0x00, 0x00, 0x00, 0x00, 0x00,
  0x00, 0x00, 0x00, 0x00, 0x00, 0x00, 0x00, 0x00, 0x00, 0x00, 0x00, 0x00, 0x00, 0x00, 0x00, 0x00,
  0x29, 0x21, 0xcf, 0xff, 0x29, 0x21, 0xcf, 0xff, 0x29, 0x21, 0xcf, 0xff, 0x29, 0x21, 0xcf, 0xff,
  0x29, 0x21, 0xcf, 0xff, 0x29, 0x21, 0xcf, 0xff, 0x29, 0x21, 0xcf, 0xff, 0x29, 0x21, 0xcf, 0xff,
  0x29, 0x21, 0xcf, 0xff, 0x29, 0x21, 0xcf, 0xff, 0x29, 0x21, 0xcf, 0xff, 0x29, 0x21, 0xcf, 0xff,
  0x29, 0x21, 0xcf, 0xff, 0x29, 0x21, 0xcf, 0xff, 0x29, 0x21, 0xcf, 0xff, 0x29, 0x21, 0xcf, 0xff,
  0x29, 0x21, 0xcf, 0xff, 0x29, 0x21, 0xcf, 0xff, 0x29, 0x21, 0xcf, 0xff, 0x29, 0x21, 0xcf, 0xff,
  0x29, 0x21, 0xcf, 0xff, 0x29, 0x21, 0xd0, 0xcc, 0x2d, 0x1e, 0xd2, 0x11, 0x00, 0x00, 0x00, 0x00,
  0x00, 0x00, 0x00, 0x00, 0x24, 0x24, 0xc8, 0x0e, 0x29, 0x21, 0xd0, 0xc7, 0x29, 0x21, 0xcf, 0xff,
  0x29, 0x21, 0xcf, 0xff, 0x29, 0x21, 0xcf, 0xff, 0x29, 0x21, 0xcf, 0xff, 0x29, 0x21, 0xcf, 0xff,
  0x29, 0x21, 0xcf, 0xff, 0x29, 0x21, 0xcf, 0xff, 0x29, 0x21, 0xcf, 0xff, 0x29, 0x21, 0xcf, 0xff,
  0x29, 0x21, 0xcf, 0xff, 0x29, 0x21, 0xcf, 0xff, 0x29, 0x21, 0xcf, 0xff, 0x29, 0x21, 0xcf, 0xff,
  0x29, 0x21, 0xcf, 0xff, 0x29, 0x21, 0xcf, 0xff, 0x29, 0x21, 0xcf, 0xff, 0x29, 0x21, 0xcf, 0xff,
  0x29, 0x21, 0xcf, 0xff, 0x29, 0x21, 0xcf, 0xff, 0x29, 0x21, 0xcf, 0xff, 0x29, 0x21, 0xcf, 0xff,
  0x00, 0x00, 0x00, 0x00, 0x00, 0x00, 0x00, 0x00, 0x00, 0x00, 0x00, 0x00, 0x00, 0x00, 0x00, 0x00,
  0x00, 0x00, 0x00, 0x00, 0x00, 0x00, 0x00, 0x00, 0x00, 0x00, 0x00, 0x00, 0x00, 0x00, 0x00, 0x00,
  0x00, 0x00, 0x00, 0x00, 0x00, 0x00, 0x00, 0x00, 0x00, 0x00, 0x00, 0x00, 0x00, 0x00, 0x00, 0x00,
  0x00, 0x00, 0x00, 0x00, 0x00, 0x00, 0x00, 0x00, 0x00, 0x00, 0x00, 0x00, 0x00, 0x00, 0x00, 0x00,
  0x29, 0x21, 0xcf, 0xff, 0x29, 0x21, 0xcf, 0xff, 0x29, 0x21, 0xcf, 0xff, 0x29, 0x21, 0xcf, 0xff,
  0x29, 0x21, 0xcf, 0xff, 0x29, 0x21, 0xcf, 0xff, 0x29, 0x21, 0xcf, 0xff, 0x29, 0x21, 0xcf, 0xff,
  0x29, 0x21, 0xcf, 0xff, 0x29, 0x21, 0xcf, 0xff, 0x29, 0x21, 0xcf, 0xff, 0x29, 0x21, 0xcf, 0xff,
  0x29, 0x21, 0xcf, 0xff, 0x29, 0x21, 0xcf, 0xff, 0x29, 0x21, 0xcf, 0xff, 0x29, 0x21, 0xcf, 0xff,
  0x29, 0x21, 0xcf, 0xff, 0x29, 0x21, 0xcf, 0xff, 0x29, 0x21, 0xcf, 0xff, 0x29, 0x21, 0xcf, 0xff,
  0x29, 0x21, 0xcf, 0xff, 0x29, 0x21, 0xcf, 0xff, 0x29, 0x21, 0xd0, 0xcc, 0x2d, 0x1e, 0xd2, 0x11,
  0x24, 0x24, 0xc8, 0x0e, 0x29, 0x21, 0xd0, 0xc7, 0x29, 0x21, 0xcf, 0xff, 0x29, 0x21, 0xcf, 0xff,
  0x29, 0x21, 0xcf, 0xff, 0x29, 0x21, 0xcf, 0xff, 0x29, 0x21, 0xcf, 0xff, 0x29, 0x21, 0xcf, 0xff,
  0x29, 0x21, 0xcf, 0xff, 0x29, 0x21, 0xcf, 0xff, 0x29, 0x21, 0xcf, 0xff, 0x29, 0x21, 0xcf, 0xff,
  0x29, 0x21, 0xcf, 0xff, 0x29, 0x21, 0xcf, 0xff, 0x29, 0x21, 0xcf, 0xff, 0x29, 0x21, 0xcf, 0xff,
  0x29, 0x21, 0xcf, 0xff, 0x29, 0x21, 0xcf, 0xff, 0x29, 0x21, 0xcf, 0xff, 0x29, 0x21, 0xcf, 0xff,
  0x29, 0x21, 0xcf, 0xff, 0x29, 0x21, 0xcf, 0xff, 0x29, 0x21, 0xcf, 0xff, 0x29, 0x21, 0xcf, 0xff,
  0x00, 0x00, 0x00, 0x00, 0x00, 0x00, 0x00, 0x00, 0x00, 0x00, 0x00, 0x00, 0x00, 0x00, 0x00, 0x00,
  0x00, 0x00, 0x00, 0x00, 0x00, 0x00, 0x00, 0x00, 0x00, 0x00, 0x00, 0x00, 0x00, 0x00, 0x00, 0x00,
  0x00, 0x00, 0x00, 0x00, 0x00, 0x00, 0x00, 0x00, 0x00, 0x00, 0x00, 0x00, 0x00, 0x00, 0x00, 0x00,
  0x00, 0x00, 0x00, 0x00, 0x00, 0x00, 0x00, 0x00, 0x00, 0x00, 0x00, 0x00, 0x00, 0x00, 0x00, 0x00,
  0x29, 0x21, 0xcf, 0xff, 0x29, 0x21, 0xcf, 0xff, 0x29, 0x21, 0xcf, 0xff, 0x29, 0x21, 0xcf, 0xff,
  0x29, 0x21, 0xcf, 0xff, 0x29, 0x21, 0xcf, 0xff, 0x29, 0x21, 0xcf, 0xff, 0x29, 0x21, 0xcf, 0xff,
  0x29, 0x21, 0xcf, 0xff, 0x29, 0x21, 0xcf, 0xff, 0x29, 0x21, 0xcf, 0xff, 0x29, 0x21, 0xcf, 0xff,
  0x29, 0x21, 0xcf, 0xff, 0x29, 0x21, 0xcf, 0xff, 0x29, 0x21, 0xcf, 0xff, 0x29, 0x21, 0xcf, 0xff,
  0x29, 0x21, 0xcf, 0xff, 0x29, 0x21, 0xcf, 0xff, 0x29, 0x21, 0xcf, 0xff, 0x29, 0x21, 0xcf, 0xff,
  0x29, 0x21, 0xcf, 0xff, 0x29, 0x21, 0xcf, 0xff, 0x29, 0x21, 0xcf, 0xff, 0x29, 0x21, 0xcf, 0xc6,
  0x29, 0x21, 0xcf, 0xc6, 0x29, 0x21, 0xcf, 0xff, 0x29, 0x21, 0xcf, 0xff, 0x29, 0x21, 0xcf, 0xff,
  0x29, 0x21, 0xcf, 0xff, 0x29, 0x21, 0xcf, 0xff, 0x29, 0x21, 0xcf, 0xff, 0x29, 0x21, 0xcf, 0xff,
  0x29, 0x21, 0xcf, 0xff, 0x29, 0x21, 0xcf, 0xff, 0x29, 0x21, 0xcf, 0xff, 0x29, 0x21, 0xcf, 0xff,
  0x29, 0x21, 0xcf, 0xff, 0x29, 0x21, 0xcf, 0xff, 0x29, 0x21, 0xcf, 0xff, 0x29, 0x21, 0xcf, 0xff,
  0x29, 0x21, 0xcf, 0xff, 0x29, 0x21, 0xcf, 0xff, 0x29, 0x21, 0xcf, 0xff, 0x29, 0x21, 0xcf, 0xff,
  0x29, 0x21, 0xcf, 0xff, 0x29, 0x21, 0xcf, 0xff, 0x29, 0x21, 0xcf, 0xff, 0x29, 0x21, 0xcf, 0xff,
  0x00, 0x00, 0x00, 0x00, 0x00, 0x00, 0x00, 0x00, 0x00, 0x00, 0x00, 0x00, 0x00, 0x00, 0x00, 0x00,
  0x00, 0x00, 0x00, 0x00, 0x00, 0x00, 0x00, 0x00, 0x00, 0x00, 0x00, 0x00, 0x00, 0x00, 0x00, 0x00,
  0x00, 0x00, 0x00, 0x00, 0x00, 0x00, 0x00, 0x00, 0x00, 0x00, 0x00, 0x00, 0x00, 0x00, 0x00, 0x00,
  0x00, 0x00, 0x00, 0x00, 0x00, 0x00, 0x00, 0x00, 0x00, 0x00, 0x00, 0x00, 0x00, 0x00, 0x00, 0x00,
  0x29, 0x21, 0xcf, 0xff, 0x29, 0x21, 0xcf, 0xff, 0x29, 0x21, 0xcf, 0xff, 0x29, 0x21, 0xcf, 0xff,
  0x29, 0x21, 0xcf, 0xff, 0x29, 0x21, 0xcf, 0xff, 0x29, 0x21, 0xcf, 0xff, 0x29, 0x21, 0xcf, 0xff,
  0x29, 0x21, 0xcf, 0xff, 0x29, 0x21, 0xcf, 0xff, 0x29, 0x21, 0xcf, 0xff, 0x29, 0x21, 0xcf, 0xff,
  0x29, 0x21, 0xcf, 0xff, 0x29, 0x21, 0xcf, 0xff, 0x29, 0x21, 0xcf, 0xff, 0x29, 0x21, 0xcf, 0xff,
  0x29, 0x21, 0xcf, 0xff, 0x29, 0x21, 0xcf, 0xff, 0x29, 0x21, 0xcf, 0xff, 0x29, 0x21, 0xcf, 0xff,
  0x29, 0x21, 0xcf, 0xff, 0x29, 0x21, 0xcf, 0xff, 0x29, 0x21, 0xcf, 0xff, 0x29, 0x21, 0xcf, 0xff,
  0x29, 0x21, 0xcf, 0xff, 0x29, 0x21, 0xcf, 0xff, 0x29, 0x21, 0xcf, 0xff, 0x29, 0x21, 0xcf, 0xff,
  0x29, 0x21, 0xcf, 0xff, 0x29, 0x21, 0xcf, 0xff, 0x29, 0x21, 0xcf, 0xff, 0x29, 0x21, 0xcf, 0xff,
  0x29, 0x21, 0xcf, 0xff, 0x29, 0x21, 0xcf, 0xff, 0x29, 0x21, 0xcf, 0xff, 0x29, 0x21, 0xcf, 0xff,
  0x29, 0x21, 0xcf, 0xff, 0x29, 0x21, 0xcf, 0xff, 0x29, 0x21, 0xcf, 0xff, 0x29, 0x21, 0xcf, 0xff,
  0x29, 0x21, 0xcf, 0xff, 0x29, 0x21, 0xcf, 0xff, 0x29, 0x21, 0xcf, 0xff, 0x29, 0x21, 0xcf, 0xff,
  0x29, 0x21, 0xcf, 0xff, 0x29, 0x21, 0xcf, 0xff, 0x29, 0x21, 0xcf, 0xff, 0x29, 0x21, 0xcf, 0xff,
  0x00, 0x00, 0x00, 0x00, 0x00, 0x00, 0x00, 0x00, 0x00, 0x00, 0x00, 0x00, 0x00, 0x00, 0x00, 0x00,
  0x00, 0x00, 0x00, 0x00, 0x00, 0x00, 0x00, 0x00, 0x00, 0x00, 0x00, 0x00, 0x00, 0x00, 0x00, 0x00,
  0x00, 0x00, 0x00, 0x00, 0x00, 0x00, 0x00, 0x00, 0x00, 0x00, 0x00, 0x00, 0x00, 0x00, 0x00, 0x00,
  0x00, 0x00, 0x00, 0x00, 0x00, 0x00, 0x00, 0x00, 0x00, 0x00, 0x00, 0x00, 0x00, 0x00, 0x00, 0x00,
  0x29, 0x21, 0xcf, 0xff, 0x29, 0x21, 0xcf, 0xff, 0x29, 0x21, 0xcf, 0xff, 0x29, 0x21, 0xcf, 0xff,
  0x29, 0x21, 0xcf, 0xff, 0x29, 0x21, 0xcf, 0xff, 0x29, 0x21, 0xcf, 0xff, 0x29, 0x21, 0xcf, 0xff,
  0x29, 0x21, 0xcf, 0xff, 0x29, 0x21, 0xcf, 0xff, 0x29, 0x21, 0xcf, 0xff, 0x29, 0x21, 0xcf, 0xff,
  0x29, 0x21, 0xcf, 0xff, 0x29, 0x21, 0xcf, 0xff, 0x29, 0x21, 0xcf, 0xff, 0x29, 0x21, 0xcf, 0xff,
  0x29, 0x21, 0xcf, 0xff, 0x29, 0x21, 0xcf, 0xff, 0x29, 0x21, 0xcf, 0xff, 0x29, 0x21, 0xcf, 0xff,
  0x29, 0x21, 0xcf, 0xff, 0x29, 0x21, 0xcf, 0xff, 0x29, 0x21, 0xcf, 0xff, 0x29, 0x21, 0xcf, 0xff,
  0x29, 0x21, 0xcf, 0xff, 0x29, 0x21, 0xcf, 0xff, 0x29, 0x21, 0xcf, 0xff, 0x29, 0x21, 0xcf, 0xff,
  0x29, 0x21, 0xcf, 0xff, 0x29, 0x21, 0xcf, 0xff, 0x29, 0x21, 0xcf, 0xff, 0x29, 0x21, 0xcf, 0xff,
  0x29, 0x21, 0xcf, 0xff, 0x29, 0x21, 0xcf, 0xff, 0x29, 0x21, 0xcf, 0xff, 0x29, 0x21, 0xcf, 0xff,
  0x29, 0x21, 0xcf, 0xff, 0x29, 0x21, 0xcf, 0xff, 0x29, 0x21, 0xcf, 0xff, 0x29, 0x21, 0xcf, 0xff,
  0x29, 0x21, 0xcf, 0xff, 0x29, 0x21, 0xcf, 0xff, 0x29, 0x21, 0xcf, 0xff, 0x29, 0x21, 0xcf, 0xff,
  0x29, 0x21, 0xcf, 0xff, 0x29, 0x21, 0xcf, 0xff, 0x29, 0x21, 0xcf, 0xff, 0x29, 0x21, 0xcf, 0xff,
  0x00, 0x00, 0x00, 0x00, 0x00, 0x00, 0x00, 0x00, 0x00, 0x00, 0x00, 0x00, 0x00, 0x00, 0x00, 0x00,
  0x00, 0x00, 0x00, 0x00, 0x00, 0x00, 0x00, 0x00, 0x00, 0x00, 0x00, 0x00, 0x00, 0x00, 0x00, 0x00,
  0x00, 0x00, 0x00, 0x00, 0x00, 0x00, 0x00, 0x00, 0x00, 0x00, 0x00, 0x00, 0x00, 0x00, 0x00, 0x00,
  0x00, 0x00, 0x00, 0x00, 0x00, 0x00, 0x00, 0x00, 0x00, 0x00, 0x00, 0x00, 0x00, 0x00, 0x00, 0x00,
  0x29, 0x21, 0xcf, 0xff, 0x29, 0x21, 0xcf, 0xff, 0x29, 0x21, 0xcf, 0xff, 0x29, 0x21, 0xcf, 0xff,
  0x29, 0x21, 0xcf, 0xff, 0x29, 0x21, 0xcf, 0xff, 0x29, 0x21, 0xcf, 0xff, 0x29, 0x21, 0xcf, 0xff,
  0x29, 0x21, 0xcf, 0xff, 0x29, 0x21, 0xcf, 0xff, 0x29, 0x21, 0xcf, 0xff, 0x29, 0x21, 0xcf, 0xff,
  0x29, 0x21, 0xcf, 0xff, 0x29, 0x21, 0xcf, 0xff, 0x29, 0x21, 0xcf, 0xff, 0x29, 0x21, 0xcf, 0xff,
  0x29, 0x21, 0xcf, 0xff, 0x29, 0x21, 0xcf, 0xff, 0x29, 0x21, 0xcf, 0xff, 0x29, 0x21, 0xcf, 0xff,
  0x29, 0x21, 0xcf, 0xff, 0x29, 0x21, 0xcf, 0xff, 0x29, 0x21, 0xcf, 0xff, 0x29, 0x21, 0xcf, 0xff,
  0x29, 0x21, 0xcf, 0xff, 0x29, 0x21, 0xcf, 0xff, 0x29, 0x21, 0xcf, 0xff, 0x29, 0x21, 0xcf, 0xff,
  0x29, 0x21, 0xcf, 0xff, 0x29, 0x21, 0xcf, 0xff, 0x29, 0x21, 0xcf, 0xff, 0x29, 0x21, 0xcf, 0xff,
  0x29, 0x21, 0xcf, 0xff, 0x29, 0x21, 0xcf, 0xff, 0x29, 0x21, 0xcf, 0xff, 0x29, 0x21, 0xcf, 0xff,
  0x29, 0x21, 0xcf, 0xff, 0x29, 0x21, 0xcf, 0xff, 0x29, 0x21, 0xcf, 0xff, 0x29, 0x21, 0xcf, 0xff,
  0x29, 0x21, 0xcf, 0xff, 0x29, 0x21, 0xcf, 0xff, 0x29, 0x21, 0xcf, 0xff, 0x29, 0x21, 0xcf, 0xff,
  0x29, 0x21, 0xcf, 0xff, 0x29, 0x21, 0xcf, 0xff, 0x29, 0x21, 0xcf, 0xff, 0x29, 0x21, 0xcf, 0xff,
  0x00, 0x00, 0x00, 0x00, 0x00, 0x00, 0x00, 0x00, 0x00, 0x00, 0x00, 0x00, 0x00, 0x00, 0x00, 0x00,
  0x00, 0x00, 0x00, 0x00, 0x00, 0x00, 0x00, 0x00, 0x00, 0x00, 0x00, 0x00, 0x00, 0x00, 0x00, 0x00,
  0x00, 0x00, 0x00, 0x00, 0x00, 0x00, 0x00, 0x00, 0x00, 0x00, 0x00, 0x00, 0x00, 0x00, 0x00, 0x00,
  0x00, 0x00, 0x00, 0x00, 0x00, 0x00, 0x00, 0x00, 0x00, 0x00, 0x00, 0x00, 0x00, 0x00, 0x00, 0x00,
  0x29, 0x21, 0xcf, 0xfe, 0x29, 0x21, 0xcf, 0xff, 0x29, 0x21, 0xcf, 0xff, 0x29, 0x21, 0xcf, 0xff,
  0x29, 0x21, 0xcf, 0xff, 0x29, 0x21, 0xcf, 0xff, 0x29, 0x21, 0xcf, 0xff, 0x29, 0x21, 0xcf, 0xff,
  0x29, 0x21, 0xcf, 0xff, 0x29, 0x21, 0xcf, 0xff, 0x29, 0x21, 0xcf, 0xff, 0x29, 0x21, 0xcf, 0xff,
  0x29, 0x21, 0xcf, 0xff, 0x29, 0x21, 0xcf, 0xff, 0x29, 0x21, 0xcf, 0xff, 0x29, 0x21, 0xcf, 0xff,
  0x29, 0x21, 0xcf, 0xff, 0x29, 0x21, 0xcf, 0xff, 0x29, 0x21, 0xcf, 0xff, 0x29, 0x21, 0xcf, 0xff,
  0x29, 0x21, 0xcf, 0xff, 0x29, 0x21, 0xcf, 0xff, 0x29, 0x21, 0xcf, 0xff, 0x29, 0x21, 0xcf, 0xff,
  0x29, 0x21, 0xcf, 0xff, 0x29, 0x21, 0xcf, 0xff, 0x29, 0x21, 0xcf, 0xff, 0x29, 0x21, 0xcf, 0xff,
  0x29, 0x21, 0xcf, 0xff, 0x29, 0x21, 0xcf, 0xff, 0x29, 0x21, 0xcf, 0xff, 0x29, 0x21, 0xcf, 0xff,
  0x29, 0x21, 0xcf, 0xff, 0x29, 0x21, 0xcf, 0xff, 0x29, 0x21, 0xcf, 0xff, 0x29, 0x21, 0xcf, 0xff,
  0x29, 0x21, 0xcf, 0xff, 0x29, 0x21, 0xcf, 0xff, 0x29, 0x21, 0xcf, 0xff, 0x29, 0x21, 0xcf, 0xff,
  0x29, 0x21, 0xcf, 0xff, 0x29, 0x21, 0xcf, 0xff, 0x29, 0x21, 0xcf, 0xff, 0x29, 0x21, 0xcf, 0xff,
  0x29, 0x21, 0xcf, 0xff, 0x29, 0x21, 0xcf, 0xff, 0x29, 0x21, 0xcf, 0xff, 0x29, 0x21, 0xcf, 0xfe,
  0x00, 0x00, 0x00, 0x00, 0x00, 0x00, 0x00, 0x00, 0x00, 0x00, 0x00, 0x00, 0x00, 0x00, 0x00, 0x00,
  0x00, 0x00, 0x00, 0x00, 0x00, 0x00, 0x00, 0x00, 0x00, 0x00, 0x00, 0x00, 0x00, 0x00, 0x00, 0x00,
  0x00, 0x00, 0x00, 0x00, 0x00, 0x00, 0x00, 0x00, 0x00, 0x00, 0x00, 0x00, 0x00, 0x00, 0x00, 0x00,
  0x00, 0x00, 0x00, 0x00, 0x00, 0x00, 0x00, 0x00, 0x00, 0x00, 0x00, 0x00, 0x00, 0x00, 0x00, 0x00,
  0x29, 0x21, 0xcf, 0xe8, 0x29, 0x21, 0xcf, 0xff, 0x29, 0x21, 0xcf, 0xff, 0x29, 0x21, 0xcf, 0xff,
  0x29, 0x21, 0xcf, 0xff, 0x29, 0x21, 0xcf, 0xff, 0x29, 0x21, 0xcf, 0xff, 0x29, 0x21, 0xcf, 0xff,
  0x29, 0x21, 0xcf, 0xff, 0x29, 0x21, 0xcf, 0xff, 0x29, 0x21, 0xcf, 0xff, 0x29, 0x21, 0xcf, 0xff,
  0x29, 0x21, 0xcf, 0xff, 0x29, 0x21, 0xcf, 0xff, 0x29, 0x21, 0xcf, 0xff, 0x29, 0x21, 0xcf, 0xff,
  0x29, 0x21, 0xcf, 0xff, 0x29, 0x21, 0xcf, 0xff, 0x29, 0x21, 0xcf, 0xff, 0x29, 0x21, 0xcf, 0xff,
  0x29, 0x21, 0xcf, 0xff, 0x29, 0x21, 0xcf, 0xff, 0x29, 0x21, 0xcf, 0xff, 0x29, 0x21, 0xcf, 0xff,
  0x29, 0x21, 0xcf, 0xff, 0x29, 0x21, 0xcf, 0xff, 0x29, 0x21, 0xcf, 0xff, 0x29, 0x21, 0xcf, 0xff,
  0x29, 0x21, 0xcf, 0xff, 0x29, 0x21, 0xcf, 0xff, 0x29, 0x21, 0xcf, 0xff, 0x29, 0x21, 0xcf, 0xff,
  0x29, 0x21, 0xcf, 0xff, 0x29, 0x21, 0xcf, 0xff, 0x29, 0x21, 0xcf, 0xff, 0x29, 0x21, 0xcf, 0xff,
  0x29, 0x21, 0xcf, 0xff, 0x29, 0x21, 0xcf, 0xff, 0x29, 0x21, 0xcf, 0xff, 0x29, 0x21, 0xcf, 0xff,
  0x29, 0x21, 0xcf, 0xff, 0x29, 0x21, 0xcf, 0xff, 0x29, 0x21, 0xcf, 0xff, 0x29, 0x21, 0xcf, 0xff,
  0x29, 0x21, 0xcf, 0xff, 0x29, 0x21, 0xcf, 0xff, 0x29, 0x21, 0xcf, 0xff, 0x29, 0x21, 0xd0, 0xe7,
  0x00, 0x00, 0x00, 0x00, 0x00, 0x00, 0x00, 0x00, 0x00, 0x00, 0x00, 0x00, 0x00, 0x00, 0x00, 0x00,
  0x00, 0x00, 0x00, 0x00, 0x00, 0x00, 0x00, 0x00, 0x00, 0x00, 0x00, 0x00, 0x00, 0x00, 0x00, 0x00,
  0x00, 0x00, 0x00, 0x00, 0x00, 0x00, 0x00, 0x00, 0x00, 0x00, 0x00, 0x00, 0x00, 0x00, 0x00, 0x00,
  0x00, 0x00, 0x00, 0x00, 0x00, 0x00, 0x00, 0x00, 0x00, 0x00, 0x00, 0x00, 0x00, 0x00, 0x00, 0x00,
  0x29, 0x20, 0xcf, 0xa6, 0x29, 0x21, 0xcf, 0xff, 0x29, 0x21, 0xcf, 0xff, 0x29, 0x21, 0xcf, 0xff,
  0x29, 0x21, 0xcf, 0xff, 0x29, 0x21, 0xcf, 0xff, 0x29, 0x21, 0xcf, 0xff, 0x29, 0x21, 0xcf, 0xff,
  0x29, 0x21, 0xcf, 0xff, 0x29, 0x21, 0xcf, 0xff, 0x29, 0x21, 0xcf, 0xff, 0x29, 0x21, 0xcf, 0xff,
  0x29, 0x21, 0xcf, 0xff, 0x29, 0x21, 0xcf, 0xff, 0x29, 0x21, 0xcf, 0xff, 0x29, 0x21, 0xcf, 0xff,
  0x29, 0x21, 0xcf, 0xff, 0x29, 0x21, 0xcf, 0xff, 0x29, 0x21, 0xcf, 0xff, 0x29, 0x21, 0xcf, 0xff,
  0x29, 0x21, 0xcf, 0xff, 0x29, 0x21, 0xcf, 0xff, 0x29, 0x21, 0xcf, 0xff, 0x29, 0x21, 0xcf, 0xff,
  0x29, 0x21, 0xcf, 0xff, 0x29, 0x21, 0xcf, 0xff, 0x29, 0x21, 0xcf, 0xff, 0x29, 0x21, 0xcf, 0xff,
  0x29, 0x21, 0xcf, 0xff, 0x29, 0x21, 0xcf, 0xff, 0x29, 0x21, 0xcf, 0xff, 0x29, 0x21, 0xcf, 0xff,
  0x29, 0x21, 0xcf, 0xff, 0x29, 0x21, 0xcf, 0xff, 0x29, 0x21, 0xcf, 0xff, 0x29, 0x21, 0xcf, 0xff,
  0x29, 0x21, 0xcf, 0xff, 0x29, 0x21, 0xcf, 0xff, 0x29, 0x21, 0xcf, 0xff, 0x29, 0x21, 0xcf, 0xff,
  0x29, 0x21, 0xcf, 0xff, 0x29, 0x21, 0xcf, 0xff, 0x29, 0x21, 0xcf, 0xff, 0x29, 0x21, 0xcf, 0xff,
  0x29, 0x21, 0xcf, 0xff, 0x29, 0x21, 0xcf, 0xff, 0x29, 0x21, 0xcf, 0xff, 0x28, 0x21, 0xcf, 0xa4,
  0x00, 0x00, 0x00, 0x00, 0x00, 0x00, 0x00, 0x00, 0x00, 0x00, 0x00, 0x00, 0x00, 0x00, 0x00, 0x00,
  0x00, 0x00, 0x00, 0x00, 0x00, 0x00, 0x00, 0x00, 0x00, 0x00, 0x00, 0x00, 0x00, 0x00, 0x00, 0x00,
  0x00, 0x00, 0x00, 0x00, 0x00, 0x00, 0x00, 0x00, 0x00, 0x00, 0x00, 0x00, 0x00, 0x00, 0x00, 0x00,
  0x00, 0x00, 0x00, 0x00, 0x00, 0x00, 0x00, 0x00, 0x00, 0x00, 0x00, 0x00, 0x00, 0x00, 0x00, 0x00,
  0x27, 0x21, 0xcd, 0x2e, 0x29, 0x21, 0xcf, 0xf9, 0x29, 0x21, 0xcf, 0xff, 0x29, 0x21, 0xcf, 0xff,
  0x29, 0x21, 0xcf, 0xff, 0x29, 0x21, 0xcf, 0xff, 0x29, 0x21, 0xcf, 0xff, 0x29, 0x21, 0xcf, 0xff,
  0x29, 0x21, 0xcf, 0xff, 0x29, 0x21, 0xcf, 0xff, 0x29, 0x21, 0xcf, 0xff, 0x29, 0x21, 0xcf, 0xff,
  0x29, 0x21, 0xcf, 0xff, 0x29, 0x21, 0xcf, 0xff, 0x29, 0x21, 0xcf, 0xff, 0x29, 0x21, 0xcf, 0xff,
  0x29, 0x21, 0xcf, 0xff, 0x29, 0x21, 0xcf, 0xff, 0x29, 0x21, 0xcf, 0xff, 0x29, 0x21, 0xcf, 0xff,
  0x29, 0x21, 0xcf, 0xff, 0x29, 0x21, 0xcf, 0xff, 0x29, 0x21, 0xcf, 0xff, 0x29, 0x21, 0xcf, 0xff,
  0x29, 0x21, 0xcf, 0xff, 0x29, 0x21, 0xcf, 0xff, 0x29, 0x21, 0xcf, 0xff, 0x29, 0x21, 0xcf, 0xff,
  0x29, 0x21, 0xcf, 0xff, 0x29, 0x21, 0xcf, 0xff, 0x29, 0x21, 0xcf, 0xff, 0x29, 0x21, 0xcf, 0xff,
  0x29, 0x21, 0xcf, 0xff, 0x29, 0x21, 0xcf, 0xff, 0x29, 0x21, 0xcf, 0xff, 0x29, 0x21, 0xcf, 0xff,
  0x29, 0x21, 0xcf, 0xff, 0x29, 0x21, 0xcf, 0xff, 0x29, 0x21, 0xcf, 0xff, 0x29, 0x21, 0xcf, 0xff,
  0x29, 0x21, 0xcf, 0xff, 0x29, 0x21, 0xcf, 0xff, 0x29, 0x21, 0xcf, 0xff, 0x29, 0x21, 0xcf, 0xff,
  0x29, 0x21, 0xcf, 0xff, 0x29, 0x21, 0xcf, 0xff, 0x29, 0x21, 0xcf, 0xf8, 0x29, 0x23, 0xd1, 0x2c,
  0x00, 0x00, 0x00, 0x00, 0x00, 0x00, 0x00, 0x00, 0x00, 0x00, 0x00, 0x00, 0x00, 0x00, 0x00, 0x00,
  0x00, 0x00, 0x00, 0x00, 0x00, 0x00, 0x00, 0x00, 0x00, 0x00, 0x00, 0x00, 0x00, 0x00, 0x00, 0x00,
  0x00, 0x00, 0x00, 0x00, 0x00, 0x00, 0x00, 0x00, 0x00, 0x00, 0x00, 0x00, 0x00, 0x00, 0x00, 0x00,
  0x00, 0x00, 0x00, 0x00, 0x00, 0x00, 0x00, 0x00, 0x00, 0x00, 0x00, 0x00, 0x00, 0x00, 0x00, 0x00,
  0x00, 0x00, 0x00, 0x00, 0x28, 0x22, 0xcf, 0x5a, 0x29, 0x21, 0xcf, 0xf9, 0x29, 0x21, 0xcf, 0xff,
  0x29, 0x21, 0xcf, 0xff, 0x29, 0x21, 0xcf, 0xff, 0x29, 0x21, 0xcf, 0xff, 0x29, 0x21, 0xcf, 0xff,
  0x29, 0x21, 0xcf, 0xff, 0x29, 0x21, 0xcf, 0xff, 0x29, 0x21, 0xcf, 0xff, 0x29, 0x21, 0xcf, 0xff,
  0x29, 0x21, 0xcf, 0xff, 0x29, 0x21, 0xcf, 0xff, 0x29, 0x21, 0xcf, 0xff, 0x29, 0x21, 0xcf, 0xff,
  0x29, 0x21, 0xcf, 0xff, 0x29, 0x21, 0xcf, 0xff, 0x29, 0x21, 0xcf, 0xff, 0x29, 0x21, 0xcf, 0xff,
  0x29, 0x21, 0xcf, 0xff, 0x29, 0x21, 0xcf, 0xff, 0x29, 0x21, 0xcf, 0xff, 0x29, 0x21, 0xcf, 0xff,
  0x29, 0x21, 0xcf, 0xff, 0x29, 0x21, 0xcf, 0xff, 0x29, 0x21, 0xcf, 0xff, 0x29, 0x21, 0xcf, 0xff,
  0x29, 0x21, 0xcf, 0xff, 0x29, 0x21, 0xcf, 0xff, 0x29, 0x21, 0xcf, 0xff, 0x29, 0x21, 0xcf, 0xff,
  0x29, 0x21, 0xcf, 0xff, 0x29, 0x21, 0xcf, 0xff, 0x29, 0x21, 0xcf, 0xff, 0x29, 0x21, 0xcf, 0xff,
  0x29, 0x21, 0xcf, 0xff, 0x29, 0x21, 0xcf, 0xff, 0x29, 0x21, 0xcf, 0xff, 0x29, 0x21, 0xcf, 0xff,
  0x29, 0x21, 0xcf, 0xff, 0x29, 0x21, 0xcf, 0xff, 0x29, 0x21, 0xcf, 0xff, 0x29, 0x21, 0xcf, 0xff,
  0x29, 0x21, 0xcf, 0xff, 0x29, 0x21, 0xcf, 0xf8, 0x28, 0x22, 0xce, 0x59, 0x00, 0x00, 0x00, 0x00,
  0x00, 0x00, 0x00, 0x00, 0x00, 0x00, 0x00, 0x00, 0x00, 0x00, 0x00, 0x00, 0x00, 0x00, 0x00, 0x00,
  0x00, 0x00, 0x00, 0x00, 0x00, 0x00, 0x00, 0x00, 0x00, 0x00, 0x00, 0x00, 0x00, 0x00, 0x00, 0x00,
  0x00, 0x00, 0x00, 0x00, 0x00, 0x00, 0x00, 0x00, 0x00, 0x00, 0x00, 0x00, 0x00, 0x00, 0x00, 0x00,
  0x00, 0x00, 0x00, 0x00, 0x00, 0x00, 0x00, 0x00, 0x00, 0x00, 0x00, 0x00, 0x00, 0x00, 0x00, 0x00,
  0x00, 0x00, 0x00, 0x00, 0x00, 0x00, 0x00, 0x00, 0x27, 0x21, 0xcd, 0x2e, 0x2a, 0x20, 0xcf, 0xa5,
  0x29, 0x21, 0xcf, 0xe6, 0x29, 0x21, 0xcf, 0xff, 0x29, 0x21, 0xcf, 0xff, 0x29, 0x21, 0xcf, 0xff,
  0x29, 0x21, 0xcf, 0xff, 0x29, 0x21, 0xcf, 0xff, 0x29, 0x21, 0xcf, 0xff, 0x29, 0x21, 0xcf, 0xff,
  0x29, 0x21, 0xcf, 0xff, 0x29, 0x21, 0xcf, 0xff, 0x29, 0x21, 0xcf, 0xff, 0x29, 0x21, 0xcf, 0xff,
  0x29, 0x21, 0xcf, 0xff, 0x29, 0x21, 0xcf, 0xff, 0x29, 0x21, 0xcf, 0xff, 0x29, 0x21, 0xcf, 0xff,
  0x29, 0x21, 0xcf, 0xff, 0x29, 0x21, 0xcf, 0xff, 0x29, 0x21, 0xcf, 0xff, 0x29, 0x21, 0xcf, 0xff,
  0x29, 0x21, 0xcf, 0xff, 0x29, 0x21, 0xcf, 0xff, 0x29, 0x21, 0xcf, 0xff, 0x29, 0x21, 0xcf, 0xff,
  0x29, 0x21, 0xcf, 0xff, 0x29, 0x21, 0xcf, 0xff, 0x29, 0x21, 0xcf, 0xff, 0x29, 0x21, 0xcf, 0xff,
  0x29, 0x21, 0xcf, 0xff, 0x29, 0x21, 0xcf, 0xff, 0x29, 0x21, 0xcf, 0xff, 0x29, 0x21, 0xcf, 0xff,
  0x29, 0x21, 0xcf, 0xff, 0x29, 0x21, 0xcf, 0xff, 0x29, 0x21, 0xcf, 0xff, 0x29, 0x21, 0xcf, 0xff,
  0x29, 0x21, 0xcf, 0xff, 0x29, 0x21, 0xcf, 0xff, 0x29, 0x21, 0xcf, 0xff, 0x29, 0x21, 0xcf, 0xe6,
  0x28, 0x21, 0xcf, 0xa4, 0x29, 0x23, 0xd1, 0x2c, 0x00, 0x00, 0x00, 0x00, 0x00, 0x00, 0x00, 0x00,
  0x00, 0x00, 0x00, 0x00, 0x00, 0x00, 0x00, 0x00, 0x00, 0x00, 0x00, 0x00, 0x00, 0x00, 0x00, 0x00,
  0x00, 0x00, 0x00, 0x00, 0x00, 0x00, 0x00, 0x00, 0x00, 0x00, 0x00, 0x00, 0x00, 0x00, 0x00, 0x00,
  0x00, 0x00, 0x00, 0x00, 0x00, 0x00, 0x00, 0x00, 0x00, 0x00, 0x00, 0x00, 0x00, 0x00, 0x00, 0x00,
  0x00, 0x00, 0x00, 0x00, 0x00, 0x00, 0x00, 0x00, 0x00, 0x00, 0x00, 0x00, 0x00, 0x00, 0x00, 0x00,
  0x00, 0x00, 0x00, 0x00, 0x00, 0x00, 0x00, 0x00, 0x00, 0x00, 0x00, 0x00, 0x00, 0x00, 0x00, 0x00,
  0x00, 0x00, 0x00, 0x00, 0x00, 0x00, 0x00, 0x00, 0x00, 0x00, 0x00, 0x00, 0x00, 0x00, 0x00, 0x00,
  0x00, 0x00, 0x00, 0x00, 0x00, 0x00, 0x00, 0x00, 0x00, 0x00, 0x00, 0x00, 0x00, 0x00, 0x00, 0x00,
  0x00, 0x00, 0x00, 0x00, 0x00, 0x00, 0x00, 0x00, 0x00, 0x00, 0x00, 0x00, 0x00, 0x00, 0x00, 0x00,
  0x00, 0x00, 0x00, 0x00, 0x00, 0x00, 0x00, 0x00, 0x00, 0x00, 0x00, 0x00, 0x00, 0x00, 0x00, 0x00,
  0x00, 0x00, 0x00, 0x00, 0x00, 0x00, 0x00, 0x00, 0x00, 0x00, 0x00, 0x00, 0x00, 0x00, 0x00, 0x00,
  0x00, 0x00, 0x00, 0x00, 0x00, 0x00, 0x00, 0x00, 0x00, 0x00, 0x00, 0x00, 0x00, 0x00, 0x00, 0x00,
  0x00, 0x00, 0x00, 0x00, 0x00, 0x00, 0x00, 0x00, 0x00, 0x00, 0x00, 0x00, 0x00, 0x00, 0x00, 0x00,
  0x00, 0x00, 0x00, 0x00, 0x00, 0x00, 0x00, 0x00, 0x00, 0x00, 0x00, 0x00, 0x00, 0x00, 0x00, 0x00,
  0x00, 0x00, 0x00, 0x00, 0x00, 0x00, 0x00, 0x00, 0x00, 0x00, 0x00, 0x00, 0x00, 0x00, 0x00, 0x00,
  0x00, 0x00, 0x00, 0x00, 0x00, 0x00, 0x00, 0x00, 0x00, 0x00, 0x00, 0x00, 0x00, 0x00, 0x00, 0x00,
  0x00, 0x00, 0x00, 0x00, 0x00, 0x00, 0x00, 0x00, 0x00, 0x00, 0x00, 0x00, 0x00, 0x00, 0x00, 0x00,
  0x00, 0x00, 0x00, 0x00, 0x00, 0x00, 0x00, 0x00, 0x00, 0x00, 0x00, 0x00, 0x00, 0x00, 0x00, 0x00,
  0x00, 0x00, 0x00, 0x00, 0x00, 0x00, 0x00, 0x00, 0x00, 0x00, 0x00, 0x00, 0x00, 0x00, 0x00, 0x00,
  0x00, 0x00, 0x00, 0x00, 0x00, 0x00, 0x00, 0x00, 0x00, 0x00, 0x00, 0x00, 0x00, 0x00, 0x00, 0x00,
  0x00, 0x00, 0x00, 0x00, 0x00, 0x00, 0x00, 0x00, 0x00, 0x00, 0x00, 0x00, 0x00, 0x00, 0x00, 0x00,
  0x00, 0x00, 0x00, 0x00, 0x00, 0x00, 0x00, 0x00, 0x00, 0x00, 0x00, 0x00, 0x00, 0x00, 0x00, 0x00,
  0x00, 0x00, 0x00, 0x00, 0x00, 0x00, 0x00, 0x00, 0x00, 0x00, 0x00, 0x00, 0x00, 0x00, 0x00, 0x00,
  0x00, 0x00, 0x00, 0x00, 0x00, 0x00, 0x00, 0x00, 0x00, 0x00, 0x00, 0x00, 0x00, 0x00, 0x00, 0x00,
  0x00, 0x00, 0x00, 0x00, 0x00, 0x00, 0x00, 0x00, 0x00, 0x00, 0x00, 0x00, 0x00, 0x00, 0x00, 0x00,
  0x00, 0x00, 0x00, 0x00, 0x00, 0x00, 0x00, 0x00, 0x00, 0x00, 0x00, 0x00, 0x00, 0x00, 0x00, 0x00,
  0x00, 0x00, 0x00, 0x00, 0x00, 0x00, 0x00, 0x00, 0x00, 0x00, 0x00, 0x00, 0x00, 0x00, 0x00, 0x00,
  0x00, 0x00, 0x00, 0x00, 0x00, 0x00, 0x00, 0x00, 0x00, 0x00, 0x00, 0x00, 0x00, 0x00, 0x00, 0x00,
  0x00, 0x00, 0x00, 0x00, 0x00, 0x00, 0x00, 0x00, 0x00, 0x00, 0x00, 0x00, 0x00, 0x00, 0x00, 0x00,
  0x00, 0x00, 0x00, 0x00, 0x00, 0x00, 0x00, 0x00, 0x00, 0x00, 0x00, 0x00, 0x00, 0x00, 0x00, 0x00,
  0x00, 0x00, 0x00, 0x00, 0x00, 0x00, 0x00, 0x00, 0x00, 0x00, 0x00, 0x00, 0x00, 0x00, 0x00, 0x00,
  0x00, 0x00, 0x00, 0x00, 0x00, 0x00, 0x00, 0x00, 0x00, 0x00, 0x00, 0x00, 0x00, 0x00, 0x00, 0x00,
  0x00, 0x00, 0x00, 0x00, 0x00, 0x00, 0x00, 0x00, 0x00, 0x00, 0x00, 0x00, 0x00, 0x00, 0x00, 0x00,
  0x00, 0x00, 0x00, 0x00, 0x00, 0x00, 0x00, 0x00, 0x00, 0x00, 0x00, 0x00, 0x00, 0x00, 0x00, 0x00,
  0x00, 0x00, 0x00, 0x00, 0x00, 0x00, 0x00, 0x00, 0x00, 0x00, 0x00, 0x00, 0x00, 0x00, 0x00, 0x00,
  0x00, 0x00, 0x00, 0x00, 0x00, 0x00, 0x00, 0x00, 0x00, 0x00, 0x00, 0x00, 0x00, 0x00, 0x00, 0x00,
  0x00, 0x00, 0x00, 0x00, 0x00, 0x00, 0x00, 0x00, 0x00, 0x00, 0x00, 0x00, 0x00, 0x00, 0x00, 0x00,
  0x00, 0x00, 0x00, 0x00, 0x00, 0x00, 0x00, 0x00, 0x00, 0x00, 0x00, 0x00, 0x00, 0x00, 0x00, 0x00,
  0x00, 0x00, 0x00, 0x00, 0x00, 0x00, 0x00, 0x00, 0x00, 0x00, 0x00, 0x00, 0x00, 0x00, 0x00, 0x00,
  0x00, 0x00, 0x00, 0x00, 0x00, 0x00, 0x00, 0x00, 0x00, 0x00, 0x00, 0x00, 0x00, 0x00, 0x00, 0x00,
  0x00, 0x00, 0x00, 0x00, 0x00, 0x00, 0x00, 0x00, 0x00, 0x00, 0x00, 0x00, 0x00, 0x00, 0x00, 0x00,
  0x00, 0x00, 0x00, 0x00, 0x00, 0x00, 0x00, 0x00, 0x00, 0x00, 0x00, 0x00, 0x00, 0x00, 0x00, 0x00,
  0x00, 0x00, 0x00, 0x00, 0x00, 0x00, 0x00, 0x00, 0x00, 0x00, 0x00, 0x00, 0x00, 0x00, 0x00, 0x00,
  0x00, 0x00, 0x00, 0x00, 0x00, 0x00, 0x00, 0x00, 0x00, 0x00, 0x00, 0x00, 0x00, 0x00, 0x00, 0x00,
  0x00, 0x00, 0x00, 0x00, 0x00, 0x00, 0x00, 0x00, 0x00, 0x00, 0x00, 0x00, 0x00, 0x00, 0x00, 0x00,
  0x00, 0x00, 0x00, 0x00, 0x00, 0x00, 0x00, 0x00, 0x00, 0x00, 0x00, 0x00, 0x00, 0x00, 0x00, 0x00,
  0x00, 0x00, 0x00, 0x00, 0x00, 0x00, 0x00, 0x00, 0x00, 0x00, 0x00, 0x00, 0x00, 0x00, 0x00, 0x00,
  0x00, 0x00, 0x00, 0x00, 0x00, 0x00, 0x00, 0x00, 0x00, 0x00, 0x00, 0x00, 0x00, 0x00, 0x00, 0x00,
  0x00, 0x00, 0x00, 0x00, 0x00, 0x00, 0x00, 0x00, 0x00, 0x00, 0x00, 0x00, 0x00, 0x00, 0x00, 0x00,
  0x00, 0x00, 0x00, 0x00, 0x00, 0x00, 0x00, 0x00, 0x00, 0x00, 0x00, 0x00, 0x00, 0x00, 0x00, 0x00,
  0x00, 0x00, 0x00, 0x00, 0x00, 0x00, 0x00, 0x00, 0x00, 0x00, 0x00, 0x00, 0x00, 0x00, 0x00, 0x00,
  0x00, 0x00, 0x00, 0x00, 0x00, 0x00, 0x00, 0x00, 0x00, 0x00, 0x00, 0x00, 0x00, 0x00, 0x00, 0x00,
  0x00, 0x00, 0x00, 0x00, 0x00, 0x00, 0x00, 0x00, 0x00, 0x00, 0x00, 0x00, 0x00, 0x00, 0x00, 0x00,
  0x00, 0x00, 0x00, 0x00, 0x00, 0x00, 0x00, 0x00, 0x00, 0x00, 0x00, 0x00, 0x00, 0x00, 0x00, 0x00,
  0x00, 0x00, 0x00, 0x00, 0x00, 0x00, 0x00, 0x00, 0x00, 0x00, 0x00, 0x00, 0x00, 0x00, 0x00, 0x00,
  0x00, 0x00, 0x00, 0x00, 0x00, 0x00, 0x00, 0x00, 0x00, 0x00, 0x00, 0x00, 0x00, 0x00, 0x00, 0x00,
  0x00, 0x00, 0x00, 0x00, 0x00, 0x00, 0x00, 0x00, 0x00, 0x00, 0x00, 0x00, 0x00, 0x00, 0x00, 0x00,
  0x00, 0x00, 0x00, 0x00, 0x00, 0x00, 0x00, 0x00, 0x00, 0x00, 0x00, 0x00, 0x00, 0x00, 0x00, 0x00,
  0x00, 0x00, 0x00, 0x00, 0x00, 0x00, 0x00, 0x00, 0x00, 0x00, 0x00, 0x00, 0x00, 0x00, 0x00, 0x00,
  0x00, 0x00, 0x00, 0x00, 0x00, 0x00, 0x00, 0x00, 0x00, 0x00, 0x00, 0x00, 0x00, 0x00, 0x00, 0x00,
  0x00, 0x00, 0x00, 0x00, 0x00, 0x00, 0x00, 0x00, 0x00, 0x00, 0x00, 0x00, 0x00, 0x00, 0x00, 0x00,
  0x00, 0x00, 0x00, 0x00, 0x00, 0x00, 0x00, 0x00, 0x00, 0x00, 0x00, 0x00, 0x00, 0x00, 0x00, 0x00,
  0x00, 0x00, 0x00, 0x00, 0x00, 0x00, 0x00, 0x00, 0x00, 0x00, 0x00, 0x00, 0x00, 0x00, 0x00, 0x00,
  0x00, 0x00, 0x00, 0x00, 0x00, 0x00, 0x00, 0x00, 0x00, 0x00, 0x00, 0x00, 0x00, 0x00, 0x00, 0x00,
  0x00, 0x00, 0x00, 0x00, 0x00, 0x00, 0x00, 0x00, 0x00, 0x00, 0x00, 0x00, 0x00, 0x00, 0x00, 0x00,
  0x00, 0x00, 0x00, 0x00, 0x00, 0x00, 0x00, 0x00, 0x00, 0x00, 0x00, 0x00, 0x00, 0x00, 0x00, 0x00,
  0x00, 0x00, 0x00, 0x00, 0x00, 0x00, 0x00, 0x00, 0x00, 0x00, 0x00, 0x00, 0x00, 0x00, 0x00, 0x00,
  0x00, 0x00, 0x00, 0x00, 0x00, 0x00, 0x00, 0x00, 0x00, 0x00, 0x00, 0x00, 0x00, 0x00, 0x00, 0x00,
  0x00, 0x00, 0x00, 0x00, 0x00, 0x00, 0x00, 0x00, 0x00, 0x00, 0x00, 0x00, 0x00, 0x00, 0x00, 0x00,
  0x00, 0x00, 0x00, 0x00, 0x00, 0x00, 0x00, 0x00, 0x00, 0x00, 0x00, 0x00, 0x00, 0x00, 0x00, 0x00,
  0x00, 0x00, 0x00, 0x00, 0x00, 0x00, 0x00, 0x00, 0x00, 0x00, 0x00, 0x00, 0x00, 0x00, 0x00, 0x00,
  0x00, 0x00, 0x00, 0x00, 0x00, 0x00, 0x00, 0x00, 0x00, 0x00, 0x00, 0x00, 0x00, 0x00, 0x00, 0x00,
  0x00, 0x00, 0x00, 0x00, 0x00, 0x00, 0x00, 0x00, 0x00, 0x00, 0x00, 0x00, 0x00, 0x00, 0x00, 0x00,
  0x00, 0x00, 0x00, 0x00, 0x00, 0x00, 0x00, 0x00, 0x00, 0x00, 0x00, 0x00, 0x00, 0x00, 0x00, 0x00,
  0x00, 0x00, 0x00, 0x00, 0x00, 0x00, 0x00, 0x00, 0x00, 0x00, 0x00, 0x00, 0x00, 0x00, 0x00, 0x00,
  0x00, 0x00, 0x00, 0x00, 0x00, 0x00, 0x00, 0x00, 0x00, 0x00, 0x00, 0x00, 0x00, 0x00, 0x00, 0x00,
  0x00, 0x00, 0x00, 0x00, 0x00, 0x00, 0x00, 0x00, 0x00, 0x00, 0x00, 0x00, 0x00, 0x00, 0x00, 0x00,
  0x00, 0x00, 0x00, 0x00, 0x00, 0x00, 0x00, 0x00, 0x00, 0x00, 0x00, 0x00, 0x00, 0x00, 0x00, 0x00,
  0x00, 0x00, 0x00, 0x00, 0x00, 0x00, 0x00, 0x00, 0x00, 0x00, 0x00, 0x00, 0x00, 0x00, 0x00, 0x00,
  0x00, 0x00, 0x00, 0x00, 0x00, 0x00, 0x00, 0x00, 0x00, 0x00, 0x00, 0x00, 0x00, 0x00, 0x00, 0x00,
  0x00, 0x00, 0x00, 0x00, 0x00, 0x00, 0x00, 0x00, 0x00, 0x00, 0x00, 0x00, 0x00, 0x00, 0x00, 0x00,
  0x00, 0x00, 0x00, 0x00, 0x00, 0x00, 0x00, 0x00, 0x00, 0x00, 0x00, 0x00, 0x00, 0x00, 0x00, 0x00,
  0x00, 0x00, 0x00, 0x00, 0x00, 0x00, 0x00, 0x00, 0x00, 0x00, 0x00, 0x00, 0x00, 0x00, 0x00, 0x00,
  0x00, 0x00, 0x00, 0x00, 0x00, 0x00, 0x00, 0x00, 0x00, 0x00, 0x00, 0x00, 0x00, 0x00, 0x00, 0x00,
  0x00, 0x00, 0x00, 0x00, 0x00, 0x00, 0x00, 0x00, 0x00, 0x00, 0x00, 0x00, 0x00, 0x00, 0x00, 0x00,
  0x00, 0x00, 0x00, 0x00, 0x00, 0x00, 0x00, 0x00, 0x00, 0x00, 0x00, 0x00, 0x00, 0x00, 0x00, 0x00,
  0x00, 0x00, 0x00, 0x00, 0x00, 0x00, 0x00, 0x00, 0x00, 0x00, 0x00, 0x00, 0x00, 0x00, 0x00, 0x00,
  0x00, 0x00, 0x00, 0x00, 0x00, 0x00, 0x00, 0x00, 0x00, 0x00, 0x00, 0x00, 0x00, 0x00, 0x00, 0x00,
  0x00, 0x00, 0x00, 0x00, 0x00, 0x00, 0x00, 0x00, 0x00, 0x00, 0x00, 0x00, 0x00, 0x00, 0x00, 0x00,
  0x00, 0x00, 0x00, 0x00, 0x00, 0x00, 0x00, 0x00, 0x00, 0x00, 0x00, 0x00, 0x00, 0x00, 0x00, 0x00,
  0x00, 0x00, 0x00, 0x00, 0x00, 0x00, 0x00, 0x00, 0x00, 0x00, 0x00, 0x00, 0x00, 0x00, 0x00, 0x00,
  0x00, 0x00, 0x00, 0x00, 0x00, 0x00, 0x00, 0x00, 0x00, 0x00, 0x00, 0x00, 0x00, 0x00, 0x00, 0x00,
  0x00, 0x00, 0x00, 0x00, 0x00, 0x00, 0x00, 0x00, 0x00, 0x00, 0x00, 0x00, 0x00, 0x00, 0x00, 0x00,
  0x00, 0x00, 0x00, 0x00, 0x00, 0x00, 0x00, 0x00, 0x00, 0x00, 0x00, 0x00, 0x00, 0x00, 0x00, 0x00,
  0x00, 0x00, 0x00, 0x00, 0x00, 0x00, 0x00, 0x00, 0x00, 0x00, 0x00, 0x00, 0x00, 0x00, 0x00, 0x00,
  0x00, 0x00, 0x00, 0x00, 0x00, 0x00, 0x00, 0x00, 0x00, 0x00, 0x00, 0x00, 0x00, 0x00, 0x00, 0x00,
  0x00, 0x00, 0x00, 0x00, 0x00, 0x00, 0x00, 0x00, 0x00, 0x00, 0x00, 0x00, 0x00, 0x00, 0x00, 0x00,
  0x00, 0x00, 0x00, 0x00, 0x00, 0x00, 0x00, 0x00, 0x00, 0x00, 0x00, 0x00, 0x00, 0x00, 0x00, 0x00,
  0x00, 0x00, 0x00, 0x00, 0x00, 0x00, 0x00, 0x00, 0x00, 0x00, 0x00, 0x00, 0x00, 0x00, 0x00, 0x00,
  0x00, 0x00, 0x00, 0x00, 0x00, 0x00, 0x00, 0x00, 0x00, 0x00, 0x00, 0x00, 0x00, 0x00, 0x00, 0x00,
  0x00, 0x00, 0x00, 0x00, 0x00, 0x00, 0x00, 0x00, 0x00, 0x00, 0x00, 0x00, 0x00, 0x00, 0x00, 0x00,
  0x00, 0x00, 0x00, 0x00, 0x00, 0x00, 0x00, 0x00, 0x00, 0x00, 0x00, 0x00, 0x00, 0x00, 0x00, 0x00,
  0x00, 0x00, 0x00, 0x00, 0x00, 0x00, 0x00, 0x00, 0x00, 0x00, 0x00, 0x00, 0x00, 0x00, 0x00, 0x00,
  0x00, 0x00, 0x00, 0x00, 0x00, 0x00, 0x00, 0x00, 0x00, 0x00, 0x00, 0x00, 0x00, 0x00, 0x00, 0x00,
  0x00, 0x00, 0x00, 0x00, 0x00, 0x00, 0x00, 0x00, 0x00, 0x00, 0x00, 0x00, 0x00, 0x00, 0x00, 0x00,
  0x00, 0x00, 0x00, 0x00, 0x00, 0x00, 0x00, 0x00, 0x00, 0x00, 0x00, 0x00, 0x00, 0x00, 0x00, 0x00,
  0x00, 0x00, 0x00, 0x00, 0x00, 0x00, 0x00, 0x00, 0x00, 0x00, 0x00, 0x00, 0x00, 0x00, 0x00, 0x00,
  0x00, 0x00, 0x00, 0x00, 0x00, 0x00, 0x00, 0x00, 0x00, 0x00, 0x00, 0x00, 0x00, 0x00, 0x00, 0x00,
  0x00, 0x00, 0x00, 0x00, 0x00, 0x00, 0x00, 0x00, 0x00, 0x00, 0x00, 0x00, 0x00, 0x00, 0x00, 0x00,
  0x00, 0x00, 0x00, 0x00, 0x00, 0x00, 0x00, 0x00, 0x00, 0x00, 0x00, 0x00, 0x00, 0x00, 0x00, 0x00,
  0x00, 0x00, 0x00, 0x00, 0x00, 0x00, 0x00, 0x00, 0x00, 0x00, 0x00, 0x00, 0x00, 0x00, 0x00, 0x00,
  0x00, 0x00, 0x00, 0x00, 0x00, 0x00, 0x00, 0x00, 0x00, 0x00, 0x00, 0x00, 0x00, 0x00, 0x00, 0x00,
  0x00, 0x00, 0x00, 0x00, 0x00, 0x00, 0x00, 0x00, 0x00, 0x00, 0x00, 0x00, 0x00, 0x00, 0x00, 0x00,
  0x00, 0x00, 0x00, 0x00, 0x00, 0x00, 0x00, 0x00, 0x00, 0x00, 0x00, 0x00, 0x00, 0x00, 0x00, 0x00,
  0x00, 0x00, 0x00, 0x00, 0x00, 0x00, 0x00, 0x00, 0x00, 0x00, 0x00, 0x00, 0x00, 0x00, 0x00, 0x00,
  0x00, 0x00, 0x00, 0x00, 0x00, 0x00, 0x00, 0x00, 0x00, 0x00, 0x00, 0x00, 0x00, 0x00, 0x00, 0x00,
  0x00, 0x00, 0x00, 0x00, 0x00, 0x00, 0x00, 0x00, 0x00, 0x00, 0x00, 0x00, 0x00, 0x00, 0x00, 0x00,
  0x00, 0x00, 0x00, 0x00, 0x00, 0x00, 0x00, 0x00, 0x00, 0x00, 0x00, 0x00, 0x00, 0x00, 0x00, 0x00,
  0x00, 0x00, 0x00, 0x00, 0x00, 0x00, 0x00, 0x00, 0x00, 0x00, 0x00, 0x00, 0x00, 0x00, 0x00, 0x00,
  0x00, 0x00, 0x00, 0x00, 0x00, 0x00, 0x00, 0x00, 0x00, 0x00, 0x00, 0x00, 0x00, 0x00, 0x00, 0x00,
  0x00, 0x00, 0x00, 0x00, 0x00, 0x00, 0x00, 0x00, 0x00, 0x00, 0x00, 0x00, 0x00, 0x00, 0x00, 0x00,
  0x00, 0x00, 0x00, 0x00, 0x00, 0x00, 0x00, 0x00, 0x00, 0x00, 0x00, 0x00, 0x00, 0x00, 0x00, 0x00,
  0x00, 0x00, 0x00, 0x00, 0x00, 0x00, 0x00, 0x00, 0x00, 0x00, 0x00, 0x00, 0x00, 0x00, 0x00, 0x00,
  0x00, 0x00, 0x00, 0x00, 0x00, 0x00, 0x00, 0x00, 0x00, 0x00, 0x00, 0x00, 0x00, 0x00, 0x00, 0x00,
  0x00, 0x00, 0x00, 0x00, 0x00, 0x00, 0x00, 0x00, 0x00, 0x00, 0x00, 0x00, 0x00, 0x00, 0x00, 0x00,
  0x00, 0x00, 0x00, 0x00, 0x00, 0x00, 0x00, 0x00, 0x00, 0x00, 0x00, 0x00, 0x00, 0x00, 0x00, 0x00,
  0x00, 0x00, 0x00, 0x00, 0x00, 0x00, 0x00, 0x00, 0x00, 0x00, 0x00, 0x00, 0x00, 0x00, 0x00, 0x00,
  0x00, 0x00, 0x00, 0x00, 0x00, 0x00, 0x00, 0x00, 0x00, 0x00, 0x00, 0x00, 0x00, 0x00, 0x00, 0x00,
  0x00, 0x00, 0x00, 0x00, 0x00, 0x00, 0x00, 0x00, 0x00, 0x00, 0x00, 0x00, 0x00, 0x00, 0x00, 0x00,
  0x00, 0x00, 0x00, 0x00, 0x00, 0x00, 0x00, 0x00, 0x00, 0x00, 0x00, 0x00, 0x00, 0x00, 0x00, 0x00,
  0x00, 0x00, 0x00, 0x00, 0x00, 0x00, 0x00, 0x00, 0x00, 0x00, 0x00, 0x00, 0x00, 0x00, 0x00, 0x00,
#endif
};

const lv_img_dsc_t update_img = {
  .header.cf = LV_IMG_CF_TRUE_COLOR_ALPHA,
  .header.always_zero = 0,
  .header.reserved = 0,
  .header.w = 64,
  .header.h = 64,
  .data_size = 4096 * LV_IMG_PX_SIZE_ALPHA_BYTE,
  .data = update_img_map,
};
